date,wait_time_mean,wait_time_max,wait_time_std,total_guests,temp_mean,temp_min,temp_max,feels_like_mean,humidity_mean,wind_speed_mean,wind_speed_max,pressure_mean,clouds_mean,rain_total,snow_total,visibility_mean,weather_main,temp_category,has_rain,has_snow
2018-01-01,14.3484555984556,150,19.117674367697475,212634.834,7.40125,6.35,9.12,3.295,82.58333333333333,8.057083333333333,9.89,1005.5833333333334,65.375,8.02,0.0,,Clouds,0-10°C,True,False
2018-01-02,22.915057915057915,120,23.674346330230858,266828.6609,7.88375,5.76,12.04,5.288333333333333,87.5,5.613333333333333,8.36,1013.3333333333334,79.20833333333333,2.3400000000000003,0.0,,Clouds,0-10°C,True,False
2018-01-03,23.846525096525095,120,27.341070492464695,235157.1333,9.614583333333334,7.11,13.46,6.842083333333334,79.95833333333333,8.825833333333334,12.06,1005.75,79.5,9.07,0.0,,Rain,0-10°C,True,False
2018-01-04,21.795366795366796,120,23.995726678960846,261887.1636,10.922916666666666,7.37,14.05,9.629166666666666,89.91666666666667,7.00875,9.59,1002.5416666666666,96.04166666666667,14.11,0.0,,Rain,10-15°C,True,False
2018-01-05,25.622586872586872,120,25.708660618061757,270942.473,8.586666666666668,5.0,10.34,6.198333333333333,88.0,4.847916666666666,7.61,1001.0833333333334,97.79166666666667,1.97,0.0,,Clouds,0-10°C,True,False
2018-01-06,20.43918918918919,100,21.783141030217973,271638.1694,6.712083333333333,5.11,7.8,5.159583333333333,94.83333333333333,2.4033333333333333,4.19,1006.5833333333334,99.29166666666667,1.18,0.0,,Clouds,0-10°C,True,False
2018-01-07,13.692084942084943,120,16.07871676718355,238267.4978,6.044999999999999,5.56,6.54,2.2083333333333335,88.58333333333333,6.077083333333333,7.42,1015.4166666666666,99.70833333333333,2.56,0.0,,Clouds,0-10°C,True,False
2018-01-08,11.537162162162161,95,16.70358416786286,162197.3315,5.852916666666666,4.76,8.09,2.8825000000000003,89.33333333333333,4.083333333333333,5.03,1016.2083333333334,90.625,0.34,0.0,,Clouds,0-10°C,True,False
2018-01-09,9.307432432432432,120,14.258277823760386,150503.8331,5.6620833333333325,3.01,8.1,3.6679166666666667,93.91666666666667,2.8683333333333336,4.49,1009.75,98.75,1.2,0.0,,Clouds,0-10°C,True,False
2018-01-10,8.482142857142858,125,13.311107448278696,148593.5003,7.5025,6.26,9.08,5.552499999999999,92.04166666666667,3.0833333333333335,4.57,1008.625,91.79166666666667,5.03,0.0,,Clouds,0-10°C,True,False
2018-01-11,8.269787644787645,80,12.31276358622064,148286.3279,6.2508333333333335,5.23,7.4,4.88375,96.75,2.0625,3.22,1016.0,85.125,1.27,0.0,,Clouds,0-10°C,True,False
2018-01-12,11.076254826254827,100,15.7271820369234,145414.1998,5.175833333333333,2.99,5.97,3.4258333333333333,93.45833333333333,2.459166666666667,3.91,1025.0833333333333,98.45833333333333,0.0,0.0,,Clouds,0-10°C,False,False
2018-01-13,19.247104247104247,100,23.87371695987438,193573.1638,3.69,1.98,5.55,0.9554166666666667,92.33333333333333,3.0870833333333336,5.03,1020.25,72.875,0.0,0.0,,Clouds,0-10°C,False,False
2018-01-14,18.250482625482626,300,24.103260472131826,183954.9269,3.4295833333333334,0.36,7.94,2.005,89.41666666666667,1.5820833333333333,2.37,1017.3333333333334,56.875,0.0,0.0,,Clouds,0-10°C,False,False
2018-01-15,9.47635135135135,80,14.989241936699074,137593.0991,6.743333333333333,4.24,9.69,3.0216666666666665,90.95833333333333,6.853750000000001,10.71,1009.5416666666666,89.08333333333333,6.51,0.0,,Clouds,0-10°C,True,False
2018-01-16,8.081563706563706,90,12.330927379183816,134289.3002,7.417083333333333,4.81,9.84,3.5087499999999996,84.875,7.395833333333333,8.21,1002.0,80.70833333333333,9.28,0.0,,Rain,0-10°C,True,False
2018-01-17,7.533783783783784,110,12.109623915456577,143296.1677,5.28125,3.2,7.97,0.7720833333333333,78.625,7.318333333333334,8.92,1010.9583333333334,55.791666666666664,2.5,0.0,,Clouds,0-10°C,True,False
2018-01-18,6.100386100386101,55,9.59189259325704,144604.1673,8.402916666666666,5.8,10.71,5.602916666666666,87.625,7.28875,10.27,1007.5833333333334,83.70833333333333,9.59,0.0,,Rain,0-10°C,True,False
2018-01-19,7.726833976833976,80,11.890238968522862,151275.5008,4.79875,3.74,6.22,1.4445833333333333,86.75,4.308333333333334,4.93,1013.5416666666666,48.583333333333336,1.1600000000000001,0.0,,Clouds,0-10°C,True,False
2018-01-20,15.637065637065637,100,20.783297919459635,189385.0008,6.844166666666666,3.57,10.42,3.7175,92.625,5.93875,8.17,1005.2916666666666,95.125,10.92,0.0,,Rain,0-10°C,True,False
2018-01-21,13.416988416988417,120,20.16479333875861,173440.3084,6.652083333333334,4.82,10.78,4.6575,93.625,3.731666666666667,6.89,1014.5,99.79166666666667,11.74,0.0,,Rain,0-10°C,True,False
2018-01-22,8.868243243243244,90,13.749518764334974,143516.6472,10.481666666666667,8.3,12.15,9.644583333333333,91.83333333333333,5.070833333333334,7.16,1014.1666666666666,79.95833333333333,17.3,0.0,,Rain,10-15°C,True,False
2018-01-23,7.528957528957529,75,11.23147141061433,157622.6658,9.371666666666668,7.72,11.84,7.7370833333333335,91.08333333333333,4.58375,5.98,1024.1666666666667,84.83333333333333,0.11,0.0,,Clouds,0-10°C,True,False
2018-01-24,7.502413127413128,80,11.261562284881435,149498.2649,11.833333333333334,10.76,13.04,11.350416666666668,87.25,6.6570833333333335,7.77,1018.6666666666666,92.54166666666667,0.33,0.0,,Clouds,10-15°C,True,False
2018-01-25,6.802606177606178,60,10.279584290018102,146391.9411,8.622916666666667,7.56,9.75,6.549166666666667,93.20833333333333,3.73625,7.39,1014.1666666666666,100.0,11.58,0.0,,Rain,0-10°C,True,False
2018-01-26,10.284749034749035,80,14.516711395457794,166940.4637,6.4312499999999995,4.2,8.98,5.007083333333333,92.0,2.0770833333333334,2.83,1019.625,84.16666666666667,0.0,0.0,,Clouds,0-10°C,False,False
2018-01-27,20.538127413127413,120,25.128111996778227,195170.976,3.8666666666666667,2.74,5.51,1.6454166666666667,95.29166666666667,2.9608333333333334,5.58,1032.2916666666667,81.54166666666667,0.0,0.0,,Clouds,0-10°C,False,False
2018-01-28,18.091216216216218,300,24.589588860254214,186854.4875,7.939166666666666,4.29,10.34,5.668333333333333,93.95833333333333,4.085416666666666,5.39,1036.2916666666667,99.79166666666667,0.11,0.0,,Clouds,0-10°C,True,False
2018-01-29,11.829150579150578,90,17.033320362206943,160771.4945,9.6775,9.04,10.47,8.040833333333333,89.45833333333333,3.99,5.83,1033.2083333333333,98.95833333333333,0.22,0.0,,Clouds,0-10°C,True,False
2018-01-30,7.808880308880309,75,12.582941949460187,149598.6686,9.37875,8.47,10.68,8.206249999999999,91.95833333333333,2.8141666666666665,4.96,1029.0,95.25,1.06,0.0,,Clouds,0-10°C,True,False
2018-01-31,5.405405405405405,75,9.748390882568911,117353.4925,7.857083333333333,4.65,9.05,4.432083333333334,91.625,6.402916666666666,8.58,1013.125,94.75,13.79,0.0,,Rain,0-10°C,True,False
2018-02-01,8.342181467181467,105,12.57868318087519,154781.9752,3.890833333333333,2.13,7.48,0.4675,86.45833333333333,4.1154166666666665,5.17,1005.7083333333334,41.583333333333336,0.5,0.0,,Clouds,0-10°C,True,False
2018-02-02,9.23503861003861,60,13.093699691318252,165236.6926,3.964166666666667,2.22,6.06,0.7958333333333334,90.58333333333333,3.7458333333333336,4.93,1009.9166666666666,52.416666666666664,2.03,0.0,,Clouds,0-10°C,True,False
2018-02-03,17.9753861003861,120,22.86759639938226,191668.102,3.3575,1.85,4.45,1.1829166666666666,93.875,2.3625000000000003,3.52,1008.5833333333334,75.25,3.05,0.0,,Rain,0-10°C,True,False
2018-02-04,16.561293436293436,100,22.12595321703083,181509.59649999999,1.8770833333333332,-0.22,3.77,-2.0679166666666666,85.45833333333333,4.557083333333334,7.0,1017.1666666666666,62.0,3.84,1.26,,Rain,0-10°C,True,True
2018-02-05,11.698841698841699,90,17.388953425000594,161121.9981,-0.4816666666666667,-1.96,0.99,-5.046666666666667,84.08333333333333,4.282916666666667,5.57,1019.9583333333334,56.375,0.0,1.88,,Clear,<0°C,False,True
2018-02-06,8.407335907335908,75,13.475019513547727,119985.3541,-0.5775,-1.23,0.17,-4.8933333333333335,96.91666666666667,3.888333333333333,4.89,1011.5416666666666,99.29166666666667,0.0,9.93,,Snow,<0°C,False,True
2018-02-07,6.976351351351352,90,12.224399558901526,89258.4164,-1.6608333333333334,-4.42,-0.14,-5.946666666666666,92.41666666666667,3.5629166666666667,4.31,1016.0416666666666,79.16666666666667,0.0,3.77,,Clouds,<0°C,False,True
2018-02-08,9.536679536679536,90,15.474238531008243,120439.1856,-2.3745833333333333,-6.93,2.74,-5.218333333333333,88.04166666666667,2.1483333333333334,3.33,1021.4583333333334,20.75,0.0,0.0,,Clear,<0°C,False,False
2018-02-09,9.473938223938225,180,16.433977367101697,120892.8324,-1.4275,-4.71,1.11,-5.810833333333334,93.91666666666667,3.7716666666666665,4.93,1015.6666666666666,64.66666666666667,0.0,4.58,,Clouds,<0°C,False,True
2018-02-10,19.191602316602317,145,25.615276913156094,155013.6651,1.4379166666666665,-3.03,5.1,-2.32,89.70833333333333,3.950416666666667,7.5,1018.4166666666666,56.083333333333336,2.0,0.1,,Clouds,0-10°C,True,True
2018-02-11,18.407335907335906,115,22.37842532628511,198308.1669,4.017083333333333,0.76,7.49,0.016666666666666646,90.5,5.309583333333333,7.54,1008.9166666666666,90.79166666666667,5.87,0.0,,Clouds,0-10°C,True,False
2018-02-12,20.033783783783782,120,24.369377400124442,183087.5365,1.8770833333333332,-0.82,6.13,-1.3879166666666667,81.54166666666667,3.202916666666667,4.07,1018.0,20.5,0.0,0.0,,Clear,0-10°C,False,False
2018-02-13,16.795366795366796,160,21.929733222029707,129984.4881,0.9408333333333334,-1.23,4.42,-3.50125,83.58333333333333,4.834583333333334,7.11,1010.8333333333334,69.08333333333333,0.6299999999999999,1.1400000000000001,,Clouds,0-10°C,True,True
2018-02-14,15.200289575289576,180,20.058363416261052,198825.3313,2.34875,0.63,4.35,-1.2420833333333334,88.41666666666667,4.136666666666667,6.67,1012.375,93.08333333333333,1.53,0.0,,Clouds,0-10°C,True,False
2018-02-15,15.400579150579151,120,20.73804239479779,190107.7562,7.580416666666667,3.79,10.91,5.527083333333334,94.625,3.5879166666666666,5.83,1014.0833333333334,99.95833333333333,11.8,0.0,,Rain,0-10°C,True,False
2018-02-16,16.55888030888031,300,20.874933003732988,202454.1672,5.167916666666667,1.47,8.76,3.495416666666667,82.20833333333333,2.1891666666666665,4.11,1025.5,81.0,0.0,0.0,,Clouds,0-10°C,False,False
2018-02-17,21.768822393822393,120,24.236703592420856,238066.5364,4.601666666666667,1.03,8.54,2.5854166666666667,83.125,2.441666666666667,3.77,1021.4166666666666,68.625,6.02,0.0,,Clouds,0-10°C,True,False
2018-02-18,20.04826254826255,120,22.846613148852775,215566.9319,3.0741666666666667,-0.13,8.1,0.6729166666666666,88.04166666666667,2.505,3.23,1024.3333333333333,72.04166666666667,0.0,0.0,,Clouds,0-10°C,False,False
2018-02-19,14.797297297297296,120,19.24347625809409,196338.3904,2.6641666666666666,-0.46,4.97,0.58875,88.875,2.0575,2.52,1018.9583333333334,99.41666666666667,3.59,0.0,,Clouds,0-10°C,True,False
2018-02-20,13.438706563706564,120,17.65425518368248,191028.6017,4.0687500000000005,2.76,6.48,1.75,88.58333333333333,2.61,3.67,1017.2083333333334,89.75,1.17,0.0,,Clouds,0-10°C,True,False
2018-02-21,14.577702702702704,125,18.71803394376334,194141.9996,1.70125,-0.81,4.76,-2.4737500000000003,79.33333333333333,4.495416666666666,5.61,1021.5416666666666,14.0,0.0,0.0,,Clear,0-10°C,False,False
2018-02-22,15.412644787644787,90,19.456301104861485,190112.735,0.8325,-2.2,4.74,-3.7816666666666667,71.25,4.922083333333333,6.72,1018.4166666666666,5.75,0.0,0.0,,Clear,0-10°C,False,False
2018-02-23,14.186776061776062,100,18.366470585006912,183836.6672,0.1745833333333333,-2.62,3.67,-4.589583333333334,65.125,4.859166666666667,6.06,1016.25,0.4583333333333333,0.0,0.0,,Clear,0-10°C,False,False
2018-02-24,19.91554054054054,90,22.358090705329314,222339.3362,1.13625,-2.59,5.56,-3.6529166666666666,58.25,5.40125,6.39,1016.2916666666666,3.625,0.0,0.0,,Clear,0-10°C,False,False
2018-02-25,18.54488416988417,100,22.08241253567096,191588.8789,-0.39333333333333337,-2.79,2.78,-5.739583333333333,51.208333333333336,5.646249999999999,6.99,1021.9583333333334,1.0,0.0,0.0,,Clear,<0°C,False,False
2018-02-26,17.644787644787645,120,22.244922637568497,184620.6878,-2.9675,-4.9,-0.41,-9.202916666666667,54.625,6.102083333333333,8.11,1023.9166666666666,35.125,0.0,0.0,,Clear,<0°C,False,False
2018-02-27,17.309362934362934,120,23.262143688835604,169087.8867,-4.957916666666667,-7.14,-2.19,-10.279583333333333,63.916666666666664,4.051666666666667,5.97,1019.5833333333334,67.45833333333333,0.0,0.0,,Clouds,<0°C,False,False
2018-02-28,14.857625482625483,100,20.44864962818595,179268.6397,-4.640833333333334,-8.57,-1.33,-10.86625,56.166666666666664,5.577083333333333,7.45,1011.25,47.916666666666664,0.0,0.12,,Clouds,<0°C,False,True
2018-03-01,15.711872586872587,110,21.105663993342766,159604.4743,-1.3429166666666665,-5.2,1.96,-7.351666666666667,73.70833333333333,6.4325,7.53,995.625,98.91666666666667,0.0,2.13,,Clouds,<0°C,False,True
2018-03-02,15.258204633204633,90,19.677958419811187,187894.2166,3.4150000000000005,0.78,8.93,-0.2958333333333334,81.45833333333333,4.479166666666667,6.46,990.7916666666666,82.875,1.26,2.79,,Clouds,0-10°C,True,True
2018-03-03,21.971525096525095,90,24.259892922808216,229561.8364,4.877916666666667,0.58,10.19,1.9541666666666666,84.45833333333333,3.5933333333333333,4.83,993.2083333333334,66.20833333333333,0.47,0.0,,Clouds,0-10°C,True,False
2018-03-04,16.570945945945947,90,20.140280259133423,212049.8913,5.014166666666667,2.58,7.35,2.0520833333333335,93.20833333333333,3.7570833333333336,4.94,993.9583333333334,76.16666666666667,2.92,0.0,,Clouds,0-10°C,True,False
2018-03-05,20.014478764478763,120,23.38299891296497,206554.6309,7.99625,4.3,12.44,6.185416666666666,82.54166666666667,2.9612499999999997,4.1,992.2083333333334,84.29166666666667,0.0,0.0,,Clouds,0-10°C,False,False
2018-03-06,19.02992277992278,100,23.0900044928177,193892.3317,7.888750000000001,5.29,11.18,5.817083333333334,84.79166666666667,3.3983333333333334,4.1,991.25,84.41666666666667,0.28,0.0,,Clouds,0-10°C,True,False
2018-03-07,14.99034749034749,120,19.800426361311494,183928.0023,6.0825,4.15,9.14,3.0491666666666664,88.08333333333333,4.45125,6.08,997.4166666666666,75.0,5.98,0.0,,Rain,0-10°C,True,False
2018-03-08,18.07915057915058,150,24.141513213029587,184073.8355,5.978333333333333,3.74,9.77,2.9433333333333334,86.20833333333333,4.8533333333333335,8.73,1004.0833333333334,77.08333333333333,4.43,0.0,,Clouds,0-10°C,True,False
2018-03-09,16.747104247104247,95,20.883150601770893,196162.6666,9.299583333333333,5.23,13.35,8.194166666666666,85.66666666666667,3.34125,4.69,1004.9166666666666,89.91666666666667,4.4399999999999995,0.0,,Clouds,0-10°C,True,False
2018-03-10,23.687258687258687,120,26.488787963926328,217686.834,13.030416666666667,10.67,16.96,12.6225,85.54166666666667,3.9458333333333333,5.09,999.6666666666666,97.375,6.09,0.0,,Clouds,10-15°C,True,False
2018-03-11,20.106177606177607,100,23.172214843776214,212552.1685,13.246250000000002,10.07,17.41,12.78125,82.5,3.5725,5.5,993.2083333333334,73.16666666666667,10.37,0.0,,Clouds,10-15°C,True,False
2018-03-12,14.958976833976834,90,19.205884854702607,172819.4008,10.481666666666667,8.47,12.23,9.134583333333333,79.08333333333333,6.954583333333333,8.7,995.0833333333334,66.0,4.88,0.0,,Clouds,10-15°C,True,False
2018-03-13,12.591698841698841,120,17.220312100153446,179134.0277,9.002083333333333,7.32,11.77,6.923749999999999,81.79166666666667,4.4904166666666665,6.68,1008.5,81.20833333333333,2.47,0.0,,Clouds,0-10°C,True,False
2018-03-14,12.811293436293436,90,16.37912746104393,194972.7318,8.8825,2.69,13.58,7.30375,74.70833333333333,4.4675,6.71,1006.0416666666666,77.58333333333333,0.0,0.0,,Clouds,0-10°C,False,False
2018-03-15,10.97972972972973,75,14.243538585218527,189145.6655,10.011666666666667,8.67,12.97,8.207916666666668,83.45833333333333,3.984583333333333,5.02,993.125,93.0,4.54,0.0,,Clouds,10-15°C,True,False
2018-03-16,17.784749034749034,120,21.342915398242145,195886.8332,9.335416666666667,6.69,12.96,7.822916666666667,82.625,2.9516666666666667,5.08,1001.1666666666666,78.29166666666667,0.38,0.0,,Clouds,0-10°C,True,False
2018-03-17,26.071428571428573,300,31.53004306880242,232736.9992,3.73875,0.25,7.07,0.7954166666666667,93.16666666666667,3.3216666666666668,5.12,999.375,99.29166666666667,1.65,1.87,,Clouds,0-10°C,True,True
2018-03-18,19.705598455598455,125,24.448236738117707,206907.1653,-0.44249999999999995,-1.41,1.08,-4.194999999999999,86.08333333333333,3.36875,4.77,1003.875,97.25,0.0,1.35,,Clouds,<0°C,False,True
2018-03-19,14.621138996138995,100,19.604091972657507,169820.5005,-0.26416666666666666,-2.38,1.05,-3.484166666666667,85.125,2.8874999999999997,4.45,1009.4583333333334,97.375,0.0,0.6100000000000001,,Clouds,<0°C,False,True
2018-03-20,15.188223938223938,180,20.74920478267821,185859.4936,2.48,-2.2,7.49,-2.0308333333333333,66.45833333333333,5.526666666666666,7.6,1021.7916666666666,40.625,0.16,0.0,,Clouds,0-10°C,True,False
2018-03-21,13.943050193050192,120,18.0345887951334,185664.3332,3.1304166666666666,-0.11,7.61,-0.1529166666666667,75.75,3.6508333333333334,4.87,1030.2916666666667,35.583333333333336,0.0,0.0,,Clouds,0-10°C,False,False
2018-03-22,15.383687258687258,90,19.238521239508607,184798.3329,4.52125,-0.53,7.78,1.7479166666666668,81.95833333333333,3.469583333333333,4.95,1022.2916666666666,96.04166666666667,0.0,0.0,,Clouds,0-10°C,False,False
2018-03-23,13.677606177606178,120,18.66470318065988,197867.9998,5.689166666666666,4.57,6.74,3.0925,81.875,3.5683333333333334,5.37,1008.0416666666666,91.91666666666667,0.0,0.0,,Clouds,0-10°C,False,False
2018-03-24,31.889478764478763,200,34.7810124487687,241650.1669,8.298333333333334,5.08,12.62,6.627916666666667,73.41666666666667,2.5325,3.67,999.3333333333334,67.83333333333333,0.19,0.0,,Clouds,0-10°C,True,False
2018-03-25,23.68243243243243,120,26.4953832019673,234168.9998,9.856666666666667,5.24,15.21,8.840416666666668,72.5,2.0725000000000002,3.43,1007.5833333333334,45.375,0.0,0.0,,Clouds,0-10°C,False,False
2018-03-26,18.8996138996139,125,23.28202502732149,206610.2994,8.925416666666667,5.5,12.51,7.310416666666666,70.83333333333333,2.8329166666666663,3.9,1016.875,59.0,1.29,0.0,,Clouds,0-10°C,True,False
2018-03-27,14.587355212355213,90,20.373411592234557,183961.6653,8.300833333333333,5.48,12.56,6.240416666666667,88.41666666666667,4.3637500000000005,6.06,1012.375,99.25,7.12,0.0,,Clouds,0-10°C,True,False
2018-03-28,13.805501930501931,300,20.09956647098588,177383.3061,8.150416666666667,3.35,13.24,5.989999999999999,85.66666666666667,4.815416666666667,7.93,1006.5416666666666,83.45833333333333,10.02,0.0,,Clouds,0-10°C,True,False
2018-03-29,20.786679536679536,120,26.401952874261127,201281.1421,6.997916666666666,2.32,11.28,4.949583333333333,77.58333333333333,3.7595833333333335,6.59,1006.3333333333334,64.375,0.9,0.0,,Clouds,0-10°C,True,False
2018-03-30,20.16650579150579,120,26.015517000818193,197354.1654,7.2683333333333335,4.89,10.45,4.639583333333333,81.625,4.446666666666666,7.9,998.0416666666666,74.29166666666667,2.84,0.0,,Clouds,0-10°C,True,False
2018-03-31,21.85810810810811,120,24.527857257484754,238299.3403,7.28625,4.01,10.46,5.171666666666667,79.08333333333333,3.4154166666666668,4.68,1000.75,83.0,0.27,0.0,,Clouds,0-10°C,True,False
2018-04-01,23.185328185328185,120,24.67976290883928,246301.1667,7.777083333333334,5.71,10.38,5.460416666666667,72.95833333333333,3.7554166666666666,5.86,1012.4166666666666,80.70833333333333,0.85,0.0,,Clouds,0-10°C,True,False
2018-04-02,22.0246138996139,120,23.79679937305251,229086.5075,10.91625,6.79,15.04,9.375833333333334,67.125,4.224583333333333,5.18,1004.5416666666666,97.91666666666667,2.46,0.0,,Clouds,10-15°C,True,False
2018-04-03,21.780888030888033,120,24.7540145763583,211963.0001,11.24375,7.58,14.19,10.181666666666667,79.83333333333333,5.154166666666667,7.5,1001.1666666666666,76.33333333333333,7.909999999999999,0.0,,Clouds,10-15°C,True,False
2018-04-04,19.98069498069498,300,23.980408346222625,205986.3356,10.683750000000002,8.05,14.16,9.290000000000001,82.16666666666667,5.510833333333333,7.3,1001.5,80.54166666666667,3.72,0.0,,Rain,10-15°C,True,False
2018-04-05,20.818050193050194,120,24.044145028489314,223923.6677,8.528333333333334,5.48,10.64,6.252083333333334,72.58333333333333,3.9525,6.59,1016.0416666666666,87.54166666666667,0.4,0.0,,Clouds,0-10°C,True,False
2018-04-06,22.743725868725868,120,25.944978724637064,226692.1335,11.332083333333335,4.0,18.54,9.422916666666667,65.25,4.793333333333333,5.64,1013.0416666666666,33.916666666666664,0.0,0.0,,Clouds,10-15°C,False,False
2018-04-07,22.51689189189189,120,23.79799309839473,238411.6652,15.56875,10.53,20.67,14.930416666666666,67.0,3.10375,4.47,1007.9583333333334,68.33333333333333,1.2000000000000002,0.0,,Clouds,15-20°C,True,False
2018-04-08,20.36438223938224,100,21.646382093882423,231758.00029999999,15.747916666666667,10.6,22.37,15.157916666666667,68.16666666666667,2.6683333333333334,4.02,1006.3333333333334,72.625,0.33999999999999997,0.0,,Clouds,15-20°C,True,False
2018-04-09,15.871138996138995,90,19.362767166591752,207206.8308,12.114583333333334,10.58,14.11,11.768749999999999,91.41666666666667,2.250833333333333,4.09,1005.2916666666666,99.29166666666667,9.63,0.0,,Rain,10-15°C,True,False
2018-04-10,21.20415057915058,300,25.77687797426139,206789.6666,12.234166666666667,9.32,15.38,11.230416666666668,77.16666666666667,4.23625,6.28,1000.9166666666666,57.583333333333336,0.41,0.0,,Clouds,10-15°C,True,False
2018-04-11,18.216698841698843,150,21.411284882931188,236461.2537,12.530416666666667,6.38,17.83,11.24375,68.625,2.76625,3.51,1003.5,67.875,0.0,0.0,,Clouds,10-15°C,False,False
2018-04-12,15.579150579150578,120,20.833142022292574,230063.9328,10.729583333333332,8.13,13.51,9.765,84.91666666666667,1.8062500000000001,3.83,1000.375,84.25,4.73,0.0,,Clouds,10-15°C,True,False
2018-04-13,16.89430501930502,130,20.340413597107954,236354.1042,12.650416666666667,8.17,17.61,11.922083333333333,80.5,2.445,3.62,1008.375,61.833333333333336,0.0,0.0,,Clouds,10-15°C,False,False
2018-04-14,21.679536679536678,150,24.01567985658598,256940.4647,12.07875,7.79,16.28,11.387500000000001,83.5,2.5316666666666667,3.74,1016.375,67.16666666666667,0.46,0.0,,Clouds,10-15°C,True,False
2018-04-15,17.7027027027027,120,20.977614069863982,249669.534,13.084166666666667,8.04,17.18,12.245,80.0,3.060833333333333,3.92,1012.875,67.625,0.0,0.0,,Clouds,10-15°C,False,False
2018-04-16,15.248552123552123,75,16.49659396910588,238679.7346,12.082500000000001,8.03,16.2,11.185833333333333,75.95833333333333,2.1475,3.1,1017.3333333333334,88.25,0.0,0.0,,Clouds,10-15°C,False,False
2018-04-17,17.28281853281853,120,18.80742156463975,240987.3867,14.573333333333332,6.09,21.79,13.745833333333332,69.625,2.3554166666666667,3.37,1024.6666666666667,33.541666666666664,0.0,0.0,,Clouds,10-15°C,False,False
2018-04-18,14.659749034749035,120,16.815313475988205,227741.7293,17.865416666666665,8.49,25.68,17.280416666666667,61.541666666666664,3.2695833333333333,4.32,1027.0,12.416666666666666,0.0,0.0,,Clear,15-20°C,False,False
2018-04-19,16.143822393822393,100,17.925878034180144,214580.1315,20.255,12.16,27.69,19.964166666666667,62.458333333333336,2.299583333333333,3.57,1024.2083333333333,5.375,0.0,0.0,,Clear,20-25°C,False,False
2018-04-20,13.904440154440154,90,15.967329621275619,219002.5004,21.012916666666666,12.8,27.98,20.772916666666667,62.208333333333336,1.8733333333333333,3.3,1022.6666666666666,6.541666666666667,0.0,0.0,,Clear,20-25°C,False,False
2018-04-21,20.35472972972973,300,24.84052732925541,232203.167,20.2825,12.98,26.41,20.07375,64.0,2.21875,3.15,1018.9166666666666,18.916666666666668,0.0,0.0,,Clouds,20-25°C,False,False
2018-04-22,16.187258687258687,90,17.367548614347562,234860.3335,20.437083333333334,14.98,26.48,20.28,66.54166666666667,3.7795833333333335,5.4,1013.125,36.0,0.11,0.0,,Clouds,20-25°C,True,False
2018-04-23,15.61534749034749,95,17.04568848335163,234003.3342,15.060833333333333,11.07,18.66,14.537083333333333,73.375,2.8166666666666664,4.04,1018.4166666666666,87.70833333333333,0.0,0.0,,Clouds,15-20°C,False,False
2018-04-24,17.39864864864865,120,19.122198670581994,226063.6643,14.844166666666666,8.87,20.66,14.378333333333332,73.45833333333333,2.5749999999999997,3.98,1017.9583333333334,70.79166666666667,0.0,0.0,,Clouds,10-15°C,False,False
2018-04-25,14.102316602316602,95,16.52486397366979,216368.8354,13.21875,9.85,16.12,12.625833333333333,79.45833333333333,4.19625,5.65,1016.0833333333334,46.208333333333336,3.38,0.0,,Clouds,10-15°C,True,False
2018-04-26,20.38368725868726,120,22.08276395399964,236460.5008,11.164166666666667,6.33,15.27,9.636666666666667,68.0,3.422083333333333,4.93,1020.0416666666666,53.958333333333336,0.11,0.0,,Clouds,10-15°C,True,False
2018-04-27,19.613899613899616,205,21.201148804218132,235016.6676,13.2525,6.47,18.97,12.157916666666667,62.208333333333336,4.7325,7.15,1010.375,66.375,0.0,0.0,,Clouds,10-15°C,False,False
2018-04-28,22.485521235521237,200,23.569652529179177,242851.5002,12.796666666666667,10.48,15.44,12.040416666666667,73.08333333333333,3.964166666666667,6.71,1011.4166666666666,82.25,0.11,0.0,,Clouds,10-15°C,True,False
2018-04-29,18.09604247104247,120,21.37774904653438,214733.1648,10.424166666666666,9.07,11.76,9.917916666666667,95.125,3.0658333333333334,4.43,1003.9166666666666,99.875,26.19,0.0,,Rain,10-15°C,True,False
2018-04-30,17.9753861003861,120,25.04878624344853,198020.1669,6.276666666666666,4.63,10.02,2.36375,93.33333333333333,6.810833333333334,9.83,1004.0,99.95833333333333,13.8,0.0,,Rain,0-10°C,True,False
2018-05-01,22.830598455598455,120,24.11117758685335,242207.6626,8.604166666666666,4.17,13.24,6.78125,77.875,3.0941666666666667,4.14,1013.9583333333334,89.08333333333333,0.22999999999999998,0.0,,Clouds,0-10°C,True,False
2018-05-02,18.202220077220076,120,19.699312218379156,232960.0017,10.957916666666668,3.51,16.63,9.58,72.58333333333333,3.80125,5.58,1012.375,40.0,0.28,0.0,,Clear,10-15°C,True,False
2018-05-03,19.997586872586872,120,21.5124074328269,241483.5003,11.525833333333333,6.16,16.17,10.120833333333334,70.16666666666667,3.795,4.72,1017.875,35.375,0.0,0.0,,Clouds,10-15°C,False,False
2018-05-04,16.84604247104247,205,19.762152683373273,227364.8329,12.801666666666668,5.93,18.79,11.39625,65.54166666666667,4.576666666666667,5.88,1020.9166666666666,0.0,0.0,0.0,,Clear,10-15°C,False,False
2018-05-05,19.360521235521237,255,21.806152816249227,245633.0011,16.26125,8.33,23.08,15.457500000000001,67.75,4.1875,5.46,1020.2916666666666,0.0,0.0,0.0,,Clear,15-20°C,False,False
2018-05-06,18.4242277992278,300,21.287960427934465,239470.8348,19.662916666666668,11.56,26.59,19.426666666666666,66.75,3.061666666666667,3.9,1018.9166666666666,0.0,0.0,0.0,,Clear,15-20°C,False,False
2018-05-07,20.798745173745175,145,22.09842646687002,243398.9987,19.845000000000002,12.38,25.85,19.431250000000002,59.208333333333336,2.7737499999999997,3.58,1015.3333333333334,0.0,0.0,0.0,,Clear,15-20°C,False,False
2018-05-08,24.360521235521237,200,25.142065595396456,229014.0006,19.857916666666668,12.32,26.87,19.607916666666668,64.41666666666667,2.3783333333333334,5.24,1009.4583333333334,8.541666666666666,0.0,0.0,,Clear,15-20°C,False,False
2018-05-09,20.424710424710426,120,21.489402628143573,236073.3313,16.730833333333333,12.08,22.03,16.4075,74.625,3.5229166666666667,4.58,1009.0,41.083333333333336,0.0,0.0,,Clouds,15-20°C,False,False
2018-05-10,22.982625482625483,300,24.624827348230625,245977.0351,13.307083333333333,9.28,16.58,12.44,66.54166666666667,3.7291666666666665,5.4,1016.2916666666666,66.91666666666667,0.67,0.0,,Clouds,10-15°C,True,False
2018-05-11,25.304054054054053,120,25.82495439316312,246837.8346,14.740833333333333,5.65,20.76,13.845,65.25,2.3329166666666667,3.22,1017.0833333333334,33.75,0.0,0.0,,Clear,10-15°C,False,False
2018-05-12,19.034749034749034,120,21.656078932748407,231925.6668,15.397916666666667,10.06,22.1,15.020416666666668,77.625,2.64625,6.66,1012.5,83.79166666666667,9.0,0.0,,Clouds,15-20°C,True,False
2018-05-13,9.572876447876448,75,12.97951801150174,195124.8672,11.036666666666667,9.02,13.56,10.01375,82.875,3.34375,5.19,1015.4166666666666,98.66666666666667,3.7,0.0,,Clouds,10-15°C,True,False
2018-05-14,8.807915057915057,90,11.552695597305553,170092.3338,11.657499999999999,10.06,13.08,11.174999999999999,87.95833333333333,5.309166666666667,6.68,1014.6666666666666,98.08333333333333,6.83,0.0,,Clouds,10-15°C,True,False
2018-05-15,11.329633204633204,100,14.749835058227694,209985.9176,13.941666666666668,11.17,18.95,13.643333333333333,86.20833333333333,4.089583333333334,5.03,1016.0833333333334,83.375,0.62,0.0,,Clouds,10-15°C,True,False
2018-05-16,10.323359073359073,120,14.67963619088334,185421.8368,14.401666666666666,10.43,21.48,14.051250000000001,82.5,4.630833333333333,6.48,1017.7916666666666,32.291666666666664,4.4,0.0,,Clouds,10-15°C,True,False
2018-05-17,11.911196911196912,90,15.441071299421234,214153.1004,13.267916666666666,9.38,18.33,12.344166666666666,73.125,4.670416666666667,5.37,1022.0416666666666,47.625,0.0,0.0,,Clouds,10-15°C,False,False
2018-05-18,12.837837837837839,300,17.15331938057052,215298.4953,12.091666666666667,5.91,18.12,10.614583333333334,69.41666666666667,3.8754166666666667,4.58,1022.3333333333334,43.625,0.0,0.0,,Clouds,10-15°C,False,False
2018-05-19,18.477316602316602,90,19.36486603721941,251215.5018,12.775833333333333,6.33,18.7,11.47375,72.04166666666667,3.8333333333333335,4.39,1021.4166666666666,5.083333333333333,0.0,0.0,,Clear,10-15°C,False,False
2018-05-20,25.900096525096526,140,26.581292274392446,262031.6728,15.057916666666666,7.13,22.33,14.160416666666668,71.45833333333333,3.1020833333333333,3.91,1018.7916666666666,7.125,0.0,0.0,,Clear,15-20°C,False,False
2018-05-21,16.833976833976834,90,18.270605110960624,232623.5374,17.472916666666666,11.25,22.93,17.229583333333334,74.875,1.50875,3.27,1012.8333333333334,30.041666666666668,0.0,0.0,,Clouds,15-20°C,False,False
2018-05-22,17.321428571428573,120,20.06368335931234,210336.0975,17.375416666666666,12.26,22.99,17.263333333333332,80.25,1.9391666666666667,3.89,1013.2916666666666,49.375,0.9099999999999999,0.0,,Clouds,15-20°C,True,False
2018-05-23,14.208494208494209,120,17.56964386558425,221126.1659,15.714166666666666,11.92,18.95,15.57875,85.70833333333333,2.723333333333333,3.93,1017.625,66.16666666666667,2.62,0.0,,Clouds,15-20°C,True,False
2018-05-24,14.700772200772201,120,17.761150410750897,225947.9993,18.11916666666667,12.9,23.62,18.13375,82.20833333333333,1.5341666666666667,2.9,1017.0416666666666,49.291666666666664,0.65,0.0,,Clouds,15-20°C,True,False
2018-05-25,16.41891891891892,120,19.851918946081884,216295.8331,18.421666666666667,12.39,24.76,18.267500000000002,74.625,2.1083333333333334,3.69,1016.0416666666666,83.83333333333333,0.14,0.0,,Clouds,15-20°C,True,False
2018-05-26,21.60472972972973,120,22.466126373050464,246924.1679,21.55541666666667,15.69,26.67,21.55125,67.75,3.78875,4.83,1015.1666666666666,78.0,0.53,0.0,,Clouds,20-25°C,True,False
2018-05-27,17.084942084942085,90,19.125535754866988,228018.8343,22.50708333333333,17.8,27.87,22.664583333333336,68.83333333333333,1.9054166666666665,3.34,1015.3333333333334,94.08333333333333,0.27,0.0,,Clouds,20-25°C,True,False
2018-05-28,18.122586872586872,120,20.066847037856622,219744.1669,20.971666666666668,16.45,25.72,21.107083333333332,75.95833333333333,1.4662499999999998,2.94,1015.75,91.125,5.83,0.0,,Clouds,20-25°C,True,False
2018-05-29,19.02027027027027,120,21.641488097476678,227699.4982,18.540000000000003,15.59,22.96,18.757916666666667,88.41666666666667,1.9770833333333335,3.49,1013.2916666666666,85.54166666666667,1.8599999999999999,0.0,,Clouds,15-20°C,True,False
2018-05-30,17.485521235521237,120,19.485159646995136,231325.6658,20.034583333333334,15.2,24.91,20.230416666666667,81.83333333333333,2.0841666666666665,3.2,1013.0833333333334,76.91666666666667,6.319999999999999,0.0,,Clouds,20-25°C,True,False
2018-05-31,17.777509652509654,120,19.80945484315281,238752.9334,20.41541666666667,16.7,24.47,20.690416666666668,83.41666666666667,2.40375,3.79,1014.7083333333334,70.75,1.51,0.0,,Clouds,20-25°C,True,False
2018-06-01,18.783783783783782,120,21.481074678782935,234979.1657,17.8875,15.79,20.5,18.080416666666668,89.91666666666667,2.472916666666667,4.02,1019.3333333333334,99.125,5.17,0.0,,Clouds,15-20°C,True,False
2018-06-02,23.31322393822394,120,24.341939986972132,250979.0007,19.3525,15.27,23.71,19.368333333333332,77.54166666666667,1.46875,2.47,1019.4583333333334,42.458333333333336,0.0,0.0,,Clouds,15-20°C,False,False
2018-06-03,17.586872586872587,120,19.54991337467256,235439.0371,20.275833333333335,14.13,25.11,20.25583333333333,72.66666666666667,2.939166666666667,3.75,1016.375,58.791666666666664,0.0,0.0,,Clouds,20-25°C,False,False
2018-06-04,15.35472972972973,150,19.26102528302885,218389.8334,20.721666666666668,16.96,24.93,20.8025,74.79166666666667,2.47125,3.4,1011.1666666666666,89.04166666666667,0.15,0.0,,Clouds,20-25°C,True,False
2018-06-05,12.917471042471043,90,16.38192299570801,205567.6663,18.089583333333334,15.77,21.67,18.16875,84.79166666666667,3.3779166666666662,4.72,1011.0,98.625,3.8600000000000003,0.0,,Clouds,15-20°C,True,False
2018-06-06,12.475868725868725,90,16.568905526347823,181182.9679,17.604166666666668,14.31,22.77,17.644583333333333,85.16666666666667,2.0079166666666666,3.3,1011.25,88.70833333333333,12.88,0.0,,Clouds,15-20°C,True,False
2018-06-07,14.881756756756756,90,17.971704118312722,223019.7971,20.475416666666668,16.73,24.44,20.675,80.29166666666667,2.44125,3.43,1014.9583333333334,80.45833333333333,0.1,0.0,,Clouds,20-25°C,True,False
2018-06-08,14.321911196911197,140,18.243382285494864,212962.4392,19.728333333333335,14.67,24.67,19.888749999999998,81.625,2.5812500000000003,4.06,1014.0416666666666,82.70833333333333,1.06,0.0,,Clouds,15-20°C,True,False
2018-06-09,21.042471042471043,120,22.585192143877958,227920.1671,18.730833333333333,15.1,23.01,18.794583333333332,81.79166666666667,2.2583333333333333,4.45,1012.875,73.20833333333333,2.61,0.0,,Clouds,15-20°C,True,False
2018-06-10,18.858590733590734,120,21.52195118821301,226211.3337,19.16125,15.91,23.63,19.470000000000002,89.5,1.5966666666666667,3.36,1011.4166666666666,84.125,10.01,0.0,,Clouds,15-20°C,True,False
2018-06-11,16.450289575289574,120,19.736517439273232,191490.999,18.622083333333332,17.04,20.76,18.950833333333332,92.33333333333333,1.9216666666666666,3.47,1009.0,95.83333333333333,20.64,0.0,,Rain,15-20°C,True,False
2018-06-12,13.959942084942085,145,16.46930151572206,196108.9915,16.215833333333332,14.06,18.5,16.18166666666667,87.66666666666667,3.6437500000000003,6.54,1011.2916666666666,88.79166666666667,3.43,0.0,,Clouds,15-20°C,True,False
2018-06-13,15.125482625482626,90,17.543040463932037,225329.8964,14.372083333333334,10.31,17.76,13.917083333333332,78.58333333333333,3.2620833333333334,4.74,1017.875,91.08333333333333,0.0,0.0,,Clouds,10-15°C,False,False
2018-06-14,17.039092664092664,120,19.063160078658314,218342.1657,16.37375,10.3,20.68,16.195416666666667,81.54166666666667,2.4254166666666666,4.04,1017.0,89.25,1.7,0.0,,Clouds,15-20°C,True,False
2018-06-15,18.36631274131274,90,19.517909771515768,217499.1672,18.4225,13.43,23.07,18.290833333333335,75.5,1.7120833333333334,2.68,1016.875,73.66666666666667,0.0,0.0,,Clouds,15-20°C,False,False
2018-06-16,20.936293436293436,100,21.05193035042821,252443.1603,17.62,13.48,21.95,17.267500000000002,70.04166666666667,2.4724999999999997,4.27,1016.9166666666666,83.70833333333333,0.0,0.0,,Clouds,15-20°C,False,False
2018-06-17,17.140444015444015,100,18.687396770670478,222573.9984,17.299583333333334,14.06,20.46,16.97625,72.41666666666667,2.84625,4.37,1020.2916666666666,95.79166666666667,0.0,0.0,,Clouds,15-20°C,False,False
2018-06-18,17.010135135135137,90,20.355398397522336,191630.3313,19.106666666666666,16.31,23.23,19.14375,79.29166666666667,2.9770833333333333,4.01,1022.7083333333334,70.875,0.61,0.0,,Clouds,15-20°C,True,False
2018-06-19,19.930019305019304,150,23.07865388172335,190643.8351,19.51125,16.55,24.09,19.6625,82.125,1.4191666666666667,2.58,1025.0833333333333,68.375,0.0,0.0,,Clouds,15-20°C,False,False
2018-06-20,17.615830115830114,120,20.87386182687466,200966.0979,21.860833333333332,14.57,27.88,22.119583333333335,74.33333333333333,1.9104166666666667,2.65,1021.25,0.75,0.0,0.0,,Clear,20-25°C,False,False
2018-06-21,18.19256756756757,90,20.69304025016735,199461.3331,16.872916666666665,10.35,19.99,16.444583333333334,70.04166666666667,4.706666666666666,6.48,1022.625,51.25,0.0,0.0,,Clouds,15-20°C,False,False
2018-06-22,17.75337837837838,115,20.45082165582905,202660.5666,15.026666666666666,7.76,20.38,14.133333333333333,61.333333333333336,3.6791666666666667,4.96,1028.5416666666667,20.333333333333332,0.0,0.0,,Clear,15-20°C,False,False
2018-06-23,24.39430501930502,200,26.170935080238063,219062.7462,15.704166666666666,8.32,21.07,14.867083333333333,64.875,3.262916666666667,4.32,1027.125,40.25,0.0,0.0,,Clear,15-20°C,False,False
2018-06-24,22.611003861003862,300,26.53518631101169,205127.333,17.667916666666667,11.78,22.1,17.17125,64.33333333333333,3.2216666666666662,4.75,1023.25,84.54166666666667,0.0,0.0,,Clouds,15-20°C,False,False
2018-06-25,24.437741312741313,165,26.90290470056243,203211.1656,18.495833333333334,12.21,23.96,18.162916666666668,67.45833333333333,3.808333333333333,5.09,1023.5416666666666,16.083333333333332,0.0,0.0,,Clear,15-20°C,False,False
2018-06-26,25.21718146718147,155,27.65415742972698,209316.5012,20.440833333333334,13.37,26.12,20.164583333333333,61.0,3.50125,4.84,1022.9583333333334,2.5833333333333335,0.0,0.0,,Clear,20-25°C,False,False
2018-06-27,22.7992277992278,140,26.88983982179792,207381.8329,21.67,13.57,27.76,21.536666666666665,61.875,3.67375,4.76,1020.7083333333334,1.7916666666666667,0.0,0.0,,Clear,20-25°C,False,False
2018-06-28,23.400096525096526,200,26.35576639009055,214416.1528,22.131666666666664,15.32,27.3,21.8425,54.708333333333336,4.6875,6.21,1018.5,23.458333333333332,0.0,0.0,,Clouds,20-25°C,False,False
2018-06-29,22.33108108108108,130,24.79603789141904,211455.9991,23.0725,16.94,28.49,22.954166666666666,57.083333333333336,4.399166666666667,5.74,1015.2083333333334,49.75,0.0,0.0,,Clouds,20-25°C,False,False
2018-06-30,24.722490347490346,120,25.5468007859272,217785.167,24.644166666666667,16.92,30.75,24.57041666666667,55.791666666666664,3.3658333333333332,4.42,1011.0833333333334,32.416666666666664,0.0,0.0,,Clouds,20-25°C,False,False
2018-07-01,20.06756756756757,140,22.364356304223033,201551.6666,25.865416666666665,19.56,31.77,25.896666666666665,53.166666666666664,3.3641666666666663,5.03,1009.7916666666666,37.0,0.0,0.0,,Clouds,25-30°C,False,False
2018-07-02,20.04826254826255,125,21.40067704883007,221252.6666,24.194999999999997,18.57,29.51,24.20375,55.458333333333336,2.749166666666667,3.73,1011.5416666666666,70.125,0.83,0.0,,Clouds,20-25°C,True,False
2018-07-03,21.74227799227799,180,25.13085384141551,209631.3317,23.981666666666666,18.72,29.14,24.20125,67.33333333333333,2.2341666666666664,3.0,1014.8333333333334,43.041666666666664,0.12,0.0,,Clouds,20-25°C,True,False
2018-07-04,20.67326254826255,120,22.32378605494008,211275.9986,23.4825,17.75,28.15,23.879583333333333,70.0,2.0075,3.56,1014.2916666666666,54.666666666666664,1.18,0.0,,Clouds,20-25°C,True,False
2018-07-05,19.054054054054053,90,21.23477039334568,213632.9992,21.41333333333333,18.34,25.28,21.502499999999998,72.45833333333333,2.5083333333333333,4.2,1014.8333333333334,92.33333333333333,0.78,0.0,,Clouds,20-25°C,True,False
2018-07-06,17.25868725868726,100,19.567132934449806,218422.1643,22.521666666666665,15.04,28.61,22.329166666666666,59.583333333333336,2.3658333333333332,3.23,1020.4166666666666,32.5,0.0,0.0,,Clouds,20-25°C,False,False
2018-07-07,24.13368725868726,300,24.85709973737119,238858.8323,24.296666666666667,17.58,29.76,24.04625,54.375,2.5425,4.31,1022.4166666666666,32.083333333333336,0.0,0.0,,Clouds,20-25°C,False,False
2018-07-08,19.51254826254826,120,20.437721746348235,233294.9994,24.046666666666667,17.64,29.21,23.985833333333332,57.0,2.4520833333333334,4.84,1022.7083333333334,32.375,0.0,0.0,,Clouds,20-25°C,False,False
2018-07-09,20.173745173745175,300,21.226144922366544,240429.0004,21.368333333333336,15.21,26.08,21.021666666666665,55.458333333333336,4.70625,5.64,1022.2916666666666,45.791666666666664,0.0,0.0,,Clouds,20-25°C,False,False
2018-07-10,20.441602316602317,95,20.915443732293582,233875.9985,18.340416666666666,14.71,21.58,17.89375,63.708333333333336,4.3812500000000005,5.11,1020.5,65.875,0.0,0.0,,Clouds,15-20°C,False,False
2018-07-11,19.840733590733592,95,20.40863852286099,231792.0024,17.939583333333335,13.43,22.16,17.54125,67.08333333333333,3.486666666666667,4.04,1018.9583333333334,82.75,0.39,0.0,,Clouds,15-20°C,True,False
2018-07-12,19.454633204633204,100,19.86718011538011,240670.334,19.925416666666667,14.22,24.76,19.671666666666667,65.04166666666667,2.9729166666666664,3.55,1018.7916666666666,66.41666666666667,0.0,0.0,,Clouds,15-20°C,False,False
2018-07-13,15.750482625482626,145,18.35073285168215,227081.4999,21.770416666666666,16.7,27.05,21.712500000000002,64.58333333333333,2.620416666666667,3.93,1019.125,49.25,0.6100000000000001,0.0,,Clouds,20-25°C,True,False
2018-07-14,19.44256756756757,300,21.589215764926223,232369.9993,23.293333333333333,16.69,28.58,23.159583333333334,58.708333333333336,2.6304166666666666,3.42,1017.6666666666666,30.5,0.0,0.0,,Clouds,20-25°C,False,False
2018-07-15,13.75,90,15.67740487644774,222387.3342,24.20875,16.11,30.24,24.296666666666667,58.541666666666664,1.8575,2.7,1014.625,38.333333333333336,2.78,0.0,,Clouds,20-25°C,True,False
2018-07-16,17.82335907335907,90,19.09888559348457,236759.169,23.387083333333333,17.41,30.74,23.245,60.041666666666664,1.93,3.81,1012.8333333333334,54.208333333333336,0.36,0.0,,Clouds,20-25°C,True,False
2018-07-17,21.097972972972972,100,21.312862385981134,239928.8646,21.601249999999997,17.49,25.84,21.378333333333334,59.791666666666664,2.682916666666667,3.59,1017.0,59.875,0.0,0.0,,Clouds,20-25°C,False,False
2018-07-18,20.64189189189189,110,21.269990554901362,242068.6671,22.04625,15.33,27.41,21.687916666666666,52.208333333333336,2.7729166666666667,3.87,1017.5,59.708333333333336,0.0,0.0,,Clouds,20-25°C,False,False
2018-07-19,19.679054054054053,90,20.57492779487547,243477.1364,23.770416666666666,15.68,29.79,23.184583333333336,46.833333333333336,3.29875,4.38,1016.2916666666666,69.875,0.0,0.0,,Clouds,20-25°C,False,False
2018-07-20,16.505791505791507,300,20.849324137668166,206308.1317,20.734583333333333,17.78,24.55,20.805833333333336,74.375,2.0533333333333332,4.3,1013.625,75.20833333333333,7.53,0.0,,Clouds,20-25°C,True,False
2018-07-21,22.34314671814672,120,22.48663987364606,254041.8035,20.507916666666667,16.33,25.01,20.54375,73.875,2.6462499999999998,4.12,1013.6666666666666,55.5,0.0,0.0,,Clouds,20-25°C,False,False
2018-07-22,18.687258687258687,255,20.27609219839775,257681.1398,22.08791666666667,15.83,27.47,22.055000000000003,64.25,2.0141666666666667,2.71,1015.9583333333334,52.333333333333336,0.0,0.0,,Clouds,20-25°C,False,False
2018-07-23,21.095559845559844,120,21.68163346967577,253886.5594,24.520833333333332,17.85,30.4,24.51375,59.666666666666664,1.7041666666666666,2.52,1017.25,34.25,0.0,0.0,,Clouds,20-25°C,False,False
2018-07-24,23.289092664092664,160,24.11554587042933,262166.0833,25.252916666666668,17.94,31.01,25.204583333333332,56.916666666666664,1.5962500000000002,3.27,1013.4166666666666,40.375,0.0,0.0,,Clouds,25-30°C,False,False
2018-07-25,21.29826254826255,120,22.534995305013794,261845.3808,26.485416666666666,19.4,32.79,26.91,58.625,2.2195833333333335,2.97,1014.4583333333334,36.458333333333336,0.32,0.0,,Clouds,25-30°C,True,False
2018-07-26,20.31611969111969,150,22.846325374139944,237944.1146,28.53625,20.51,35.24,28.674166666666665,52.125,1.33625,2.51,1012.25,51.708333333333336,0.0,0.0,,Clouds,25-30°C,False,False
2018-07-27,19.022683397683398,120,20.924964630788818,207300.0474,26.844583333333333,20.64,36.12,26.96625,56.0,2.375,4.88,1009.5833333333334,61.791666666666664,0.64,0.0,,Clouds,25-30°C,True,False
2018-07-28,22.52895752895753,135,22.90047602764492,256775.0007,21.952916666666667,18.61,25.82,21.894166666666667,64.70833333333333,3.9466666666666668,5.87,1011.1666666666666,48.208333333333336,0.75,0.0,,Clouds,20-25°C,True,False
2018-07-29,19.2253861003861,120,19.8410115322882,251123.7808,22.670833333333334,18.17,27.56,22.552916666666665,58.583333333333336,4.129166666666666,7.13,1012.875,74.0,0.13,0.0,,Clouds,20-25°C,True,False
2018-07-30,20.583976833976834,80,20.111871907238672,266433.1147,23.635416666666668,18.89,28.11,23.94875,68.70833333333333,3.5308333333333333,5.22,1015.25,64.04166666666667,0.0,0.0,,Clouds,20-25°C,False,False
2018-07-31,22.027027027027028,120,21.53328850864104,262452.1165,23.43625,19.02,27.55,23.506666666666664,62.75,2.65125,3.8,1017.7916666666666,47.166666666666664,0.13,0.0,,Clouds,20-25°C,True,False
2018-08-01,22.051158301158303,200,22.177269404342248,246478.4473,23.349999999999998,16.25,29.9,23.340416666666666,59.666666666666664,1.9604166666666665,3.25,1019.9166666666666,51.125,0.0,0.0,,Clouds,20-25°C,False,False
2018-08-02,21.066602316602317,175,23.439647981137174,252293.12,25.000833333333333,16.28,32.0,24.739583333333332,52.666666666666664,2.865,3.99,1021.25,22.833333333333332,0.0,0.0,,Clear,25-30°C,False,False
2018-08-03,18.149131274131275,120,20.16981167395873,226327.0097,27.235,19.23,34.54,27.164583333333336,50.25,3.3008333333333333,4.4,1019.5833333333334,0.08333333333333333,0.0,0.0,,Clear,25-30°C,False,False
2018-08-04,18.653474903474905,120,20.128068894023503,244720.9959,26.395,19.43,32.83,25.994583333333335,49.541666666666664,4.102916666666666,6.12,1019.5416666666666,14.416666666666666,0.0,0.0,,Clear,25-30°C,False,False
2018-08-05,16.778474903474905,255,18.26188744534604,245191.8452,23.755,17.3,30.3,23.512083333333333,57.833333333333336,3.6824999999999997,5.01,1019.7083333333334,31.75,0.0,0.0,,Clouds,20-25°C,False,False
2018-08-06,21.554054054054053,90,20.941687980755418,257373.0027,25.98625,16.6,33.8,25.219166666666666,45.25,1.7820833333333332,2.85,1014.2083333333334,8.75,0.0,0.0,,Clear,25-30°C,False,False
2018-08-07,23.392857142857142,140,24.870967973542047,248532.4503,27.95041666666667,20.03,36.56,28.585416666666664,51.791666666666664,3.51,6.93,1008.75,42.5,2.48,0.0,,Clouds,25-30°C,True,False
2018-08-08,31.48407335907336,180,29.878326205342496,255691.0511,22.422916666666666,18.37,26.84,22.435833333333335,65.125,3.217916666666667,6.14,1013.0833333333334,73.79166666666667,0.35,0.0,,Clouds,20-25°C,True,False
2018-08-09,19.1722972972973,120,20.32397534589111,243074.3836,17.381666666666668,14.29,18.88,17.238333333333333,78.95833333333333,3.8683333333333336,6.94,1013.1666666666666,77.41666666666667,4.800000000000001,0.0,,Clouds,15-20°C,True,False
2018-08-10,28.959942084942085,120,27.29503021882504,258599.2165,17.905,12.23,22.43,17.427916666666665,64.25,3.58,5.77,1023.2083333333334,50.958333333333336,0.12,0.0,,Clouds,15-20°C,True,False
2018-08-11,26.5492277992278,130,24.745707954613582,253410.0503,19.163333333333334,13.27,24.79,18.79125,63.458333333333336,2.2079166666666667,3.12,1023.25,48.166666666666664,0.0,0.0,,Clouds,15-20°C,False,False
2018-08-12,22.87162162162162,120,22.75362819457744,255098.7183,22.283749999999998,14.24,30.94,21.87708333333333,56.791666666666664,3.2274999999999996,4.68,1013.3333333333334,36.125,1.5799999999999998,0.0,,Clouds,20-25°C,True,False
2018-08-13,18.619744058500913,110,19.435614786509213,199824.3753,19.670833333333334,16.73,23.21,19.6725,75.79166666666667,4.246666666666667,6.32,1010.0,49.625,6.42,0.0,,Clouds,15-20°C,True,False
2018-08-14,26.20173745173745,120,25.235804140078702,262453.887,19.652083333333334,15.95,24.84,19.575833333333332,72.91666666666667,2.967916666666667,4.32,1017.5833333333334,53.791666666666664,1.0,0.0,,Clouds,15-20°C,True,False
2018-08-15,23.651061776061777,300,25.099557609819318,247986.5505,19.532083333333333,15.91,24.8,19.44125,72.79166666666667,1.9583333333333333,2.75,1020.5,30.583333333333332,0.0,0.0,,Clear,15-20°C,False,False
2018-08-16,25.79391891891892,300,28.311308346470526,254993.1184,21.8925,14.23,30.16,21.8025,66.08333333333333,2.5091666666666668,6.24,1015.3333333333334,56.125,0.12,0.0,,Clouds,20-25°C,True,False
2018-08-17,22.43484555984556,90,21.680276325059634,255383.719,19.291666666666668,15.05,24.36,19.074583333333333,68.875,3.7220833333333334,4.72,1019.4166666666666,41.083333333333336,7.78,0.0,,Clouds,15-20°C,True,False
2018-08-18,27.12837837837838,300,26.28460884564746,254504.4779,18.728333333333335,11.9,25.25,18.425833333333333,67.79166666666667,1.9958333333333333,3.1,1023.4166666666666,15.541666666666666,0.0,0.0,,Clear,15-20°C,False,False
2018-08-19,21.339285714285715,120,21.92353687078353,254604.3765,21.177916666666665,13.55,27.85,21.182916666666667,68.33333333333333,1.8216666666666665,3.16,1022.0,10.0,0.0,0.0,,Clear,20-25°C,False,False
2018-08-20,23.354247104247104,120,22.27400568215502,265520.7177,21.339166666666667,19.04,23.76,21.53625,76.875,2.21625,2.97,1021.0416666666666,78.75,0.0,0.0,,Clouds,20-25°C,False,False
2018-08-21,26.339285714285715,125,24.72649503679919,259859.3827,21.847083333333334,17.48,26.48,21.99416666666667,73.25,1.90625,3.67,1020.0,56.666666666666664,0.0,0.0,,Clouds,20-25°C,False,False
2018-08-22,27.08976833976834,300,28.97659941920236,257489.2115,22.970416666666665,16.37,29.71,23.061666666666667,67.20833333333333,1.9866666666666666,3.25,1017.0833333333334,2.125,0.0,0.0,,Clear,20-25°C,False,False
2018-08-23,31.701254826254825,160,29.80240801163329,254883.0917,20.641666666666666,16.42,26.7,20.697916666666668,73.625,3.015833333333333,4.88,1014.5833333333334,35.708333333333336,1.07,0.0,,Clouds,20-25°C,True,False
2018-08-24,22.106660231660232,100,21.34345191588194,250156.2181,16.749583333333334,13.8,19.78,16.24625,67.66666666666667,4.139583333333333,5.16,1016.0833333333334,92.75,0.47,0.0,,Clouds,15-20°C,True,False
2018-08-25,21.780888030888033,300,23.264259015605003,261726.0513,15.349583333333333,10.85,19.47,14.596666666666666,63.458333333333336,3.70375,4.71,1015.8333333333334,50.0,1.65,0.0,,Clouds,15-20°C,True,False
2018-08-26,20.958011583011583,110,21.192973551657087,255696.8862,17.162499999999998,7.93,22.77,16.61375,57.166666666666664,3.432916666666667,5.57,1015.1666666666666,63.583333333333336,1.13,0.0,,Clouds,15-20°C,True,False
2018-08-27,24.27364864864865,120,23.467328771297602,251889.3842,18.797916666666666,13.18,23.02,18.714583333333334,75.91666666666667,3.592083333333333,4.78,1015.0416666666666,88.83333333333333,4.24,0.0,,Clouds,15-20°C,True,False
2018-08-28,31.242760617760617,130,29.616288171626646,262887.2187,18.97,10.66,26.37,18.700416666666666,67.41666666666667,2.120416666666667,2.95,1016.6666666666666,13.916666666666666,0.0,0.0,,Clear,15-20°C,False,False
2018-08-29,18.711389961389962,120,19.761487148249625,236915.0457,17.764166666666664,14.14,21.05,17.807083333333335,84.625,3.1466666666666665,5.52,1014.6666666666666,84.91666666666667,11.31,0.0,,Clouds,15-20°C,True,False
2018-08-30,26.105212355212355,120,24.576755904910275,265188.7066,16.919999999999998,13.47,20.45,16.679166666666667,77.0,1.7675,3.31,1022.2083333333334,79.33333333333333,0.77,0.0,,Clouds,15-20°C,True,False
2018-08-31,23.08880308880309,300,24.508511713647373,254092.8866,17.265833333333333,13.3,21.13,16.874166666666667,69.91666666666667,2.4208333333333334,3.07,1021.875,46.166666666666664,2.12,0.0,,Clouds,15-20°C,True,False
2018-09-01,23.61727799227799,120,22.639273352888917,253136.7079,16.388333333333332,9.59,22.37,15.620416666666666,59.375,2.7466666666666666,3.38,1024.5416666666667,0.16666666666666666,0.0,0.0,,Clear,15-20°C,False,False
2018-09-02,14.452220077220078,90,16.621344183497,228106.8713,17.253333333333334,9.59,23.78,16.527083333333334,57.625,2.7470833333333338,3.77,1021.7916666666666,3.5,0.0,0.0,,Clear,15-20°C,False,False
2018-09-03,15.036196911196912,90,18.039099725181842,206790.1011,18.19666666666667,12.68,23.77,17.889166666666664,69.58333333333333,2.7395833333333335,4.37,1017.6666666666666,64.20833333333333,0.0,0.0,,Clouds,15-20°C,False,False
2018-09-04,16.348938223938223,120,20.93371753933023,218302.5266,17.803333333333335,15.61,20.39,17.739583333333332,80.45833333333333,2.5275000000000003,3.23,1016.9583333333334,57.25,0.0,0.0,,Clouds,15-20°C,False,False
2018-09-05,15.909749034749035,120,20.492607081279015,212217.8729,20.294166666666666,17.51,24.81,20.48875,80.79166666666667,2.7158333333333338,3.95,1016.5416666666666,79.08333333333333,0.14,0.0,,Clouds,20-25°C,True,False
2018-09-06,17.24662162162162,160,23.35735213523492,209462.00029999999,17.695833333333333,12.76,20.94,17.627083333333335,80.66666666666667,3.544583333333333,4.9,1014.875,63.125,0.0,0.0,,Clouds,15-20°C,False,False
2018-09-07,16.795366795366796,90,21.63881149636006,211946.1652,15.8225,11.57,20.43,15.339583333333332,71.95833333333333,3.1687499999999997,5.45,1017.2916666666666,47.875,0.15,0.0,,Clouds,15-20°C,True,False
2018-09-08,24.0492277992278,140,25.09015110851721,240849.501,16.07375,8.74,22.85,15.387083333333335,63.5,1.6537499999999998,2.24,1020.25,37.041666666666664,0.0,0.0,,Clouds,15-20°C,False,False
2018-09-09,17.039092664092664,120,20.384519854128175,213612.1653,20.155,10.68,28.38,19.56625,56.125,2.0858333333333334,2.86,1019.875,32.458333333333336,0.0,0.0,,Clouds,20-25°C,False,False
2018-09-10,13.764478764478765,300,18.516792144603347,207458.9999,18.562916666666666,13.75,24.45,18.297916666666666,69.83333333333333,2.4370833333333333,4.52,1023.625,68.16666666666667,0.0,0.0,,Clouds,15-20°C,False,False
2018-09-11,14.172297297297296,90,18.328978908402295,208115.0009,20.67833333333333,12.71,29.0,20.22625,59.458333333333336,1.9654166666666668,2.89,1023.4583333333334,0.3333333333333333,0.0,0.0,,Clear,20-25°C,False,False
2018-09-12,13.663127413127413,90,18.019342348281985,203293.7646,19.89708333333333,13.37,27.33,19.779166666666665,69.66666666666667,2.4291666666666667,4.35,1020.4166666666666,27.166666666666668,0.0,0.0,,Clear,15-20°C,False,False
2018-09-13,11.018339768339768,120,15.787723030815176,188555.6659,15.997083333333334,15.02,17.13,15.920416666666666,86.875,3.2308333333333334,4.45,1020.7083333333334,88.79166666666667,6.43,0.0,,Clouds,15-20°C,True,False
2018-09-14,11.64092664092664,80,15.940207709916226,190236.8334,15.695416666666667,11.12,21.33,15.12,68.91666666666667,2.7441666666666666,3.75,1022.0,54.375,0.0,0.0,,Clouds,15-20°C,False,False
2018-09-15,27.24903474903475,135,28.711417316821112,231483.1661,15.229999999999999,8.71,21.63,14.684166666666668,70.33333333333333,1.4345833333333333,2.32,1025.0833333333333,23.916666666666668,0.0,0.0,,Clear,15-20°C,False,False
2018-09-16,18.436293436293436,140,21.452378292295403,197763.1676,17.145,9.12,24.6,16.523333333333333,62.0,1.57,2.72,1021.0,60.875,0.0,0.0,,Clouds,15-20°C,False,False
2018-09-17,10.569498069498069,90,14.583845601362512,199139.3922,19.637916666666666,9.81,28.73,18.986666666666668,55.416666666666664,2.6233333333333335,3.96,1016.6666666666666,10.833333333333334,0.0,0.0,,Clear,15-20°C,False,False
2018-09-18,10.728764478764479,140,14.827180296231994,185154.7655,19.868333333333332,17.24,23.19,19.710416666666667,68.91666666666667,3.6575,5.08,1014.75,47.5,0.51,0.0,,Clouds,15-20°C,True,False
2018-09-19,11.252413127413128,120,14.805596641289725,180774.5007,20.268333333333334,17.0,24.91,20.177916666666665,70.0,3.3241666666666667,5.7,1018.9166666666666,31.166666666666668,0.0,0.0,,Clouds,20-25°C,False,False
2018-09-20,10.687741312741313,120,14.83361720018403,187205.9665,19.64875,14.13,25.21,19.46291666666667,68.66666666666667,3.611666666666667,5.04,1016.7083333333334,49.0,0.0,0.0,,Clouds,15-20°C,False,False
2018-09-21,9.391891891891891,60,12.277646377526931,179625.6653,16.18375,12.26,19.26,15.6425,68.33333333333333,5.728750000000001,7.74,1015.0416666666666,76.20833333333333,6.3,0.0,,Clouds,15-20°C,True,False
2018-09-22,24.81177606177606,205,28.129147841908974,223907.4997,15.122083333333334,11.01,19.24,14.502083333333333,69.41666666666667,4.01625,7.54,1020.75,85.75,1.8399999999999999,0.0,,Clouds,15-20°C,True,False
2018-09-23,13.35907335907336,100,17.76667339284482,166832.003,16.742083333333333,9.59,21.04,16.752083333333335,89.41666666666667,6.92625,10.05,1017.0833333333334,81.875,9.3,0.0,,Clouds,15-20°C,True,False
2018-09-24,11.38030888030888,85,14.810933304202479,184918.4999,11.295416666666666,6.89,16.73,9.719166666666666,71.0,3.714166666666667,4.53,1034.7916666666667,32.666666666666664,0.0,0.0,,Clouds,10-15°C,False,False
2018-09-25,10.694980694980694,90,14.548562143851674,178208.1656,11.260833333333332,5.85,16.76,9.612916666666667,66.08333333333333,3.89125,4.93,1036.0416666666667,4.583333333333333,0.0,0.0,,Clear,10-15°C,False,False
2018-09-26,10.97007722007722,75,14.215356539970976,177845.8338,12.5075,5.21,20.37,11.27875,61.5,2.112083333333333,2.85,1032.625,0.125,0.0,0.0,,Clear,10-15°C,False,False
2018-09-27,14.708011583011583,300,19.73445573414667,187487.0,15.579583333333334,6.31,25.13,14.77125,66.125,1.6208333333333333,2.52,1026.9166666666667,0.041666666666666664,0.0,0.0,,Clear,15-20°C,False,False
2018-09-28,14.423262548262548,300,18.578604834016687,206155.4026,13.921666666666667,9.89,18.53,13.204166666666666,72.58333333333333,4.289166666666667,7.03,1024.5833333333333,32.833333333333336,0.0,0.0,,Clouds,10-15°C,False,False
2018-09-29,21.79054054054054,300,24.177509238277022,231782.9998,11.8075,7.4,17.76,10.0175,60.083333333333336,4.265416666666667,5.41,1024.4166666666667,64.83333333333333,0.0,0.0,,Clouds,10-15°C,False,False
2018-09-30,14.553571428571429,90,17.94637720114532,196366.8327,11.135,3.69,17.71,9.909583333333332,64.91666666666667,2.85,4.93,1018.6666666666666,28.0,0.0,0.0,,Clear,10-15°C,False,False
2018-10-01,10.555019305019306,95,14.401997819311696,178301.6659,11.777500000000002,9.37,15.96,10.581249999999999,67.33333333333333,4.6375,6.68,1023.375,58.791666666666664,0.63,0.0,,Clouds,10-15°C,True,False
2018-10-02,10.557432432432432,120,14.974324807745791,171466.3988,12.497916666666667,9.5,15.14,11.900416666666667,80.66666666666667,3.8466666666666662,5.84,1024.7083333333333,98.5,0.56,0.0,,Clouds,10-15°C,True,False
2018-10-03,11.587837837837839,120,16.320457157559357,167768.7323,15.61625,13.05,19.12,15.335833333333333,80.54166666666667,2.9045833333333335,3.72,1027.0833333333333,69.75,0.55,0.0,,Clouds,15-20°C,True,False
2018-10-04,13.038127413127413,120,17.917941448530048,176801.9331,15.00625,10.9,20.76,14.4925,73.91666666666667,2.15,2.8,1025.1666666666667,6.083333333333333,0.0,0.0,,Clear,15-20°C,False,False
2018-10-05,14.922779922779922,120,19.859935001053902,181696.5406,15.840833333333334,8.67,24.12,15.116666666666667,69.66666666666667,2.45125,2.93,1016.5,0.0,0.0,0.0,,Clear,15-20°C,False,False
2018-10-06,24.138513513513512,120,26.241158145033758,213268.4159,16.53625,10.95,22.72,16.071666666666665,69.95833333333333,2.969583333333333,4.42,1008.9166666666666,32.083333333333336,0.9,0.0,,Clear,15-20°C,True,False
2018-10-07,15.422297297297296,100,20.12761662905071,187548.5373,13.008333333333333,9.13,14.71,12.612916666666665,88.75,2.9283333333333332,4.64,1016.75,81.25,1.33,0.0,,Clouds,10-15°C,True,False
2018-10-08,13.783783783783784,110,18.956800302501016,178852.3006,11.816249999999998,6.56,17.76,10.725833333333334,77.04166666666667,2.478333333333333,3.18,1021.8333333333334,20.125,0.0,0.0,,Clear,10-15°C,False,False
2018-10-09,14.068532818532818,120,19.441778382219447,173303.5285,14.766666666666666,6.96,22.67,14.257083333333334,75.66666666666667,2.2775000000000003,3.05,1019.5833333333334,17.208333333333332,0.0,0.0,,Clear,10-15°C,False,False
2018-10-10,13.713803088803088,120,17.844319594272818,176546.3657,17.75916666666667,10.59,24.53,17.546666666666667,74.91666666666667,4.134166666666666,7.24,1012.75,27.0,1.45,0.0,,Clear,15-20°C,True,False
2018-10-11,12.915057915057915,120,17.39898832916282,170620.3682,19.440416666666668,15.44,24.84,19.27541666666667,70.29166666666667,4.784583333333333,6.05,1009.9166666666666,76.125,1.76,0.0,,Clouds,15-20°C,True,False
2018-10-12,15.27027027027027,120,20.20594890492775,170710.5313,19.261666666666667,15.04,25.04,19.320416666666667,79.54166666666667,3.80875,5.37,1017.5,91.45833333333333,0.0,0.0,,Clouds,15-20°C,False,False
2018-10-13,25.92664092664093,120,27.4558673082444,224120.5463,20.104583333333334,15.77,25.76,20.087083333333336,73.41666666666667,3.4654166666666666,4.32,1015.625,78.54166666666667,0.0,0.0,,Clouds,20-25°C,False,False
2018-10-14,17.39623552123552,90,20.976035285992452,206386.5463,20.357916666666664,15.2,25.51,20.034583333333334,60.708333333333336,5.162083333333333,6.79,1006.9166666666666,51.5,0.0,0.0,,Clouds,20-25°C,False,False
2018-10-15,15.557432432432432,95,20.144110997762326,191515.1911,20.188333333333333,15.28,25.97,19.757083333333334,56.625,3.8029166666666665,6.15,1010.7916666666666,63.583333333333336,0.0,0.0,,Clouds,20-25°C,False,False
2018-10-16,16.245173745173744,110,20.612160363989318,190063.872,18.4225,13.69,24.94,18.108333333333334,68.45833333333333,1.5158333333333334,2.34,1017.2083333333334,21.75,0.0,0.0,,Clear,15-20°C,False,False
2018-10-17,14.539092664092664,90,19.30072606913667,180675.9998,15.723333333333334,11.37,20.93,15.45375,80.54166666666667,2.7116666666666664,4.28,1018.5833333333334,63.5,0.0,0.0,,Clouds,15-20°C,False,False
2018-10-18,13.6003861003861,85,18.084798374620096,183430.1671,14.426666666666668,11.19,19.53,14.05375,81.54166666666667,5.05,6.66,1020.7916666666666,23.875,0.0,0.0,,Clear,10-15°C,False,False
2018-10-19,15.024131274131275,90,19.57847428809721,185456.2056,12.6425,9.01,17.3,11.981666666666667,84.125,3.6558333333333333,4.65,1023.0833333333334,4.166666666666667,0.0,0.0,,Clear,10-15°C,False,False
2018-10-20,25.28716216216216,300,28.51426522547744,221458.379,10.996250000000002,7.23,16.56,9.502916666666666,80.16666666666667,3.5504166666666666,4.37,1028.9583333333333,36.875,0.0,0.0,,Clouds,10-15°C,False,False
2018-10-21,26.5492277992278,180,29.387987004652906,220737.5498,10.773333333333333,4.73,17.95,9.569166666666666,75.83333333333333,2.4654166666666666,3.26,1027.0416666666667,2.4166666666666665,0.0,0.0,,Clear,10-15°C,False,False
2018-10-22,23.146718146718147,120,26.262734812425972,228291.7151,11.355416666666665,7.05,14.04,10.399166666666666,83.41666666666667,4.663749999999999,6.38,1030.75,54.125,0.0,0.0,,Clouds,10-15°C,False,False
2018-10-23,26.877413127413128,130,29.05020598650233,219187.2148,10.1175,4.28,16.83,8.7925,78.45833333333333,3.0870833333333336,4.42,1031.6666666666667,33.833333333333336,0.0,0.0,,Clear,10-15°C,False,False
2018-10-24,25.10135135135135,200,27.49372182596707,224013.0389,13.00625,8.85,15.57,12.505,89.41666666666667,2.339166666666667,3.9,1028.375,61.75,0.0,0.0,,Clouds,10-15°C,False,False
2018-10-25,26.37065637065637,150,28.656605370159586,228355.21169999999,12.637916666666667,8.98,15.78,12.127916666666666,83.54166666666667,1.8675,2.58,1021.5416666666666,49.333333333333336,0.12,0.0,,Clouds,10-15°C,True,False
2018-10-26,22.18146718146718,120,25.054164099894763,221114.3137,10.02375,5.33,13.76,8.873333333333333,83.70833333333333,3.0262499999999997,5.0,1012.7916666666666,67.83333333333333,0.0,0.0,,Clouds,10-15°C,False,False
2018-10-27,23.371138996138995,135,25.966378682428363,222955.5397,5.84,2.26,9.48,3.7483333333333335,86.125,2.7412500000000004,4.03,1010.5833333333334,45.291666666666664,0.79,0.0,,Clouds,0-10°C,True,False
2018-10-28,20.656370656370655,100,24.23834784950999,221197.8769,5.390833333333333,3.76,7.34,1.1295833333333334,78.0,6.954583333333333,9.24,1009.0833333333334,84.625,0.14,0.0,,Clouds,0-10°C,True,False
2018-10-29,20.9507722007722,110,24.308167369260786,224914.6345,4.281666666666666,3.07,5.79,0.057499999999999996,82.04166666666667,5.859999999999999,6.81,1000.0416666666666,99.70833333333333,1.63,0.0,,Clouds,0-10°C,True,False
2018-10-30,18.243243243243242,120,22.22590878775329,211516.5003,6.422499999999999,3.06,10.74,3.2595833333333335,86.16666666666667,5.055,7.77,997.4583333333334,89.45833333333333,15.39,0.0,,Rain,0-10°C,True,False
2018-10-31,19.978281853281853,215,23.43430385445913,235289.5002,7.169583333333333,2.95,10.76,5.222083333333333,86.41666666666667,4.1779166666666665,7.02,1008.7916666666666,96.66666666666667,2.6100000000000003,0.0,,Clouds,0-10°C,True,False
2018-11-01,20.378861003861005,120,24.53111814938503,216980.9991,9.85125,8.28,12.17,8.43625,84.70833333333333,4.502083333333333,6.6,1009.5416666666666,96.54166666666667,2.2,0.0,,Clouds,0-10°C,True,False
2018-11-02,36.00627413127413,150,37.924019431602,245613.498,7.155833333333334,2.31,11.56,5.659166666666667,82.45833333333333,2.345,3.48,1023.7916666666666,32.541666666666664,0.0,0.0,,Clouds,0-10°C,False,False
2018-11-03,32.55550193050193,150,34.388804403669724,224035.1996,4.4775,-0.29,10.6,2.59875,84.66666666666667,2.0629166666666667,2.62,1026.375,70.0,0.0,0.0,,Clouds,0-10°C,False,False
2018-11-04,17.12596525096525,125,21.348323222856873,198179.1706,7.164583333333334,1.91,12.59,5.41,89.375,2.8195833333333336,4.04,1013.2916666666666,70.25,0.0,0.0,,Clouds,0-10°C,False,False
2018-11-05,9.66457528957529,90,15.056498776161396,151322.0721,12.895416666666668,8.28,18.83,11.780833333333334,77.66666666666667,3.953333333333333,5.85,1005.1666666666666,66.91666666666667,0.14,0.0,,Clouds,10-15°C,True,False
2018-11-06,8.112934362934363,75,12.850054032301303,151655.1676,14.275833333333333,9.75,19.19,13.620833333333332,74.16666666666667,5.122916666666667,7.09,1004.0416666666666,65.625,0.35,0.0,,Clouds,10-15°C,True,False
2018-11-07,7.42519305019305,120,12.643925735399915,136143.1676,10.823333333333332,9.24,13.04,9.41125,82.0,6.059166666666666,7.38,1007.0833333333334,80.125,2.19,0.0,,Clouds,10-15°C,True,False
2018-11-08,8.798262548262548,75,12.956445139929933,149799.8325,8.81,6.32,12.19,7.093333333333334,86.29166666666667,3.1933333333333334,4.27,1018.0,51.833333333333336,0.12,0.0,,Clouds,0-10°C,True,False
2018-11-09,10.241312741312742,95,15.840820686257677,155979.4987,9.662083333333333,5.47,14.23,8.450000000000001,86.83333333333333,3.7854166666666664,6.87,1010.75,70.66666666666667,0.25,0.0,,Clouds,0-10°C,True,False
2018-11-10,18.52799227799228,150,23.888223294986847,201652.1655,11.515416666666667,10.71,12.3,11.045416666666668,88.95833333333333,6.52875,7.84,1002.7916666666666,94.04166666666667,13.67,0.0,,Rain,10-15°C,True,False
2018-11-11,14.208494208494209,115,19.56494379838241,180599.502,11.41625,10.77,12.17,10.866666666666667,86.29166666666667,5.340416666666666,7.6,1007.0833333333334,93.29166666666667,4.27,0.0,,Clouds,10-15°C,True,False
2018-11-12,11.491312741312742,120,17.487552911212987,139622.999,10.461666666666666,9.76,11.45,9.8725,95.25,2.0816666666666666,3.51,1014.7083333333334,99.91666666666667,13.83,0.0,,Rain,10-15°C,True,False
2018-11-13,12.292471042471043,300,19.883299827907848,152608.9989,10.602916666666667,6.94,14.75,9.504583333333333,89.0,3.408333333333333,5.05,1026.625,28.916666666666668,0.68,0.0,,Clear,10-15°C,True,False
2018-11-14,12.234555984555984,120,18.617785168311425,149997.6664,8.967916666666666,4.78,14.39,7.679166666666667,92.16666666666667,2.671666666666667,3.46,1025.875,49.416666666666664,0.0,0.0,,Clouds,0-10°C,False,False
2018-11-15,11.650579150579151,120,17.608805291880223,157388.9987,8.22625,7.1,9.09,6.780833333333334,98.125,2.45125,3.2,1023.1666666666666,57.833333333333336,0.0,0.0,,Clouds,0-10°C,False,False
2018-11-16,15.27992277992278,120,19.17652431700183,210562.333,6.51125,4.1,8.78,4.575833333333333,98.20833333333333,2.6495833333333336,3.23,1024.9166666666667,92.04166666666667,0.0,0.0,,Clouds,0-10°C,False,False
2018-11-17,21.947393822393824,100,24.936106337770084,212221.9976,4.06375,0.06,7.8,0.6866666666666666,84.375,4.19,5.55,1024.0833333333333,7.583333333333333,0.0,0.0,,Clear,0-10°C,False,False
2018-11-18,20.098938223938223,155,24.869089578192007,194216.6669,3.9270833333333335,1.3,8.43,0.13875,72.54166666666667,4.736666666666667,5.32,1021.8333333333334,0.0,0.0,0.0,,Clear,0-10°C,False,False
2018-11-19,11.561293436293436,90,17.83114934272235,157663.1661,2.7279166666666668,-0.74,5.72,-1.6041666666666667,74.0,5.280833333333333,7.25,1013.1666666666666,28.125,0.0,0.0,,Clouds,0-10°C,False,False
2018-11-20,8.952702702702704,90,15.670702439637111,129824.9995,1.5608333333333333,-0.2,2.73,-1.6591666666666667,90.875,3.4491666666666667,5.58,1003.9583333333334,79.58333333333333,1.26,1.3900000000000001,,Clouds,0-10°C,True,True
2018-11-21,10.366795366795367,105,16.075948960145737,149613.3091,1.7145833333333333,-2.65,5.73,-0.2316666666666667,89.16666666666667,1.8458333333333332,2.57,1013.375,42.583333333333336,0.0,0.0,,Clouds,0-10°C,False,False
2018-11-22,10.444015444015443,90,17.01664345322115,148149.6647,2.5725000000000002,0.81,4.31,0.24666666666666667,97.04166666666667,2.3733333333333335,3.42,1016.9583333333334,87.125,0.0,0.0,,Clouds,0-10°C,False,False
2018-11-23,13.231177606177607,105,17.470293002100956,214183.9999,3.967916666666667,2.07,6.42,1.4875,94.75,2.754583333333333,3.54,1013.4166666666666,69.04166666666667,3.25,0.0,,Clouds,0-10°C,True,False
2018-11-24,22.596525096525095,100,24.709130642790704,220371.1628,6.8933333333333335,4.72,8.46,4.829583333333333,94.33333333333333,3.080833333333333,4.75,1010.2083333333334,80.0,6.82,0.0,,Clouds,0-10°C,True,False
2018-11-25,17.323841698841697,100,21.498494688862515,189851.5011,6.525833333333334,4.33,8.06,4.047083333333333,95.0,3.62625,4.76,1006.0,99.91666666666667,6.12,0.0,,Rain,0-10°C,True,False
2018-11-26,11.727799227799228,100,17.068675423617204,152019.9665,5.132916666666667,4.35,5.76,2.5691666666666664,94.91666666666667,3.1420833333333333,3.62,1010.2083333333334,99.91666666666667,1.1,0.0,,Clouds,0-10°C,True,False
2018-11-27,10.031370656370656,90,15.54456469333356,154020.0004,6.245416666666666,4.76,8.77,4.0675,91.625,3.2329166666666667,5.96,1018.75,91.95833333333333,2.48,0.0,,Clouds,0-10°C,True,False
2018-11-28,9.413610038610038,90,15.152731787894947,149522.0666,9.803333333333333,7.05,11.05,8.439166666666667,92.70833333333333,5.175416666666666,6.22,1017.25,99.625,11.26,0.0,,Rain,0-10°C,True,False
2018-11-29,10.581563706563706,120,17.851447410956556,157391.8337,11.401666666666666,9.76,13.76,10.456666666666667,82.83333333333333,5.3062499999999995,6.16,1012.1666666666666,97.625,3.48,0.0,,Clouds,10-15°C,True,False
2018-11-30,17.31418918918919,300,24.38008289028663,230193.9936,9.82625,6.24,12.55,8.320416666666667,87.20833333333333,3.9633333333333334,5.25,1013.5833333333334,45.583333333333336,0.0,0.0,,Clouds,0-10°C,False,False
2018-12-01,23.081563706563706,300,28.8977385441575,211654.8291,8.0575,5.03,11.01,5.802083333333333,95.58333333333333,5.63375,7.76,1012.5416666666666,89.375,11.85,0.0,,Rain,0-10°C,True,False
2018-12-02,20.333011583011583,300,24.6792090972292,189837.1665,13.764166666666666,11.04,15.45,13.66125,94.41666666666667,6.312916666666666,6.96,1005.6666666666666,99.16666666666667,14.45,0.0,,Rain,10-15°C,True,False
2018-12-03,15.366795366795367,120,22.118827019118964,160566.9995,13.017083333333332,10.76,14.46,12.688333333333333,88.625,7.134583333333333,9.3,1007.5833333333334,78.95833333333333,6.6,0.0,,Clouds,10-15°C,True,False
2018-12-04,14.75627413127413,120,22.295282735872053,158001.9911,9.3925,7.55,11.13,8.3325,86.83333333333333,2.419166666666667,4.83,1021.0416666666666,72.95833333333333,1.3,0.0,,Clouds,0-10°C,True,False
2018-12-05,12.680984555984557,120,19.366252322421477,158644.4998,9.491666666666667,7.32,12.02,8.232083333333334,90.04166666666667,3.9075,5.19,1019.9166666666666,99.33333333333333,3.8,0.0,,Clouds,0-10°C,True,False
2018-12-06,12.66891891891892,120,20.615714079563762,150965.6669,12.174999999999999,11.06,13.34,11.884583333333333,93.29166666666667,3.9316666666666666,5.02,1019.5833333333334,97.79166666666667,0.37,0.0,,Clouds,10-15°C,True,False
2018-12-07,16.030405405405407,120,21.8016948612158,201832.7768,9.940833333333334,6.58,11.76,8.176666666666668,85.875,7.314166666666666,10.35,1013.375,79.125,5.7,0.0,,Clouds,0-10°C,True,False
2018-12-08,26.023166023166024,160,31.237790569243902,213857.797,9.234166666666667,6.48,11.42,6.9775,83.20833333333333,8.1675,9.74,1012.5833333333334,85.5,4.72,0.0,,Clouds,0-10°C,True,False
2018-12-09,17.00772200772201,105,21.58213261725934,194264.9005,9.044583333333334,7.24,10.59,6.021249999999999,83.25,7.54,10.2,1013.25,60.833333333333336,4.07,0.0,,Clouds,0-10°C,True,False
2018-12-10,14.712837837837839,110,20.483109345894334,169642.6013,7.148333333333333,5.0,9.84,4.685,90.29166666666667,3.7716666666666665,4.55,1026.9583333333333,50.541666666666664,1.4,0.0,,Clouds,0-10°C,True,False
2018-12-11,13.337355212355213,90,18.701797060223345,166380.8706,5.184166666666667,2.94,8.21,4.489583333333333,98.45833333333333,1.3525,2.71,1026.0416666666667,81.54166666666667,0.0,0.0,,Clouds,0-10°C,False,False
2018-12-12,12.823359073359073,120,18.59610803116436,158740.7658,0.86625,-1.57,4.14,-2.68875,92.08333333333333,3.3829166666666666,5.4,1022.7083333333334,45.625,0.0,0.0,,Clouds,0-10°C,False,False
2018-12-13,12.130791505791505,90,17.75779363861409,149811.5016,0.5029166666666667,-0.99,3.56,-4.199166666666667,83.375,4.912083333333333,5.81,1015.6666666666666,28.375,0.0,0.0,,Clear,0-10°C,False,False
2018-12-14,16.973938223938223,120,20.448573984818577,221595.4994,-0.7091666666666666,-2.82,1.36,-3.7725000000000004,79.29166666666667,2.52875,3.37,1021.4166666666666,26.833333333333332,0.0,0.0,,Clear,<0°C,False,False
2018-12-15,21.488899613899616,180,28.577085300869154,200196.5006,0.23333333333333336,-1.58,1.98,-4.017916666666667,85.83333333333333,4.451666666666667,7.12,1019.375,87.25,1.71,10.08,,Clouds,0-10°C,True,True
2018-12-16,19.604247104247104,300,25.872747712204347,194441.4996,4.947916666666667,2.33,7.13,2.0275,98.0,3.654166666666667,4.61,1012.125,99.79166666666667,0.62,0.0,,Clouds,0-10°C,True,False
2018-12-17,15.250965250965251,120,21.87239117996155,159433.8343,6.014583333333333,4.11,8.83,3.214166666666667,94.79166666666667,3.8512500000000003,4.65,1021.875,62.25,0.63,0.0,,Clouds,0-10°C,True,False
2018-12-18,15.757722007722007,90,20.587817304548437,203199.6653,6.19125,3.68,7.77,2.922083333333333,88.625,4.899583333333333,6.25,1017.5416666666666,85.375,1.4300000000000002,0.0,,Clouds,0-10°C,True,False
2018-12-19,14.319498069498069,120,20.301808881998987,174747.4992,8.237499999999999,6.78,9.89,5.3075,92.66666666666667,5.230416666666667,6.26,1012.375,92.75,3.63,0.0,,Clouds,0-10°C,True,False
2018-12-20,14.703185328185327,155,21.535597729543692,181551.6675,7.939166666666666,6.68,9.52,4.729166666666667,88.66666666666667,5.746666666666666,7.13,1015.0416666666666,76.33333333333333,0.12,0.0,,Clouds,0-10°C,True,False
2018-12-21,16.332046332046332,200,21.85200597650644,195375.4986,12.037916666666668,8.52,14.22,11.39,94.625,8.14875,10.87,1011.0416666666666,98.41666666666667,8.64,0.0,,Rain,10-15°C,True,False
2018-12-22,25.31611969111969,150,29.090660179971408,220235.3474,10.63875,8.26,12.36,9.747083333333334,88.0,5.3425,7.52,1020.9166666666666,97.08333333333333,1.7100000000000002,0.0,,Clouds,10-15°C,True,False
2018-12-23,21.493725868725868,100,24.506741043236598,215708.0001,10.908333333333333,7.98,13.04,10.047083333333333,97.95833333333333,5.6570833333333335,7.82,1022.5833333333334,99.125,12.18,0.0,,Clouds,10-15°C,True,False
2018-12-24,19.399131274131275,120,22.559293817308017,214429.3322,7.416666666666667,2.09,12.61,5.815416666666667,94.41666666666667,3.04625,6.3,1030.5,82.625,3.79,0.0,,Clouds,0-10°C,True,False
2018-12-25,23.981660231660232,130,27.496993410015605,206603.665,1.9979166666666668,-0.09,6.4,0.03875000000000006,90.33333333333333,1.9525,2.7,1035.6666666666667,24.166666666666668,0.0,0.0,,Clouds,0-10°C,False,False
2018-12-26,22.45173745173745,120,25.679516228225197,217486.4999,-0.40833333333333327,-2.34,2.87,-2.919166666666667,94.83333333333333,2.015,2.68,1031.9166666666667,55.125,0.0,0.0,,Clouds,<0°C,False,False
2018-12-27,30.733590733590734,120,33.30343458611653,238142.6671,-0.9208333333333333,-2.26,0.32,-2.9804166666666667,98.16666666666667,1.7441666666666666,2.49,1027.5,81.875,0.0,0.0,,Clouds,<0°C,False,False
2018-12-28,29.343629343629345,140,33.109473655288504,230340.8312,-0.11750000000000001,-0.76,0.64,-0.6616666666666667,99.375,1.1091666666666666,2.37,1031.7916666666667,99.875,0.0,0.11,,Clouds,<0°C,False,True
2018-12-29,27.71718146718147,225,31.864272365379232,243788.8345,3.3508333333333336,0.65,6.21,1.4766666666666666,100.0,2.345833333333333,3.82,1036.125,99.75,0.0,0.0,,Clouds,0-10°C,False,False
2018-12-30,27.647200772200772,150,31.435978057765674,235036.0012,7.353750000000001,6.65,8.28,6.3075,100.0,1.88875,2.87,1036.7083333333333,98.375,0.0,0.0,,Clouds,0-10°C,False,False
2018-12-31,22.487934362934364,120,24.871467738445673,262372.1676,8.08375,7.47,9.23,6.992916666666667,99.875,1.9908333333333335,2.62,1036.3333333333333,99.04166666666667,0.1,0.0,,Clouds,0-10°C,True,False
2019-01-01,22.253861003861005,120,26.13640692278488,221323.3321,7.298749999999999,6.58,7.93,5.457083333333333,92.45833333333333,2.7904166666666668,4.26,1035.0,95.625,0.0,0.0,,Clouds,0-10°C,False,False
2019-01-02,26.969111969111967,215,30.783397915696835,233808.1663,4.989166666666667,3.98,6.21,2.2245833333333334,68.16666666666667,3.4120833333333334,4.06,1039.75,53.666666666666664,0.0,0.0,,Clouds,0-10°C,False,False
2019-01-03,31.11727799227799,300,34.302658514926186,235192.5006,4.28375,2.96,5.63,2.105,78.41666666666667,2.4533333333333336,3.24,1040.7083333333333,41.541666666666664,0.0,0.0,,Clouds,0-10°C,False,False
2019-01-04,29.39189189189189,165,31.608525457465745,234760.4992,3.5195833333333333,1.69,5.05,1.0970833333333332,83.33333333333333,2.5741666666666667,3.07,1040.1666666666667,74.58333333333333,0.0,0.0,,Clouds,0-10°C,False,False
2019-01-05,29.534266409266408,210,33.798802311679346,237509.3334,4.327916666666667,3.51,5.31,1.67125,70.33333333333333,3.080833333333333,4.03,1037.6666666666667,89.25,0.0,0.0,,Clouds,0-10°C,False,False
2019-01-06,17.898166023166024,110,22.948113045247617,206400.0181,4.3950000000000005,3.3,5.5,2.436666666666667,81.79166666666667,2.245833333333333,3.06,1036.7916666666667,87.45833333333333,0.31,0.0,,Clouds,0-10°C,True,False
2019-01-07,10.106177606177607,180,17.017851293263032,136276.6653,6.18875,4.87,7.74,4.345416666666667,95.20833333333333,2.65375,5.02,1035.0833333333333,85.0,0.13,0.0,,Clouds,0-10°C,True,False
2019-01-08,8.20945945945946,90,14.695642206196098,125023.0993,7.225833333333333,4.75,8.7,4.160416666666666,84.29166666666667,4.95625,5.65,1026.4583333333333,78.91666666666667,0.26,0.0,,Clouds,0-10°C,True,False
2019-01-09,6.088320463320463,105,11.810323691799304,125626.9328,3.9195833333333336,1.35,5.36,-0.24291666666666667,87.125,5.535833333333334,7.15,1024.2916666666667,74.08333333333333,0.11,0.0,,Clouds,0-10°C,True,False
2019-01-10,7.224903474903475,75,12.354282378422532,127005.2346,2.08,0.11,4.58,-1.1925,89.625,3.4645833333333336,4.99,1027.875,71.04166666666667,0.0,0.0,,Clouds,0-10°C,False,False
2019-01-11,6.742277992277992,90,12.23877951517985,133202.8334,5.013333333333333,2.65,7.51,3.203333333333333,95.625,2.40625,3.44,1028.75,95.91666666666667,0.72,0.0,,Clouds,0-10°C,True,False
2019-01-12,19.333976833976834,200,29.015146879614854,157561.9998,6.87875,5.3,8.56,4.16875,92.66666666666667,4.225416666666667,5.79,1026.0833333333333,93.0,0.36,0.0,,Clouds,0-10°C,True,False
2019-01-13,15.125482625482626,160,23.353221354199484,151818.9991,9.599583333333333,7.97,11.12,7.3758333333333335,91.95833333333333,6.301666666666667,7.65,1016.5833333333334,100.0,0.75,0.0,,Clouds,0-10°C,True,False
2019-01-14,8.660714285714286,85,14.527957731186403,133793.9992,7.847083333333334,5.23,9.46,5.345833333333334,78.0,4.308333333333334,6.43,1019.875,65.04166666666667,0.19,0.0,,Clouds,0-10°C,True,False
2019-01-15,6.46476833976834,65,11.372058824872934,132070.0002,6.48,5.38,7.76,5.064583333333333,77.83333333333333,2.1470833333333332,3.82,1023.375,76.79166666666667,0.0,0.0,,Clouds,0-10°C,False,False
2019-01-16,6.180019305019305,60,10.345080562243956,123695.8328,4.461666666666667,0.77,6.7,1.6579166666666667,79.41666666666667,3.5904166666666666,6.11,1012.8333333333334,93.33333333333333,0.8,0.0,,Clouds,0-10°C,True,False
2019-01-17,6.211389961389961,75,10.78989036274393,133344.2985,4.322916666666667,0.04,7.16,0.7154166666666667,88.75,4.861666666666667,6.73,1011.7916666666666,58.458333333333336,2.6999999999999997,0.0,,Clouds,0-10°C,True,False
2019-01-18,6.539575289575289,75,11.646009150307515,137130.6092,0.7170833333333334,-1.42,4.81,-1.8054166666666667,94.08333333333333,2.29875,3.8,1019.3333333333334,58.291666666666664,0.0,0.0,,Clouds,0-10°C,False,False
2019-01-19,16.358590733590734,120,23.93961265603872,165669.4281,-0.2679166666666667,-2.48,1.41,-4.225833333333333,98.66666666666667,3.4983333333333335,4.3,1012.3333333333334,85.58333333333333,0.0,2.85,,Clouds,<0°C,False,True
2019-01-20,12.93918918918919,140,20.183254336089757,147841.963,1.4466666666666665,-0.37,2.02,-1.3945833333333333,100.0,2.7108333333333334,3.88,1014.5,97.125,0.0,2.95,,Clouds,0-10°C,False,True
2019-01-21,7.992277992277992,90,12.846790167165,131109.9662,-1.4158333333333333,-3.99,2.47,-3.785,93.16666666666667,1.9566666666666668,3.02,1022.2916666666666,12.875,0.0,0.0,,Clear,<0°C,False,False
2019-01-22,5.135135135135135,90,9.974912087586338,111086.4668,-0.75375,-3.17,1.11,-4.982083333333333,99.29166666666667,3.75,4.9,1007.9583333333334,97.125,0.0,8.39,,Clouds,<0°C,False,True
2019-01-23,5.330598455598456,75,9.90657810462716,112771.9655,0.5145833333333333,-1.16,1.46,-3.7720833333333332,88.08333333333333,4.206666666666667,5.36,998.875,92.41666666666667,0.0,2.59,,Clouds,0-10°C,False,True
2019-01-24,6.614382239382239,75,11.405880280711235,119037.001,0.05791666666666667,-1.94,1.62,-2.566666666666667,82.04166666666667,2.3245833333333334,3.8,1012.7083333333334,96.29166666666667,0.0,1.27,,Clouds,0-10°C,False,True
2019-01-25,6.3778957528957525,75,11.107027447877359,134643.8335,2.7445833333333334,0.77,6.28,0.7087500000000001,98.08333333333333,2.4129166666666664,3.82,1016.625,100.0,0.44,1.1,,Clouds,0-10°C,True,True
2019-01-26,18.728281853281853,110,26.368154771188912,157901.9665,7.5945833333333335,6.57,8.6,4.557083333333334,86.75,5.230416666666667,7.54,1010.5833333333334,98.95833333333333,0.9099999999999999,0.0,,Clouds,0-10°C,True,False
2019-01-27,12.948841698841699,300,21.764094233129608,145153.6331,5.730833333333333,2.54,7.81,1.37375,75.16666666666667,7.295000000000001,9.07,995.0,74.45833333333333,5.55,0.0,,Rain,0-10°C,True,False
2019-01-28,8.25530888030888,60,13.240485256670837,137046.2669,2.8662500000000004,0.2,4.8,-1.08,64.54166666666667,4.769166666666666,7.14,1005.375,54.083333333333336,0.0,0.0,,Clouds,0-10°C,False,False
2019-01-29,5.651544401544402,60,10.435250567084353,122834.8669,0.9495833333333333,-0.96,3.67,-2.8995833333333336,73.29166666666667,4.05,6.2,1002.2916666666666,88.04166666666667,0.12,6.86,,Clouds,0-10°C,True,True
2019-01-30,5.4005791505791505,75,10.405063194410722,103350.8001,2.688333333333333,1.16,4.59,-1.0870833333333334,84.625,4.534583333333333,8.38,995.75,84.75,2.49,7.3,,Clouds,0-10°C,True,True
2019-01-31,5.535714285714286,60,9.406721585206103,120003.6665,0.03583333333333333,-1.73,2.89,-3.475,88.83333333333333,3.875,6.65,992.5,86.58333333333333,0.2,4.23,,Clouds,0-10°C,True,True
2019-02-01,7.087355212355212,105,12.723087761834668,135749.3325,3.7291666666666665,1.73,5.26,1.5679166666666664,95.66666666666667,2.565,4.48,987.125,82.16666666666667,11.33,0.0,,Clouds,0-10°C,True,False
2019-02-02,14.838320463320464,125,21.32921045007454,166337.6678,3.1616666666666666,2.38,4.24,-1.0641666666666667,84.08333333333333,5.48125,7.66,1000.625,92.79166666666667,1.05,0.0,,Clouds,0-10°C,True,False
2019-02-03,15.762548262548263,90,23.131738829105124,148304.8334,2.7429166666666664,0.23,5.31,-1.055,76.83333333333333,4.56,7.11,1022.7916666666666,61.5,0.0,0.0,,Clouds,0-10°C,False,False
2019-02-04,9.370173745173744,155,15.588458456606036,137383.5009,2.10875,0.23,3.94,-1.4675,69.625,3.7470833333333338,4.94,1027.5,99.5,1.42,0.0,,Clouds,0-10°C,True,False
2019-02-05,8.11534749034749,60,12.554380636937688,141160.6668,4.0525,2.02,7.8,2.3225000000000002,60.083333333333336,2.0187500000000003,2.69,1027.75,48.958333333333336,0.0,0.0,,Clouds,0-10°C,False,False
2019-02-06,6.94980694980695,120,12.535276729535562,139569.3603,6.748333333333334,2.98,9.36,4.2125,91.58333333333333,3.764583333333333,5.26,1022.8333333333334,98.875,2.2,0.0,,Clouds,0-10°C,True,False
2019-02-07,7.794401544401544,150,12.94363248666084,134996.6663,8.4325,6.12,10.35,5.5683333333333325,74.58333333333333,5.46625,7.16,1015.2916666666666,49.791666666666664,2.45,0.0,,Clouds,0-10°C,True,False
2019-02-08,8.578667953667953,90,14.091498906810218,147783.9992,8.324166666666667,6.14,9.65,4.7975,74.75,7.222916666666666,10.46,1012.7083333333334,98.375,3.0300000000000002,0.0,,Clouds,0-10°C,True,False
2019-02-09,18.585907335907336,125,23.018862675365046,181835.9997,9.120833333333334,7.33,11.38,6.203749999999999,70.79166666666667,7.12125,9.87,1010.8333333333334,75.33333333333333,2.77,0.0,,Clouds,0-10°C,True,False
2019-02-10,14.481177606177607,95,21.95334663007186,138545.3324,8.011666666666667,5.73,10.22,4.04125,70.54166666666667,8.763333333333334,11.41,1002.9166666666666,86.16666666666667,14.58,0.0,,Rain,0-10°C,True,False
2019-02-11,15.78426640926641,100,20.55131682913208,165044.9993,5.499583333333334,2.4,9.79,2.8479166666666664,80.79166666666667,3.513333333333333,5.37,1024.25,73.5,1.41,0.0,,Clouds,0-10°C,True,False
2019-02-12,15.675675675675675,115,21.218370433887074,163048.6659,3.186666666666667,-0.9,9.57,2.4325,89.625,1.2283333333333333,2.54,1036.125,72.91666666666667,0.0,0.0,,Clouds,0-10°C,False,False
2019-02-13,15.041023166023166,90,20.283141987379512,153514.1657,2.1454166666666663,-1.77,8.1,-0.09500000000000007,84.83333333333333,2.157083333333333,2.82,1036.0416666666667,45.625,0.0,0.0,,Clouds,0-10°C,False,False
2019-02-14,15.825289575289576,90,21.183463786964676,171166.6669,5.3379166666666675,-0.32,11.96,3.185416666666667,75.91666666666667,2.5083333333333333,3.26,1033.0416666666667,1.3333333333333333,0.0,0.0,,Clear,0-10°C,False,False
2019-02-15,15.132722007722007,300,21.92882236548459,167003.8291,7.5512500000000005,2.18,15.3,5.617916666666667,66.875,2.5920833333333335,3.18,1029.0416666666667,0.0,0.0,0.0,,Clear,0-10°C,False,False
2019-02-16,24.268822393822393,150,31.793843914017256,191103.1717,7.080416666666667,0.56,15.3,5.187916666666667,74.25,2.25,2.93,1026.3333333333333,17.375,0.0,0.0,,Clear,0-10°C,False,False
2019-02-17,23.19015444015444,210,32.518709684598775,181364.2757,8.732916666666666,3.22,17.19,6.680833333333333,63.5,3.217083333333333,4.28,1021.0833333333334,31.125,0.0,0.0,,Clear,0-10°C,False,False
2019-02-18,18.788610038610038,120,24.82735570120006,178229.8319,8.165833333333333,1.63,14.79,6.4870833333333335,71.66666666666667,2.6470833333333332,3.82,1018.4166666666666,31.208333333333332,0.0,0.0,,Clear,0-10°C,False,False
2019-02-19,18.858590733590734,120,25.194325074812884,176499.5612,7.43,3.52,10.68,6.342083333333334,82.33333333333333,1.84375,2.42,1021.9583333333334,80.79166666666667,1.45,0.0,,Clouds,0-10°C,True,False
2019-02-20,17.598938223938223,130,23.905088743284047,173978.5001,5.987500000000001,0.64,12.8,4.77375,84.5,1.585,2.38,1024.0833333333333,59.791666666666664,0.0,0.0,,Clouds,0-10°C,False,False
2019-02-21,18.725868725868725,120,25.244208436832924,180107.1665,8.015,2.44,15.35,6.8500000000000005,80.0,1.5725,2.71,1028.6666666666667,3.875,0.0,0.0,,Clear,0-10°C,False,False
2019-02-22,17.69787644787645,125,23.653694887341654,175233.4943,8.965833333333334,1.87,16.85,7.7525,73.79166666666667,2.0116666666666667,3.07,1034.1666666666667,8.0,0.0,0.0,,Clear,0-10°C,False,False
2019-02-23,23.22635135135135,180,29.46330522879972,192512.1652,9.552083333333334,5.02,15.35,7.512083333333333,61.5,3.6195833333333334,4.11,1033.3333333333333,0.041666666666666664,0.0,0.0,,Clear,0-10°C,False,False
2019-02-24,18.87065637065637,150,25.478116038376207,183056.4992,7.575833333333333,1.85,14.38,5.156666666666667,47.333333333333336,3.1320833333333336,3.78,1034.4583333333333,0.0,0.0,0.0,,Clear,0-10°C,False,False
2019-02-25,17.84507722007722,160,22.983663816030873,186704.1644,9.442083333333333,2.58,16.67,7.465416666666666,50.25,2.954166666666667,3.76,1034.625,0.0,0.0,0.0,,Clear,0-10°C,False,False
2019-02-26,17.659266409266408,120,22.57021280530484,188314.3303,10.613750000000001,4.24,18.44,9.053333333333333,58.833333333333336,2.49875,3.06,1031.625,0.041666666666666664,0.0,0.0,,Clear,10-15°C,False,False
2019-02-27,17.21042471042471,300,22.826854994623336,186963.9999,10.810833333333333,3.27,19.7,9.615,65.66666666666667,1.6941666666666666,2.46,1025.7916666666667,0.0,0.0,0.0,,Clear,10-15°C,False,False
2019-02-28,14.681467181467182,120,19.85570555629964,176000.667,9.814166666666667,6.38,13.91,8.05875,75.33333333333333,4.87,7.11,1021.2083333333334,53.958333333333336,1.11,0.0,,Clouds,0-10°C,True,False
2019-03-01,15.861486486486486,120,20.833515492002086,175749.1648,9.545,8.38,10.68,7.837083333333333,80.125,4.050833333333333,6.68,1019.75,96.20833333333333,2.97,0.0,,Clouds,0-10°C,True,False
2019-03-02,22.203185328185327,140,26.811640298898972,192828.6564,9.620416666666666,7.23,12.04,7.763750000000001,75.29166666666667,4.497083333333333,5.9,1017.1666666666666,95.5,3.39,0.0,,Clouds,0-10°C,True,False
2019-03-03,17.562741312741313,150,24.290927855155843,192358.304,11.822916666666666,9.6,14.14,10.537083333333333,71.83333333333333,7.3999999999999995,9.93,1010.4166666666666,95.75,1.52,0.0,,Clouds,10-15°C,True,False
2019-03-04,16.283783783783782,120,23.24304369526001,171957.4988,8.72625,5.53,11.19,5.52625,71.95833333333333,8.384166666666667,12.49,1002.3333333333334,74.58333333333333,5.88,0.0,,Clouds,0-10°C,True,False
2019-03-05,18.467664092664094,120,24.053897245887146,174678.9554,7.95,4.68,11.57,5.18,77.91666666666667,4.993333333333333,6.76,1009.7083333333334,85.91666666666667,5.93,0.0,,Clouds,0-10°C,True,False
2019-03-06,15.711872586872587,105,21.21178061499547,173758.0189,9.960416666666667,7.93,11.81,8.174583333333333,71.08333333333333,5.343333333333334,6.1,998.625,97.5,8.33,0.0,,Clouds,0-10°C,True,False
2019-03-07,18.091216216216218,120,23.47138101534139,183641.0263,8.72875,6.4,11.38,5.607083333333333,69.83333333333333,7.294583333333333,8.9,1001.4583333333334,52.541666666666664,7.42,0.0,,Clouds,0-10°C,True,False
2019-03-08,22.04391891891892,140,27.97373227566191,185607.5188,8.426666666666668,4.35,12.08,5.881666666666667,69.58333333333333,5.394583333333333,7.1,1016.2083333333334,57.375,0.76,0.0,,Clouds,0-10°C,True,False
2019-03-09,25.176158301158303,210,31.909764600836105,192329.9746,11.099583333333333,7.94,14.47,9.42,74.58333333333333,5.8325,8.29,1018.5833333333334,99.45833333333333,3.19,0.0,,Clouds,10-15°C,True,False
2019-03-10,17.43243243243243,120,23.53316839583571,176982.5004,10.820833333333333,7.04,13.11,9.119583333333333,63.0,8.378333333333334,10.81,1016.625,64.25,3.3200000000000003,0.0,,Clouds,10-15°C,True,False
2019-03-11,14.821428571428571,130,21.20960589490079,158141.5011,6.328333333333333,3.37,9.67,2.8524999999999996,67.70833333333333,5.829583333333333,7.79,1026.9166666666667,40.5,1.84,0.0,,Clouds,0-10°C,True,False
2019-03-12,11.467181467181467,120,17.532335695770495,156933.3423,7.08875,3.43,12.28,3.89,67.91666666666667,6.540416666666666,9.96,1017.25,86.45833333333333,3.32,0.0,,Clouds,0-10°C,True,False
2019-03-13,9.502895752895753,200,15.730068249670634,155229.4754,7.104583333333333,4.2,10.73,3.3020833333333335,66.54166666666667,7.285,9.7,1014.9583333333334,58.791666666666664,0.8400000000000001,0.0,,Clouds,0-10°C,True,False
2019-03-14,8.646235521235521,155,15.7758883468518,138547.1684,8.455,5.98,11.02,5.544999999999999,78.54166666666667,7.344166666666666,9.54,1013.4166666666666,99.0,8.74,0.0,,Rain,0-10°C,True,False
2019-03-15,13.7234555984556,120,19.171624927107402,177836.0389,12.019583333333335,10.11,13.5,11.140833333333333,71.375,7.39875,8.54,1015.5833333333334,99.95833333333333,2.58,0.0,,Clouds,10-15°C,True,False
2019-03-16,29.07335907335907,170,39.13798868232684,176708.4637,11.075000000000001,9.51,13.9,9.530416666666666,66.91666666666667,7.095,8.24,1013.4583333333334,62.916666666666664,0.0,0.0,,Clouds,10-15°C,False,False
2019-03-17,20.127895752895753,150,28.346438461561373,172008.1706,6.98875,3.45,9.32,3.5395833333333333,72.91666666666667,5.945,7.89,1010.25,69.33333333333333,6.7,0.0,,Clouds,0-10°C,True,False
2019-03-18,16.710907335907336,125,23.586141098206287,162328.3976,6.590416666666667,3.47,10.83,4.225833333333333,73.25,3.4287500000000004,4.39,1021.75,63.75,0.41,0.0,,Clouds,0-10°C,True,False
2019-03-19,16.192084942084943,300,23.79348975261811,158711.6649,6.868333333333333,0.95,12.29,5.230833333333333,70.58333333333333,1.5929166666666665,2.91,1029.0,48.916666666666664,0.0,0.0,,Clouds,0-10°C,False,False
2019-03-20,13.807915057915057,120,19.95111783690532,157701.0003,7.903333333333333,1.84,13.14,6.958333333333333,68.33333333333333,1.3608333333333331,2.68,1033.9166666666667,48.958333333333336,0.0,0.0,,Clouds,0-10°C,False,False
2019-03-21,14.792471042471043,300,21.914750357232617,165677.9665,9.812916666666666,3.98,15.8,8.350833333333332,70.625,2.5779166666666664,3.77,1032.625,7.333333333333333,0.0,0.0,,Clear,0-10°C,False,False
2019-03-22,16.836389961389962,125,22.747512332849265,177807.9997,10.525833333333333,3.69,17.67,9.350833333333332,62.833333333333336,1.5429166666666667,2.56,1028.9166666666667,4.125,0.0,0.0,,Clear,10-15°C,False,False
2019-03-23,32.422779922779924,200,41.46920136554955,191476.8199,8.209583333333333,4.29,13.14,6.7475,83.375,2.63125,3.57,1029.4583333333333,51.708333333333336,0.0,0.0,,Clouds,0-10°C,False,False
2019-03-24,25.050675675675677,165,32.44629094021296,184378.8325,8.573333333333332,5.53,11.9,7.034166666666667,73.75,2.9562500000000003,4.54,1027.7083333333333,58.541666666666664,0.0,0.0,,Clouds,0-10°C,False,False
2019-03-25,18.221525096525095,120,24.857112862622156,168181.0019,7.276666666666666,2.26,11.46,4.77375,67.625,4.733333333333333,6.97,1029.1666666666667,33.416666666666664,0.0,0.0,,Clouds,0-10°C,False,False
2019-03-26,14.181949806949808,100,20.781896126825412,174864.6663,8.1675,4.82,12.56,6.255416666666666,66.54166666666667,3.1770833333333335,4.08,1032.9583333333333,53.875,0.0,0.0,,Clouds,0-10°C,False,False
2019-03-27,13.117760617760618,90,19.027024243789793,167003.0149,8.116249999999999,2.96,12.68,6.1725,72.20833333333333,3.345,4.22,1033.4583333333333,32.208333333333336,0.0,0.0,,Clouds,0-10°C,False,False
2019-03-28,15.231660231660232,120,21.345820157321246,176951.1763,8.96375,4.06,13.94,7.047916666666667,69.79166666666667,3.2258333333333336,3.69,1033.375,10.833333333333334,0.0,0.0,,Clouds,0-10°C,False,False
2019-03-29,17.084942084942085,120,23.239490131887106,178365.4994,11.080416666666666,4.9,17.3,9.559166666666668,66.33333333333333,2.8204166666666666,3.39,1027.2083333333333,15.5,0.0,0.0,,Clear,10-15°C,False,False
2019-03-30,34.18194980694981,300,44.505103114655896,196057.1665,11.990833333333333,4.47,19.31,10.565,57.791666666666664,1.9895833333333333,2.88,1021.4166666666666,35.291666666666664,0.0,0.0,,Clouds,10-15°C,False,False
2019-03-31,25.243725868725868,200,33.075874601511224,206268.484,12.70375,4.82,20.04,11.567916666666667,55.875,2.825416666666667,5.17,1018.6666666666666,6.041666666666667,0.0,0.0,,Clear,10-15°C,False,False
2019-04-01,18.06949806949807,90,22.05495520065595,187647.0178,13.456666666666665,6.64,20.2,11.99125,61.458333333333336,3.1154166666666665,4.13,1015.7083333333334,31.5,0.0,0.0,,Clear,10-15°C,False,False
2019-04-02,12.56515444015444,105,17.939368942747613,161690.1222,11.692916666666667,7.3,16.32,10.292916666666667,65.20833333333333,3.9891666666666663,7.12,1007.5833333333334,77.54166666666667,5.05,0.0,,Clouds,10-15°C,True,False
2019-04-03,11.722972972972974,120,16.642330338487994,189350.9887,6.421666666666667,3.5,9.5,4.207083333333333,73.08333333333333,3.1591666666666662,4.3,1001.375,73.08333333333333,4.5,0.0,,Rain,0-10°C,True,False
2019-04-04,13.257722007722007,105,16.979272398627877,209871.1887,6.601666666666667,1.75,11.71,4.598333333333334,68.25,2.8666666666666667,4.16,1000.2083333333334,31.875,0.0,0.0,,Clouds,0-10°C,False,False
2019-04-05,14.630791505791505,75,18.280667076185384,208251.9981,8.239583333333334,1.71,12.96,6.013750000000001,66.25,3.6645833333333333,4.32,1002.7916666666666,73.20833333333333,0.0,0.0,,Clouds,0-10°C,False,False
2019-04-06,22.644787644787645,160,25.818859434801425,207392.4988,10.809166666666668,3.92,16.6,9.080833333333333,64.04166666666667,3.5204166666666663,4.62,1001.5833333333334,65.83333333333333,0.0,0.0,,Clouds,10-15°C,False,False
2019-04-07,20.282335907335906,120,24.014218320653452,214150.0004,11.594999999999999,8.75,15.22,10.231250000000001,64.04166666666667,2.9804166666666667,4.16,1006.5833333333334,88.04166666666667,0.0,0.0,,Clouds,10-15°C,False,False
2019-04-08,23.9527027027027,105,24.982150700622572,215247.8189,11.43875,5.8,16.21,10.300416666666667,68.70833333333333,1.8970833333333335,2.51,1010.75,76.0,0.41000000000000003,0.0,,Clouds,10-15°C,True,False
2019-04-09,22.18146718146718,120,25.550810649334224,209599.8344,10.943333333333333,9.21,13.27,10.072916666666666,77.58333333333333,2.2095833333333332,3.38,1010.3333333333334,66.5,2.58,0.0,,Clouds,10-15°C,True,False
2019-04-10,18.94787644787645,130,23.199077250006038,214487.1707,10.004583333333334,7.11,11.71,8.947916666666666,82.41666666666667,3.310416666666667,5.14,1012.8333333333334,76.83333333333333,0.89,0.0,,Clouds,10-15°C,True,False
2019-04-11,24.387065637065636,150,27.95648800050865,215330.0003,7.8808333333333325,2.95,13.19,5.255,64.33333333333333,4.6175,5.7,1020.0,1.9583333333333333,0.0,0.0,,Clear,0-10°C,False,False
2019-04-12,20.888212506917544,120,23.80882490527615,175169.5006,6.114166666666667,1.81,10.41,3.3000000000000003,66.66666666666667,4.076666666666667,4.65,1022.625,41.833333333333336,0.0,0.0,,Clouds,0-10°C,False,False
2019-04-13,21.935328185328185,155,24.679885189523308,225072.7437,4.685833333333333,-0.06,8.96,1.64,61.708333333333336,3.8183333333333334,4.99,1023.6666666666666,38.458333333333336,0.0,0.0,,Clouds,0-10°C,False,False
2019-04-14,20.552606177606176,120,23.285666048564565,212111.5552,4.435833333333333,-1.05,9.49,1.97875,68.125,2.9333333333333336,4.92,1023.0833333333334,34.875,0.0,0.0,,Clouds,0-10°C,False,False
2019-04-15,27.65685328185328,150,29.64418823365795,223996.8332,9.279583333333333,1.09,15.84,7.217916666666667,57.958333333333336,3.919583333333333,5.58,1018.4166666666666,57.0,0.0,0.0,,Clouds,0-10°C,False,False
2019-04-16,23.812741312741313,150,27.474841163729423,231601.0002,10.797916666666666,8.85,12.65,9.624166666666666,71.16666666666667,2.4525,3.71,1015.625,98.16666666666667,1.5,0.0,,Clouds,10-15°C,True,False
2019-04-17,28.597972972972972,150,32.01243203315241,228420.6664,12.057083333333333,4.92,18.0,11.218333333333334,73.08333333333333,2.38,4.14,1019.4583333333334,73.54166666666667,0.0,0.0,,Clouds,10-15°C,False,False
2019-04-18,30.10135135135135,140,33.37544293813006,218161.3338,16.47458333333333,10.51,22.72,15.607916666666668,54.791666666666664,4.1225,4.93,1019.2916666666666,65.41666666666667,0.0,0.0,,Clouds,15-20°C,False,False
2019-04-19,29.21814671814672,130,31.344670392125945,218787.1776,17.650833333333335,10.17,24.14,16.729583333333334,48.166666666666664,2.485,3.51,1023.5833333333334,14.833333333333334,0.0,0.0,,Clear,15-20°C,False,False
2019-04-20,28.791023166023166,160,30.561670425453766,223127.1619,18.594583333333333,11.66,25.1,17.71708333333333,46.291666666666664,3.1070833333333336,4.69,1024.8333333333333,3.0416666666666665,0.0,0.0,,Clear,15-20°C,False,False
2019-04-21,25.87837837837838,120,28.816183882912153,228859.8135,17.319583333333334,10.57,23.91,16.27625,44.75,2.689166666666667,3.21,1016.875,34.541666666666664,0.0,0.0,,Clear,15-20°C,False,False
2019-04-22,21.541988416988417,120,23.72075542753602,229638.8386,17.300416666666667,9.96,23.9,16.534166666666668,54.083333333333336,2.0279166666666666,3.15,1004.75,65.04166666666667,0.0,0.0,,Clouds,15-20°C,False,False
2019-04-23,29.452220077220076,135,31.09543005100276,230926.6665,15.914166666666667,11.84,20.05,15.21875,63.458333333333336,2.0975,3.45,995.9583333333334,79.5,0.27,0.0,,Clouds,15-20°C,True,False
2019-04-24,26.124517374517374,140,29.260810211829696,242261.9474,13.479999999999999,10.14,16.67,12.783333333333333,72.79166666666667,5.11625,8.43,998.3333333333334,63.541666666666664,2.68,0.0,,Clouds,10-15°C,True,False
2019-04-25,22.495173745173744,120,26.586320256641887,214831.1662,10.958333333333334,7.79,13.92,9.84375,77.33333333333333,4.912083333333333,6.61,1004.625,94.20833333333333,8.18,0.0,,Clouds,10-15°C,True,False
2019-04-26,24.128861003861005,135,27.65852508199302,224448.5222,11.369583333333333,4.75,15.51,10.072916666666666,75.33333333333333,3.516666666666667,4.9,1014.1666666666666,43.166666666666664,0.42000000000000004,0.0,,Clouds,10-15°C,True,False
2019-04-27,19.196428571428573,120,23.259158137449493,221339.514,9.6575,6.12,12.37,7.344166666666666,72.375,6.437916666666666,8.24,1017.875,62.375,2.34,0.0,,Clouds,0-10°C,True,False
2019-04-28,16.20415057915058,120,21.061527720704273,214322.9516,8.4,5.88,11.76,6.255416666666666,79.625,4.124583333333333,5.7,1021.4166666666666,58.041666666666664,2.8499999999999996,0.0,,Clouds,0-10°C,True,False
2019-04-29,21.469594594594593,120,23.393842996184095,222425.6671,9.83375,3.19,14.99,8.538333333333334,72.08333333333333,2.0920833333333335,3.06,1024.2916666666667,70.79166666666667,0.0,0.0,,Clouds,0-10°C,False,False
2019-04-30,22.999517374517374,205,26.167873524394167,232061.4017,10.209583333333333,6.06,15.39,8.755,76.54166666666667,3.1991666666666667,4.29,1022.4583333333334,40.458333333333336,0.0,0.0,,Clouds,10-15°C,False,False
2019-05-01,22.381756756756758,105,25.136239403302294,230452.5821,12.034999999999998,6.56,18.48,11.087916666666667,73.04166666666667,1.9079166666666667,2.93,1016.8333333333334,63.541666666666664,0.0,0.0,,Clouds,10-15°C,False,False
2019-05-02,19.500482625482626,120,22.749852085811543,224352.8991,11.284583333333332,9.03,13.93,10.245833333333334,75.66666666666667,3.1291666666666664,4.39,1014.0,95.83333333333333,5.62,0.0,,Rain,10-15°C,True,False
2019-05-03,21.469594594594593,130,24.369897013999463,212765.2004,10.721666666666666,7.24,14.59,9.708333333333334,80.83333333333333,2.214583333333333,3.29,1013.7916666666666,51.541666666666664,0.87,0.0,,Clouds,10-15°C,True,False
2019-05-04,16.49131274131274,130,21.06922030460571,215909.3326,6.194166666666667,3.4,8.74,2.9133333333333336,82.08333333333333,4.984166666666667,7.19,1014.7916666666666,64.375,7.58,0.0,,Rain,0-10°C,True,False
2019-05-05,14.259169884169884,90,17.409319806185746,216299.1659,6.7437499999999995,2.96,10.31,3.9775000000000005,77.95833333333333,4.525416666666667,6.39,1022.7916666666666,22.458333333333332,1.55,0.0,,Clear,0-10°C,True,False
2019-05-06,10.96042471042471,90,14.387356211187244,218644.6673,8.08625,0.99,12.87,6.652083333333334,68.95833333333333,1.5908333333333333,2.54,1023.0833333333334,57.791666666666664,0.0,0.0,,Clouds,0-10°C,False,False
2019-05-07,10.943532818532818,75,14.646657444032869,230402.6666,11.157499999999999,4.51,15.76,9.700416666666667,62.708333333333336,2.670833333333333,3.43,1015.7083333333334,85.83333333333333,0.0,0.0,,Clouds,10-15°C,False,False
2019-05-08,10.35472972972973,120,15.178230898730762,191248.0011,11.2975,9.56,14.19,10.2075,86.16666666666667,5.170416666666667,7.22,1000.6666666666666,77.66666666666667,7.98,0.0,,Rain,10-15°C,True,False
2019-05-09,11.920849420849422,105,16.121446068032817,212584.5006,11.561250000000001,9.24,14.57,10.400416666666667,86.375,5.46625,7.69,1000.4583333333334,71.16666666666667,7.33,0.0,,Clouds,10-15°C,True,False
2019-05-10,12.362451737451737,105,16.882311960865312,209892.334,11.922916666666666,8.3,17.03,11.310416666666667,89.08333333333333,2.1020833333333333,3.46,1009.7083333333334,71.08333333333333,8.61,0.0,,Clouds,10-15°C,True,False
2019-05-11,16.867760617760617,300,20.8565004266759,211703.59590000001,11.395833333333334,8.23,17.38,10.324166666666667,90.125,4.00375,6.16,1016.75,75.66666666666667,24.09,0.0,,Rain,10-15°C,True,False
2019-05-12,16.889478764478763,120,19.62686314587527,221021.8336,10.060416666666667,4.91,14.21,8.237499999999999,70.75,4.5725,5.95,1033.625,37.416666666666664,0.0,0.0,,Clear,10-15°C,False,False
2019-05-13,12.948841698841699,75,15.342265704843882,216416.3478,11.764166666666668,5.26,17.12,9.950000000000001,58.875,5.093333333333333,6.65,1034.7083333333333,1.6666666666666667,0.0,0.0,,Clear,10-15°C,False,False
2019-05-14,11.795366795366796,80,14.894141766724232,216264.0715,12.76375,6.54,18.17,11.111666666666666,54.458333333333336,4.627916666666667,5.93,1029.0,3.2083333333333335,0.0,0.0,,Clear,10-15°C,False,False
2019-05-15,10.521235521235521,65,13.153938803781516,220064.4986,12.790416666666665,6.26,18.34,11.334166666666667,57.708333333333336,3.7725000000000004,4.84,1022.9583333333334,1.2916666666666667,0.0,0.0,,Clear,10-15°C,False,False
2019-05-16,12.847490347490348,80,15.155715288791995,226692.3355,12.509166666666665,4.72,17.78,11.231666666666667,60.125,3.3241666666666667,4.6,1014.875,57.0,0.0,0.0,,Clouds,10-15°C,False,False
2019-05-17,13.298745173745173,75,15.70533954936708,226053.3552,13.307083333333333,7.03,18.31,12.360416666666666,70.875,2.0425,2.94,1005.4583333333334,94.625,0.0,0.0,,Clouds,10-15°C,False,False
2019-05-18,21.61438223938224,100,22.523927846720305,247122.0838,14.455,11.19,18.6,14.07,80.95833333333333,1.8416666666666668,2.58,1005.0416666666666,92.29166666666667,0.9099999999999999,0.0,,Clouds,10-15°C,True,False
2019-05-19,15.477799227799228,120,19.539322345049623,199623.7365,13.489166666666668,10.32,16.7,13.224583333333333,89.29166666666667,2.127083333333333,4.16,1007.0833333333334,96.375,5.24,0.0,,Clouds,10-15°C,True,False
2019-05-20,13.518339768339768,75,17.319829279799833,213113.0737,14.112916666666665,10.79,18.53,13.757916666666667,83.45833333333333,3.405,4.49,1011.2916666666666,68.08333333333333,1.05,0.0,,Clouds,10-15°C,True,False
2019-05-21,13.566602316602317,120,17.30018447442149,210794.0063,14.97125,9.01,19.57,14.51,80.25,2.9133333333333336,3.82,1016.9583333333334,32.833333333333336,1.82,0.0,,Clouds,10-15°C,True,False
2019-05-22,12.951254826254827,120,17.723915167753127,204362.3374,15.54,7.63,20.99,14.878333333333332,67.25,1.2783333333333333,2.4,1020.3333333333334,64.125,0.0,0.0,,Clouds,15-20°C,False,False
2019-05-23,14.177123552123552,120,18.784554454993284,207786.0032,17.020416666666666,8.47,22.53,16.402916666666666,64.75,1.3379166666666666,2.24,1017.9583333333334,70.95833333333333,0.0,0.0,,Clouds,15-20°C,False,False
2019-05-24,15.808397683397683,300,21.265161988089275,209666.3348,17.6025,12.35,22.11,17.254166666666666,70.33333333333333,2.5058333333333334,3.54,1016.375,49.625,0.0,0.0,,Clouds,15-20°C,False,False
2019-05-25,19.213320463320464,120,22.885916889352515,235487.8323,16.365416666666665,11.39,20.21,16.06416666666667,76.83333333333333,2.4770833333333333,3.62,1018.5833333333334,47.875,1.16,0.0,,Clouds,15-20°C,True,False
2019-05-26,16.597490347490346,120,21.00173944820334,215224.0015,15.491666666666667,10.69,19.13,15.103333333333333,76.875,2.901666666666667,4.88,1017.1666666666666,68.95833333333333,0.0,0.0,,Clouds,15-20°C,False,False
2019-05-27,16.505791505791507,110,19.651747464720707,231808.8349,16.427083333333332,12.67,20.49,15.944583333333334,69.66666666666667,3.3320833333333333,4.37,1012.125,87.875,0.8200000000000001,0.0,,Clouds,15-20°C,True,False
2019-05-28,15.71911196911197,90,20.38770190044176,201697.667,12.847916666666668,9.91,16.11,12.044583333333334,74.33333333333333,4.010416666666667,5.45,1013.0416666666666,53.833333333333336,2.0500000000000003,0.0,,Clouds,10-15°C,True,False
2019-05-29,21.812258687258687,300,24.899314085458002,227608.4964,14.497916666666667,8.0,19.31,13.777083333333332,71.08333333333333,2.2079166666666667,3.58,1021.7916666666666,60.083333333333336,0.55,0.0,,Clouds,10-15°C,True,False
2019-05-30,23.672779922779924,120,25.822539505116623,224105.1647,16.832083333333333,13.72,20.49,16.579166666666666,76.91666666666667,2.4629166666666666,3.36,1025.375,83.375,1.1,0.0,,Clouds,15-20°C,True,False
2019-05-31,33.38079150579151,210,35.30642954088,241819.5028,18.585,12.37,24.28,18.432083333333335,74.04166666666667,1.5383333333333333,2.41,1025.25,51.083333333333336,0.0,0.0,,Clouds,15-20°C,False,False
2019-06-01,26.312741312741313,300,31.049790574994383,252022.6713,21.499583333333334,13.47,28.05,21.530833333333334,66.79166666666667,2.1279166666666667,2.87,1020.5416666666666,4.0,0.0,0.0,,Clear,20-25°C,False,False
2019-06-02,15.637065637065637,100,19.995280386625605,198215.9982,24.69666666666667,16.77,31.92,24.758333333333336,57.75,3.6220833333333338,5.65,1013.3333333333334,24.916666666666668,0.35,0.0,,Clear,20-25°C,True,False
2019-06-03,14.220559845559846,90,17.83171784622712,206602.0823,18.521666666666665,16.44,21.35,18.221666666666668,68.625,2.61375,3.59,1014.4583333333334,67.16666666666667,0.12,0.0,,Clouds,15-20°C,True,False
2019-06-04,13.711389961389962,90,18.131040410373146,192517.4997,19.37875,13.11,27.41,19.47458333333333,77.66666666666667,3.9525,7.05,1007.0416666666666,79.83333333333333,7.75,0.0,,Clouds,15-20°C,True,False
2019-06-05,11.329633204633204,120,17.067223869847275,157006.5006,13.117916666666666,10.45,17.97,12.95125,94.45833333333333,3.07375,6.0,1008.5833333333334,99.83333333333333,24.13,0.0,,Rain,10-15°C,True,False
2019-06-06,18.001930501930502,120,21.99576352122597,212554.519,14.786666666666667,10.34,19.92,14.324166666666665,76.75,3.4166666666666665,5.14,1012.75,62.583333333333336,0.0,0.0,,Clouds,10-15°C,False,False
2019-06-07,13.074324324324325,105,18.86976066946441,189419.002,14.277500000000002,12.29,16.43,13.64125,72.0,7.826249999999999,11.02,1007.0416666666666,78.70833333333333,8.530000000000001,0.0,,Clouds,10-15°C,True,False
2019-06-08,24.58976833976834,120,27.544365714455772,217115.8352,14.771666666666667,11.33,18.46,14.135416666666666,70.125,6.2941666666666665,9.78,1020.5,61.5,1.75,0.0,,Clouds,10-15°C,True,False
2019-06-09,27.74131274131274,130,30.034016957706612,228998.0035,15.180833333333332,10.19,19.07,14.685,73.91666666666667,2.0383333333333336,3.44,1020.0,79.25,1.22,0.0,,Clouds,15-20°C,True,False
2019-06-10,18.670366795366796,105,22.8589386679738,211334.6646,14.798333333333334,10.77,17.5,14.354583333333332,77.375,2.8175000000000003,5.36,1013.5833333333334,55.25,4.16,0.0,,Clouds,10-15°C,True,False
2019-06-11,19.230212355212355,300,23.83649021801149,212926.3344,12.973333333333334,7.91,17.53,12.376666666666667,79.33333333333333,1.7625,2.97,1011.625,58.958333333333336,3.77,0.0,,Clouds,10-15°C,True,False
2019-06-12,15.900096525096526,120,19.94919089279094,199458.1665,12.621250000000002,9.1,16.23,12.007083333333334,83.0,3.6799999999999997,5.14,1009.8333333333334,71.75,5.63,0.0,,Clouds,10-15°C,True,False
2019-06-13,19.527027027027028,135,21.97664014285093,218684.66820000001,14.754583333333334,10.06,19.35,14.33875,78.66666666666667,4.520416666666667,6.44,1012.1666666666666,47.333333333333336,0.0,0.0,,Clouds,10-15°C,False,False
2019-06-14,17.83542471042471,90,22.179275694144724,200156.333,18.074166666666667,12.4,23.36,17.969166666666666,77.83333333333333,2.0508333333333333,3.26,1012.6666666666666,79.04166666666667,6.2,0.0,,Clouds,15-20°C,True,False
2019-06-15,26.291023166023166,130,28.460596605923122,230032.5962,17.749166666666667,14.41,21.24,17.530416666666667,74.70833333333333,3.3995833333333336,5.33,1016.0,54.375,4.72,0.0,,Clouds,15-20°C,True,False
2019-06-16,16.332046332046332,120,19.912575123669857,211810.8472,17.76625,13.04,22.4,17.52958333333333,73.95833333333333,2.8866666666666667,4.51,1021.125,45.75,0.12,0.0,,Clouds,15-20°C,True,False
2019-06-17,18.55212355212355,85,19.934784676651926,223555.5206,19.919583333333332,11.3,25.83,19.852083333333333,72.16666666666667,1.5229166666666665,2.69,1018.3333333333334,40.875,0.0,0.0,,Clouds,15-20°C,False,False
2019-06-18,18.653474903474905,90,20.809814511435125,224935.5592,21.754166666666666,13.15,28.09,22.027083333333334,71.625,3.012916666666667,4.75,1012.0833333333334,67.79166666666667,0.1,0.0,,Clouds,20-25°C,True,False
2019-06-19,15.448841698841699,135,19.20665245211308,222724.6667,21.418333333333333,16.61,26.09,21.537499999999998,74.20833333333333,3.6487499999999997,5.3,1008.9166666666666,57.083333333333336,2.15,0.0,,Clouds,20-25°C,True,False
2019-06-20,18.559362934362934,90,20.807279424385555,213848.9991,17.202916666666667,13.35,20.62,17.070416666666667,80.08333333333333,2.3433333333333333,3.77,1014.875,85.625,5.4,0.0,,Clouds,15-20°C,True,False
2019-06-21,22.91023166023166,120,24.744969620714475,216343.1229,16.6325,11.01,21.28,16.182916666666667,70.125,2.4975,3.87,1019.8333333333334,61.166666666666664,0.0,0.0,,Clouds,15-20°C,False,False
2019-06-22,25.91457528957529,130,26.954652619535153,226925.287,18.567916666666665,10.99,24.03,18.284166666666668,69.125,3.1525,3.79,1018.7916666666666,34.625,0.0,0.0,,Clouds,15-20°C,False,False
2019-06-23,20.87837837837838,300,25.345048586593002,230591.6581,22.290833333333335,13.82,27.96,22.489166666666666,71.25,3.2691666666666666,4.79,1015.0,85.375,0.0,0.0,,Clouds,20-25°C,False,False
2019-06-24,21.57335907335907,105,24.735889796948154,229094.334,25.036666666666665,19.16,30.04,25.965416666666666,69.125,2.8000000000000003,4.16,1014.9166666666666,65.625,0.0,0.0,,Clouds,25-30°C,False,False
2019-06-25,23.409749034749034,175,27.58932748984837,227003.1667,26.29125,19.63,32.74,27.568749999999998,67.41666666666667,2.873333333333333,4.3,1016.375,36.625,0.0,0.0,,Clouds,25-30°C,False,False
2019-06-26,21.833976833976834,120,26.40344497107074,225335.9984,26.198333333333334,19.82,32.83,27.805000000000003,73.25,4.94,6.17,1020.75,0.5833333333333334,0.0,0.0,,Clear,25-30°C,False,False
2019-06-27,22.709942084942085,120,26.650343141635172,221764.5001,24.989166666666666,19.26,30.92,26.172083333333333,70.41666666666667,5.389166666666667,6.3,1021.9583333333334,0.0,0.0,0.0,,Clear,20-25°C,False,False
2019-06-28,19.949324324324323,120,24.627791055067828,230899.864,24.42375,17.33,31.76,24.41416666666667,56.833333333333336,3.986666666666667,4.57,1020.2916666666666,0.4583333333333333,0.0,0.0,,Clear,20-25°C,False,False
2019-06-29,18.10810810810811,120,21.102332624475515,221856.3317,27.16208333333333,18.47,34.24,27.4975,54.583333333333336,2.8562499999999997,3.62,1015.25,0.041666666666666664,0.0,0.0,,Clear,25-30°C,False,False
2019-06-30,18.61969111969112,100,22.402234797060196,232193.1735,22.9375,18.41,27.5,22.958333333333332,63.083333333333336,3.362083333333333,4.86,1016.6666666666666,48.375,0.0,0.0,,Clouds,20-25°C,False,False
2019-07-01,19.198841698841697,100,22.864833625386378,229417.3376,19.442916666666665,15.17,24.22,19.093333333333334,63.208333333333336,3.3258333333333336,4.66,1020.4166666666666,43.041666666666664,0.0,0.0,,Clouds,15-20°C,False,False
2019-07-02,21.143822393822393,120,25.878473376920105,229653.0246,18.84541666666667,11.13,24.43,18.392500000000002,61.541666666666664,3.8375,5.05,1022.0,3.2083333333333335,0.0,0.0,,Clear,15-20°C,False,False
2019-07-03,19.695945945945947,105,24.393744655994038,222210.8298,19.469166666666666,13.38,24.64,19.00583333333333,58.791666666666664,5.014166666666667,5.79,1021.6666666666666,16.125,0.0,0.0,,Clear,15-20°C,False,False
2019-07-04,20.805984555984555,210,25.354597770389976,223399.1651,20.222916666666666,12.95,26.94,19.720000000000002,53.333333333333336,3.8666666666666667,5.3,1021.375,0.0,0.0,0.0,,Clear,20-25°C,False,False
2019-07-05,18.943050193050194,110,21.69802052268784,227013.2124,22.787499999999998,13.26,30.17,22.26875,53.208333333333336,2.1462499999999998,2.8,1017.5416666666666,14.333333333333334,0.0,0.0,,Clear,20-25°C,False,False
2019-07-06,20.63465250965251,120,23.984346576667612,241415.999,24.140833333333333,15.63,31.48,23.97083333333333,55.541666666666664,2.154166666666667,3.94,1012.0,23.625,0.2,0.0,,Clouds,20-25°C,True,False
2019-07-07,18.467664092664094,110,20.75250019545222,243127.4993,19.861250000000002,15.16,25.18,19.673750000000002,67.83333333333333,2.815,5.31,1014.2083333333334,49.041666666666664,0.0,0.0,,Clouds,15-20°C,False,False
2019-07-08,20.106177606177607,300,23.07511552532968,243476.8329,18.265416666666667,14.25,22.61,17.607916666666668,55.916666666666664,4.517083333333333,5.8,1018.75,47.041666666666664,0.0,0.0,,Clouds,15-20°C,False,False
2019-07-09,21.341698841698843,120,23.623577878504896,260699.6679,18.061249999999998,9.96,23.82,17.3325,55.083333333333336,3.827916666666667,5.48,1019.7083333333334,10.25,0.0,0.0,,Clear,15-20°C,False,False
2019-07-10,19.527027027027028,120,21.566338276063625,246007.6685,20.840416666666666,11.81,26.63,20.476666666666667,55.833333333333336,1.8229166666666667,2.18,1018.625,47.0,0.0,0.0,,Clouds,20-25°C,False,False
2019-07-11,19.210907335907336,155,21.18398894191478,244232.6657,22.851666666666663,17.9,28.08,22.949583333333333,63.5,1.95875,4.13,1013.3333333333334,62.958333333333336,1.13,0.0,,Clouds,20-25°C,True,False
2019-07-12,18.175675675675677,300,20.955035143211695,242918.5819,21.00583333333333,15.34,26.33,20.838333333333335,64.125,3.91,6.17,1015.0,43.75,0.0,0.0,,Clouds,20-25°C,False,False
2019-07-13,20.415057915057915,120,21.966273368819053,235215.8366,19.62375,13.88,24.91,19.422083333333333,68.16666666666667,3.500833333333333,5.03,1019.25,40.25,0.0,0.0,,Clouds,15-20°C,False,False
2019-07-14,17.712355212355213,95,20.277606962766534,245908.3384,16.9375,12.22,21.39,16.487916666666667,68.95833333333333,4.76625,6.51,1019.3333333333334,62.291666666666664,0.15,0.0,,Clouds,15-20°C,True,False
2019-07-15,19.657335907335906,90,20.861534592172735,236389.5843,17.637083333333333,11.54,23.54,17.184583333333332,66.20833333333333,3.9825,4.39,1019.25,17.875,0.0,0.0,,Clear,15-20°C,False,False
2019-07-16,22.859555984555985,215,25.72213564406159,243207.6675,18.795833333333334,10.8,25.35,18.335,61.416666666666664,2.1075,3.05,1018.4583333333334,37.5,0.0,0.0,,Clear,15-20°C,False,False
2019-07-17,21.563706563706564,90,23.344082870959696,229186.2006,21.679166666666664,13.15,28.08,21.392083333333332,58.5,1.8220833333333333,3.83,1014.375,57.125,0.0,0.0,,Clouds,20-25°C,False,False
2019-07-18,21.33445945945946,120,24.48292124989054,234390.9637,20.575416666666666,15.73,27.07,20.368333333333336,63.666666666666664,3.254583333333333,5.19,1013.4166666666666,82.04166666666667,0.0,0.0,,Clouds,20-25°C,False,False
2019-07-19,18.429054054054053,100,20.747284568601252,238174.4984,22.0775,16.83,27.9,22.23166666666667,70.0,2.0241666666666664,3.9,1014.1666666666666,78.04166666666667,0.25,0.0,,Clouds,20-25°C,True,False
2019-07-20,22.06322393822394,120,24.057860376652524,240378.2918,22.125833333333333,17.52,26.82,22.130416666666665,65.91666666666667,3.922916666666667,6.46,1012.75,59.333333333333336,1.6099999999999999,0.0,,Clouds,20-25°C,True,False
2019-07-21,19.53185328185328,120,22.245892178635284,238550.8342,21.45583333333333,15.84,27.13,21.354583333333334,63.5,2.109583333333333,2.78,1021.75,74.33333333333333,0.0,0.0,,Clouds,20-25°C,False,False
2019-07-22,20.890444015444015,110,22.425714386864687,247067.5004,24.14833333333333,15.03,31.44,23.821250000000003,55.25,1.5133333333333334,2.83,1022.7083333333334,85.41666666666667,0.0,0.0,,Clouds,20-25°C,False,False
2019-07-23,21.322393822393824,120,25.375277407142672,239342.5826,28.31458333333333,17.95,36.48,27.789583333333336,42.541666666666664,2.9600000000000004,3.55,1016.9583333333334,5.708333333333333,0.0,0.0,,Clear,25-30°C,False,False
2019-07-24,18.09604247104247,105,22.704767435315706,216903.9335,30.96666666666667,23.55,38.48,31.032916666666665,40.333333333333336,2.15375,3.86,1013.0,6.541666666666667,0.0,0.0,,Clear,>30°C,False,False
2019-07-25,15.492277992277993,300,25.103819932516018,187624.331,32.95083333333333,23.81,41.26,32.65208333333333,37.541666666666664,3.2258333333333336,5.84,1010.5833333333334,31.75,0.0,0.0,,Clouds,>30°C,False,False
2019-07-26,19.370173745173744,90,22.152985011594417,231482.989,24.961249999999996,17.77,30.45,25.014583333333334,57.208333333333336,4.394166666666666,6.96,1009.2916666666666,55.458333333333336,2.1,0.0,,Clouds,20-25°C,True,False
2019-07-27,18.240830115830114,90,21.30023616606583,232916.4177,18.221666666666668,15.97,21.57,18.32375,85.20833333333333,3.85875,5.82,1006.375,97.16666666666667,36.21,0.0,,Clouds,15-20°C,True,False
2019-07-28,21.5492277992278,255,24.970063957540976,232209.8346,19.155416666666667,14.92,23.78,19.028333333333332,72.83333333333333,4.03,6.05,1007.6666666666666,72.125,0.6900000000000001,0.0,,Clouds,15-20°C,True,False
2019-07-29,22.492760617760617,145,24.172943315046297,241568.0395,21.212083333333332,12.59,27.8,21.055,64.04166666666667,2.4408333333333334,3.04,1010.625,1.2083333333333333,0.0,0.0,,Clear,20-25°C,False,False
2019-07-30,23.35907335907336,120,25.508075708015618,244473.0211,20.339166666666667,17.07,24.59,20.125833333333333,65.0,5.354166666666667,7.36,1013.0833333333334,37.083333333333336,0.0,0.0,,Clouds,20-25°C,False,False
2019-07-31,21.947393822393824,120,24.67233133147542,243507.0138,19.2425,15.26,23.13,18.945416666666667,66.0,3.422916666666667,4.92,1017.875,59.125,0.14,0.0,,Clouds,15-20°C,True,False
2019-08-01,21.346525096525095,120,24.18685504600111,234410.9979,21.12875,14.09,26.67,20.919583333333332,60.875,1.7375,3.65,1017.1666666666666,72.04166666666667,0.0,0.0,,Clouds,20-25°C,False,False
2019-08-02,18.74034749034749,90,20.902642812743228,243918.5007,21.783749999999998,16.32,27.56,21.530833333333334,58.125,2.92625,3.96,1016.8333333333334,45.625,0.13,0.0,,Clouds,20-25°C,True,False
2019-08-03,21.792953667953668,120,22.786500712890447,247250.0015,20.13,14.99,24.57,20.02958333333333,70.08333333333333,2.450416666666667,3.29,1017.6666666666666,60.166666666666664,0.0,0.0,,Clouds,20-25°C,False,False
2019-08-04,19.046814671814673,90,20.430452968231627,250640.3351,23.024583333333336,14.96,30.23,22.897916666666664,61.25,1.7991666666666666,3.36,1013.875,80.83333333333333,0.0,0.0,,Clouds,20-25°C,False,False
2019-08-05,24.93243243243243,300,26.83704910213042,259943.6,22.540000000000003,16.57,26.75,22.515833333333333,62.5,2.8016666666666663,5.02,1013.125,63.541666666666664,0.0,0.0,,Clouds,20-25°C,False,False
2019-08-06,25.825289575289574,150,27.757301229118518,239791.1721,19.932083333333335,18.29,22.51,20.274583333333332,87.83333333333333,2.6591666666666667,4.28,1011.75,93.58333333333333,15.6,0.0,,Rain,15-20°C,True,False
2019-08-07,26.66023166023166,300,27.704193867374048,252158.4006,20.594583333333333,16.97,25.36,20.80375,80.20833333333333,2.1979166666666665,4.67,1009.9583333333334,59.416666666666664,0.21,0.0,,Clouds,20-25°C,True,False
2019-08-08,31.339285714285715,135,30.38707699272319,248105.9996,22.8,14.99,28.85,22.99,67.16666666666667,2.3754166666666667,4.07,1010.7916666666666,62.041666666666664,0.0,0.0,,Clouds,20-25°C,False,False
2019-08-09,19.27364864864865,120,22.216961008517607,223553.0645,21.84166666666667,19.89,25.29,22.126666666666665,78.33333333333333,4.077916666666667,6.61,1007.6666666666666,94.625,19.69,0.0,,Clouds,20-25°C,True,False
2019-08-10,25.082046332046332,150,25.921324080153557,250498.3648,21.0775,17.26,25.15,20.845000000000002,61.416666666666664,6.573333333333333,8.44,1014.2083333333334,40.75,0.0,0.0,,Clouds,20-25°C,False,False
2019-08-11,23.269787644787645,125,23.85850966007082,253163.3365,17.658333333333335,14.08,21.29,17.42833333333333,74.58333333333333,3.00375,4.05,1016.7083333333334,65.375,0.47000000000000003,0.0,,Clouds,15-20°C,True,False
2019-08-12,24.949324324324323,120,25.526987253672896,249174.8344,16.465,13.04,20.47,16.205000000000002,78.04166666666667,3.0775,5.36,1016.9583333333334,39.666666666666664,1.4100000000000001,0.0,,Clouds,15-20°C,True,False
2019-08-13,37.902992277992276,180,36.97463798213755,252384.8299,15.617083333333333,10.33,19.97,15.1925,75.0,2.9187499999999997,4.23,1020.5,55.625,0.51,0.0,,Clouds,15-20°C,True,False
2019-08-14,29.901061776061777,300,30.1537562945197,252571.8017,18.91625,12.56,24.43,18.77,73.04166666666667,2.9570833333333333,5.08,1017.0,72.25,0.55,0.0,,Clouds,15-20°C,True,False
2019-08-15,21.831563706563706,155,23.421424320608303,245587.5668,19.205416666666668,16.09,22.77,19.102083333333333,73.54166666666667,4.528333333333333,6.4,1016.0,75.79166666666667,1.46,0.0,,Clouds,15-20°C,True,False
2019-08-16,26.037644787644787,190,27.726670529843283,251356.2889,19.398333333333333,12.92,24.71,19.30375,73.16666666666667,2.9279166666666665,5.06,1016.2916666666666,86.91666666666667,0.0,0.0,,Clouds,15-20°C,False,False
2019-08-17,18.569015444015445,120,22.691133887888043,232627.5002,18.33458333333333,17.04,19.78,18.677083333333332,93.95833333333333,4.5200000000000005,5.88,1010.375,100.0,14.17,0.0,,Rain,15-20°C,True,False
2019-08-18,16.546814671814673,120,19.52251679440559,237667.4461,18.836666666666666,14.89,21.88,19.0775,88.125,4.380833333333333,8.71,1009.0416666666666,88.375,3.04,0.0,,Clouds,15-20°C,True,False
2019-08-19,27.87403474903475,130,27.623653108210224,249319.0296,17.84958333333333,13.36,22.35,17.570833333333333,72.04166666666667,2.7325,4.83,1018.5,47.208333333333336,0.0,0.0,,Clouds,15-20°C,False,False
2019-08-20,30.888030888030887,150,30.2960287715553,238460.3307,17.647916666666667,13.33,22.83,17.383333333333333,73.33333333333333,2.3108333333333335,2.81,1024.25,44.375,0.0,0.0,,Clouds,15-20°C,False,False
2019-08-21,28.597972972972972,120,28.98035525278691,246184.498,17.832916666666666,11.62,23.44,17.475416666666664,69.08333333333333,2.24625,2.91,1026.625,17.125,0.0,0.0,,Clear,15-20°C,False,False
2019-08-22,29.69111969111969,120,28.56880954981051,245711.3319,19.230833333333333,11.89,25.82,18.917083333333334,65.375,2.3504166666666664,3.77,1025.0833333333333,2.9583333333333335,0.0,0.0,,Clear,15-20°C,False,False
2019-08-23,25.038610038610038,180,27.15814613687655,242085.0002,20.92833333333333,13.21,28.14,20.67125,62.458333333333336,2.8241666666666667,3.51,1022.75,12.791666666666666,0.0,0.0,,Clear,20-25°C,False,False
2019-08-24,28.286679536679536,150,29.12590853060351,243906.833,22.51,14.63,30.33,22.38625,64.625,1.925,2.68,1018.2083333333334,38.416666666666664,0.0,0.0,,Clouds,20-25°C,False,False
2019-08-25,24.95173745173745,140,26.322069893331378,231536.1289,24.09,16.13,31.69,23.811666666666667,58.916666666666664,1.7379166666666668,2.68,1017.4583333333334,10.208333333333334,0.0,0.0,,Clear,20-25°C,False,False
2019-08-26,28.998552123552123,125,25.15809016118602,209124.1188,24.596666666666668,15.74,32.65,24.1775,54.166666666666664,1.6983333333333333,3.13,1016.3333333333334,0.041666666666666664,0.0,0.0,,Clear,20-25°C,False,False
2019-08-27,25.65395752895753,180,28.934806485253954,213448.4999,24.98,17.55,32.65,24.865,54.958333333333336,2.464583333333333,3.77,1014.1666666666666,72.75,0.0,0.0,,Clouds,20-25°C,False,False
2019-08-28,23.921332046332047,150,25.867509409180986,204945.4977,23.410416666666666,18.32,28.99,23.645416666666666,66.66666666666667,2.4033333333333333,3.57,1015.6666666666666,72.125,0.54,0.0,,Clouds,20-25°C,True,False
2019-08-29,26.55164092664093,155,28.8922010701062,204504.3309,20.058333333333334,15.42,24.14,19.914583333333333,68.70833333333333,2.6195833333333334,3.54,1020.6666666666666,52.125,0.0,0.0,,Clouds,20-25°C,False,False
2019-08-30,21.643339768339768,135,23.560737828331188,215712.4976,19.72041666666667,12.59,27.09,19.199583333333333,53.291666666666664,1.9829166666666669,3.19,1021.8333333333334,25.375,0.0,0.0,,Clear,15-20°C,False,False
2019-08-31,26.307915057915057,140,27.30362526795811,221486.6651,21.96666666666667,15.35,30.77,21.633333333333336,54.875,4.065833333333333,5.69,1013.0416666666666,40.291666666666664,0.0,0.0,,Clouds,20-25°C,False,False
2019-09-01,18.706563706563706,90,21.19764651183135,214678.5001,18.004583333333333,13.64,22.27,17.429166666666667,60.083333333333336,3.2254166666666664,4.49,1017.625,65.04166666666667,0.0,0.0,,Clouds,15-20°C,False,False
2019-09-02,17.439671814671815,90,22.70932415679823,183056.335,16.552083333333332,10.68,22.14,15.84125,60.458333333333336,2.21875,3.37,1024.375,9.458333333333334,0.0,0.0,,Clear,15-20°C,False,False
2019-09-03,21.25,150,27.374334270009584,178356.831,17.1825,10.94,23.68,16.71,67.16666666666667,2.0883333333333334,2.56,1025.0416666666667,10.416666666666666,0.0,0.0,,Clear,15-20°C,False,False
2019-09-04,18.781370656370655,120,24.486498027742645,187161.6673,16.989583333333332,12.09,24.25,16.547916666666666,69.08333333333333,3.4287500000000004,6.16,1019.0833333333334,19.708333333333332,0.0,0.0,,Clear,15-20°C,False,False
2019-09-05,19.62596525096525,150,26.124032081251897,184326.2484,14.557916666666666,10.85,18.45,13.800416666666665,66.29166666666667,3.8208333333333333,5.06,1023.5416666666666,44.0,0.0,0.0,,Clouds,10-15°C,False,False
2019-09-06,18.41457528957529,300,26.847629503543946,187296.8777,14.52375,6.6,21.02,13.748333333333333,65.75,2.1037500000000002,3.37,1024.875,51.25,0.0,0.0,,Clouds,10-15°C,False,False
2019-09-07,25.4753861003861,165,30.753507843173363,201345.1776,15.398333333333333,12.89,19.28,14.923333333333332,73.91666666666667,3.5229166666666667,5.89,1020.9166666666666,53.333333333333336,0.8,0.0,,Clouds,15-20°C,True,False
2019-09-08,18.940637065637066,150,24.495387265283863,186207.7726,13.656666666666666,10.08,17.5,12.881666666666666,69.08333333333333,3.48875,4.59,1021.0,30.666666666666668,0.0,0.0,,Clouds,10-15°C,False,False
2019-09-09,16.609555984555985,120,23.189196551263855,178367.2484,13.485833333333334,6.32,19.52,12.895833333333334,69.91666666666667,1.8833333333333335,3.81,1015.5833333333334,77.08333333333333,0.0,0.0,,Clouds,10-15°C,False,False
2019-09-10,16.312741312741313,120,22.789839744321807,176930.9993,15.956249999999999,9.26,22.33,15.066666666666668,55.25,1.9129166666666666,2.99,1017.625,51.875,0.0,0.0,,Clouds,15-20°C,False,False
2019-09-11,15.844594594594595,120,22.75530575194583,180642.4984,17.320416666666667,11.18,24.0,16.874166666666667,67.625,2.61375,4.45,1024.6666666666667,59.583333333333336,0.0,0.0,,Clouds,15-20°C,False,False
2019-09-12,15.897683397683398,300,23.45239081418276,174600.6665,19.272916666666667,14.67,23.21,19.325416666666666,79.29166666666667,2.1133333333333333,3.25,1030.3333333333333,70.41666666666667,0.0,0.0,,Clouds,15-20°C,False,False
2019-09-13,14.792471042471043,120,20.588994478836767,187075.0052,18.507916666666667,15.34,23.24,18.4775,79.0,2.3920833333333333,4.31,1032.1666666666667,56.5,0.0,0.0,,Clouds,15-20°C,False,False
2019-09-14,30.22200772200772,125,33.11523765530891,214319.4988,18.844583333333333,13.01,25.66,18.60875,69.83333333333333,3.252916666666667,3.99,1028.8333333333333,46.083333333333336,0.0,0.0,,Clouds,15-20°C,False,False
2019-09-15,22.707528957528957,135,28.129870253129095,196901.9995,19.454166666666666,11.76,27.32,19.019166666666667,59.291666666666664,2.0108333333333333,2.84,1023.6666666666666,0.0,0.0,0.0,,Clear,15-20°C,False,False
2019-09-16,14.01061776061776,100,19.489770824301843,181222.6656,19.06625,11.56,26.65,18.80875,64.79166666666667,2.5279166666666666,4.21,1020.8333333333334,52.791666666666664,0.0,0.0,,Clouds,15-20°C,False,False
2019-09-17,13.61003861003861,120,19.715466495107506,177201.3335,17.56,13.11,21.83,17.230833333333333,71.20833333333333,3.7445833333333334,5.71,1021.5833333333334,54.75,0.0,0.0,,Clouds,15-20°C,False,False
2019-09-18,13.530405405405405,135,20.457114219554942,179380.4997,14.014583333333334,8.91,18.99,12.723333333333334,57.708333333333336,5.47375,6.16,1025.0416666666667,6.041666666666667,0.0,0.0,,Clear,10-15°C,False,False
2019-09-19,12.147683397683398,130,18.774537253876694,178390.8316,13.984583333333333,8.84,19.32,12.65625,56.041666666666664,5.119583333333334,6.09,1027.0416666666667,0.4166666666666667,0.0,0.0,,Clear,10-15°C,False,False
2019-09-20,12.777509652509652,90,18.000488645518868,187950.5323,15.55375,8.38,23.36,14.049583333333333,42.625,5.175416666666666,6.22,1022.3333333333334,0.0,0.0,0.0,,Clear,15-20°C,False,False
2019-09-21,26.235521235521237,140,31.90807252171045,214460.3773,19.42125,10.76,27.49,18.728333333333335,50.041666666666664,3.86875,4.96,1012.5,24.958333333333332,0.0,0.0,,Clear,15-20°C,False,False
2019-09-22,15.147200772200772,110,21.546106825723164,167842.3326,17.69125,14.48,21.4,17.6325,81.08333333333333,4.36,5.96,1008.7916666666666,80.75,7.16,0.0,,Clouds,15-20°C,True,False
2019-09-23,15.10135135135135,140,21.956221709588508,183630.8328,16.969583333333333,13.56,20.72,16.71291666666667,76.25,3.8845833333333335,4.54,1015.2916666666666,66.04166666666667,0.2,0.0,,Clouds,15-20°C,True,False
2019-09-24,11.78088803088803,135,19.73054265486244,161476.5667,15.669166666666667,14.11,19.1,15.667083333333332,90.91666666666667,4.7525,7.04,1008.8333333333334,75.70833333333333,8.1,0.0,,Rain,15-20°C,True,False
2019-09-25,11.167953667953668,120,18.089903068007953,164817.3292,15.429166666666667,13.07,18.69,15.26,85.45833333333333,5.045833333333333,6.65,1008.25,76.04166666666667,3.04,0.0,,Clouds,15-20°C,True,False
2019-09-26,11.88465250965251,120,18.011550454041366,180458.3326,17.6275,15.6,20.15,17.6175,83.16666666666667,6.04,7.61,1010.8333333333334,98.83333333333333,1.61,0.0,,Clouds,15-20°C,True,False
2019-09-27,24.292953667953668,135,32.247901852503894,160954.9989,16.002916666666668,13.66,19.49,15.765416666666667,80.70833333333333,5.46875,7.31,1012.0,64.375,1.97,0.0,,Clouds,15-20°C,True,False
2019-09-28,29.71042471042471,150,34.936144099926956,212974.3326,15.839583333333332,13.25,19.24,15.477083333333333,76.5,5.590833333333333,7.44,1015.7916666666666,67.0,0.0,0.0,,Clouds,15-20°C,False,False
2019-09-29,15.538127413127413,120,22.89759483693534,176145.3339,15.511249999999999,12.89,19.18,15.298333333333334,83.5,7.4975,9.67,1007.1666666666666,68.04166666666667,4.800000000000001,0.0,,Clouds,15-20°C,True,False
2019-09-30,12.06081081081081,105,17.77997856516725,179314.499,15.28625,11.55,18.09,14.94,79.25,4.423333333333333,5.48,1013.7916666666666,80.29166666666667,0.0,0.0,,Clouds,15-20°C,False,False
2019-10-01,8.926158301158301,90,13.854728499551017,156142.6668,16.69625,13.11,21.14,16.615416666666665,84.04166666666667,5.792916666666667,7.27,1004.75,79.91666666666667,5.13,0.0,,Clouds,15-20°C,True,False
2019-10-02,10.803571428571429,90,16.549051412148252,174629.3312,12.574583333333335,5.75,15.82,11.730416666666665,75.25,4.59,5.77,1014.1666666666666,66.625,0.49,0.0,,Clouds,10-15°C,True,False
2019-10-03,12.048745173745173,90,18.221610168439838,177552.1665,8.565833333333332,3.07,12.72,7.8445833333333335,77.25,1.7841666666666667,4.18,1019.5416666666666,58.166666666666664,0.0,0.0,,Clouds,0-10°C,False,False
2019-10-04,17.034266409266408,120,22.05574964191859,206239.1656,13.432083333333333,9.75,15.84,12.95875,83.91666666666667,5.397083333333334,7.31,1010.0833333333334,93.66666666666667,2.69,0.0,,Clouds,10-15°C,True,False
2019-10-05,24.232625482625483,180,28.57157754174989,203763.1664,14.485,12.65,17.25,14.359583333333333,90.75,2.215,4.07,1014.0416666666666,94.625,1.1,0.0,,Clouds,10-15°C,True,False
2019-10-06,16.932915057915057,100,21.711906708039816,185076.6667,14.2475,12.23,17.39,13.971666666666666,85.91666666666667,4.592083333333333,6.62,1013.5833333333334,69.04166666666667,2.74,0.0,,Clouds,10-15°C,True,False
2019-10-07,16.189671814671815,300,22.94517702501418,170850.6389,13.850416666666668,11.41,17.69,13.360416666666666,79.25,3.9758333333333336,5.2,1017.5833333333334,91.125,0.1,0.0,,Clouds,10-15°C,True,False
2019-10-08,11.718146718146718,100,18.249483534934324,157290.6658,13.207500000000001,11.54,14.62,13.068333333333333,95.16666666666667,4.324583333333333,5.94,1012.2083333333334,87.79166666666667,13.22,0.0,,Rain,10-15°C,True,False
2019-10-09,12.579633204633204,120,18.745504666607708,151987.0004,12.295,10.63,15.32,11.840416666666668,86.54166666666667,5.305,7.37,1012.0833333333334,64.04166666666667,6.95,0.0,,Clouds,10-15°C,True,False
2019-10-10,16.283783783783782,300,23.734357324204435,165977.6651,13.221666666666666,10.73,17.51,12.679583333333333,79.66666666666667,4.437916666666667,6.5,1017.2916666666666,50.75,1.72,0.0,,Clouds,10-15°C,True,False
2019-10-11,16.375482625482626,150,22.552368098826786,167816.1974,14.583333333333334,10.79,19.76,14.299999999999999,84.29166666666667,4.875416666666667,6.94,1015.4583333333334,44.833333333333336,0.0,0.0,,Clouds,10-15°C,False,False
2019-10-12,26.443050193050194,140,29.48401657141338,198791.1645,15.352083333333333,11.55,20.28,15.287083333333333,89.79166666666667,3.7737499999999997,5.85,1011.4583333333334,50.541666666666664,2.18,0.0,,Clouds,15-20°C,True,False
2019-10-13,22.965733590733592,130,27.226986987502755,178636.3312,18.679166666666667,13.88,24.79,18.683333333333334,79.66666666666667,4.455416666666666,7.63,1009.5416666666666,38.041666666666664,0.29000000000000004,0.0,,Clouds,15-20°C,True,False
2019-10-14,17.550675675675677,120,23.318845507362912,170089.0412,17.794166666666666,13.78,23.66,17.777083333333334,82.25,4.347916666666666,5.45,1008.0,77.91666666666667,5.14,0.0,,Clouds,15-20°C,True,False
2019-10-15,17.755791505791507,120,24.601747557022325,170507.0384,13.736666666666666,10.94,15.78,13.428333333333333,86.625,3.6358333333333337,4.56,1008.4166666666666,79.83333333333333,15.9,0.0,,Rain,10-15°C,True,False
2019-10-16,15.55019305019305,90,22.09481762042308,157300.7067,13.480833333333335,10.66,15.76,13.18625,88.125,6.425416666666667,7.45,1010.0,96.70833333333333,14.610000000000001,0.0,,Rain,10-15°C,True,False
2019-10-17,15.6515444015444,120,22.158622388157468,164583.8332,13.701666666666666,11.0,16.25,13.564583333333333,93.33333333333333,4.254583333333334,6.67,1010.5,86.04166666666667,6.38,0.0,,Clouds,10-15°C,True,False
2019-10-18,16.04488416988417,120,22.062997745506024,164747.4994,13.599166666666667,10.88,15.75,13.084583333333333,79.29166666666667,6.079999999999999,8.32,1008.6666666666666,80.29166666666667,2.7199999999999998,0.0,,Clouds,10-15°C,True,False
2019-10-19,22.775096525096526,120,25.676206841539695,205081.3689,12.502916666666666,11.45,14.55,12.258333333333333,93.79166666666667,3.342083333333333,5.78,1005.7083333333334,98.375,7.62,0.0,,Rain,10-15°C,True,False
2019-10-20,17.82335907335907,100,23.264827978507714,196406.6915,11.110416666666666,10.14,12.4,10.78375,96.0,3.317083333333333,5.73,1005.9583333333334,99.75,23.39,0.0,,Rain,10-15°C,True,False
2019-10-21,21.481660231660232,120,24.595239094925528,210447.1248,11.289583333333333,8.39,14.37,10.630833333333333,88.75,3.285833333333333,6.17,1016.9583333333334,86.125,0.9,0.0,,Clouds,10-15°C,True,False
2019-10-22,24.490830115830114,180,29.721772968616325,208649.0,9.079583333333334,5.87,11.93,8.434583333333334,91.875,2.1333333333333333,3.94,1022.9583333333334,87.29166666666667,1.08,0.0,,Clouds,0-10°C,True,False
2019-10-23,26.107625482625483,145,31.810285345317833,201280.6667,12.358333333333334,10.08,14.39,12.063333333333333,92.41666666666667,3.3033333333333332,4.39,1011.75,93.08333333333333,0.75,0.0,,Clouds,10-15°C,True,False
2019-10-24,25.938706563706564,150,29.7303933641396,211264.4993,13.869583333333333,12.33,16.53,13.547083333333333,85.625,4.66125,6.77,1009.625,58.375,0.0,0.0,,Clouds,10-15°C,False,False
2019-10-25,21.45511583011583,120,25.05751785875865,222770.6675,12.777500000000002,9.92,15.99,12.459583333333333,91.5,4.14,5.07,1020.125,96.125,0.0,0.0,,Clouds,10-15°C,False,False
2019-10-26,27.738899613899616,190,29.888184868481932,248541.9996,14.789166666666667,10.28,19.77,14.457916666666668,81.75,4.939583333333333,5.76,1016.7083333333334,88.41666666666667,0.0,0.0,,Clouds,10-15°C,False,False
2019-10-27,18.99131274131274,120,23.9011710914124,195844.9994,10.328333333333333,7.64,15.93,8.62875,90.91666666666667,3.88875,4.95,1020.9166666666666,98.20833333333333,9.53,0.0,,Rain,10-15°C,True,False
2019-10-28,24.688706563706564,130,27.161944503830362,228226.8324,8.74875,5.97,11.52,6.53375,79.25,4.24625,4.86,1021.0416666666666,99.875,4.0,0.0,,Clouds,0-10°C,True,False
2019-10-29,26.254826254826256,140,29.851050253303143,221094.0,9.18625,7.69,11.3,7.148333333333333,82.625,4.3575,5.23,1020.9166666666666,99.66666666666667,3.05,0.0,,Clouds,0-10°C,True,False
2019-10-30,26.94256756756757,160,30.847565013818606,212070.3662,8.5525,7.06,9.84,6.701666666666667,88.45833333333333,3.138333333333333,4.06,1021.625,100.0,0.84,0.0,,Clouds,0-10°C,True,False
2019-10-31,23.76930501930502,125,27.305006216099628,231559.3323,9.672916666666667,7.98,11.98,8.516666666666667,92.70833333333333,2.971666666666667,4.08,1017.125,99.95833333333333,1.8,0.0,,Clouds,0-10°C,True,False
2019-11-01,24.98310810810811,120,29.556715392801976,212449.0449,12.932916666666666,9.44,15.84,12.778333333333334,97.20833333333333,4.835,6.68,1006.2916666666666,99.95833333333333,15.62,0.0,,Rain,10-15°C,True,False
2019-11-02,29.722490347490346,160,35.06402664047915,222400.8816,13.14875,10.38,15.62,12.760833333333332,85.83333333333333,7.066666666666666,8.16,993.2916666666666,99.70833333333333,3.45,0.0,,Clouds,10-15°C,True,False
2019-11-03,17.130791505791507,300,23.374406836948896,192571.3762,11.048333333333334,10.53,12.3,10.645,93.29166666666667,5.458333333333333,6.55,985.5416666666666,84.20833333333333,9.56,0.0,,Rain,10-15°C,True,False
2019-11-04,10.10135135135135,90,15.47928501936934,163805.5006,10.650833333333333,8.55,13.81,9.168750000000001,90.375,6.027916666666667,7.56,990.4166666666666,59.5,4.85,0.0,,Clouds,10-15°C,True,False
2019-11-05,8.093629343629344,90,13.197600046435577,147899.334,8.765416666666667,6.76,11.35,7.109166666666667,93.25,3.0695833333333336,5.43,996.7083333333334,69.16666666666667,2.21,0.0,,Clouds,0-10°C,True,False
2019-11-06,8.641409266409266,105,14.194968659401878,156869.3311,9.380833333333333,7.68,11.58,8.02625,94.75,3.0,3.97,1004.1666666666666,66.875,0.73,0.0,,Clouds,0-10°C,True,False
2019-11-07,8.706563706563706,300,15.173765619566657,155270.332,8.289166666666667,4.58,10.08,5.7775,89.66666666666667,4.980833333333333,7.89,998.875,63.041666666666664,8.63,0.0,,Clouds,0-10°C,True,False
2019-11-08,9.819015444015443,90,15.241610095903615,166970.4032,5.58625,3.47,9.67,3.9741666666666666,91.08333333333333,2.2129166666666666,3.59,1005.4166666666666,66.83333333333333,0.0,0.0,,Clouds,0-10°C,False,False
2019-11-09,21.48407335907336,100,25.36371325310874,204549.1984,5.023333333333333,2.21,7.91,2.5329166666666665,94.16666666666667,3.2274999999999996,5.28,1009.2916666666666,64.5,0.79,0.0,,Clouds,0-10°C,True,False
2019-11-10,28.163610038610038,180,33.64783057297965,193403.3027,5.892499999999999,4.95,7.38,4.243333333333333,95.08333333333333,2.2925,3.51,1009.0833333333334,88.125,2.92,0.0,,Clouds,0-10°C,True,False
2019-11-11,17.188706563706564,300,25.69929003535672,160905.6663,5.2995833333333335,3.61,7.99,1.90625,95.04166666666667,4.738333333333333,7.38,1008.5,74.66666666666667,3.41,0.0,,Clouds,0-10°C,True,False
2019-11-12,12.849903474903474,110,20.496567530478835,158241.5009,4.670416666666667,2.7,7.16,1.1916666666666667,94.0,4.588333333333334,5.68,1004.875,48.291666666666664,1.12,0.0,,Clouds,0-10°C,True,False
2019-11-13,11.105212355212355,100,17.039010877923722,159510.7034,5.954166666666667,3.32,9.62,2.9404166666666662,92.95833333333333,4.266666666666667,6.81,1002.7083333333334,75.70833333333333,1.0,0.0,,Clouds,0-10°C,True,False
2019-11-14,10.477799227799228,120,17.605678416036255,163623.8646,5.490833333333334,4.81,6.76,2.8983333333333334,91.375,3.6358333333333337,7.34,997.875,99.91666666666667,6.47,0.0,,Clouds,0-10°C,True,False
2019-11-15,9.855212355212355,120,19.78953192920677,142960.7396,3.0241666666666664,1.07,4.66,0.009166666666666644,96.04166666666667,3.52,4.93,998.7916666666666,99.95833333333333,11.08,1.61,,Rain,0-10°C,True,True
2019-11-16,22.941602316602317,110,26.806043102773845,201894.2529,4.930416666666667,3.64,5.98,2.0866666666666664,94.125,3.7137499999999997,5.31,1006.0833333333334,92.625,0.22,0.0,,Clouds,0-10°C,True,False
2019-11-17,18.692084942084943,95,22.863096322226895,197029.5675,5.195,3.34,8.55,3.6979166666666665,92.70833333333333,2.0716666666666668,3.09,1009.7083333333334,72.16666666666667,0.0,0.0,,Clouds,0-10°C,False,False
2019-11-18,11.916023166023166,120,18.958815666288842,148641.0446,5.1925,2.62,7.62,2.58625,98.5,3.2937499999999997,4.85,1012.9583333333334,83.58333333333333,4.1899999999999995,0.0,,Clouds,0-10°C,True,False
2019-11-19,12.263513513513514,105,18.807188615329107,160320.5533,5.022083333333334,1.25,8.7,4.04375,93.20833333333333,1.3812499999999999,2.44,1018.3333333333334,70.54166666666667,0.0,0.0,,Clouds,0-10°C,False,False
2019-11-20,11.447876447876448,120,18.630778968980472,160117.3901,2.15125,-0.25,6.44,-1.4579166666666667,92.04166666666667,3.8266666666666667,5.03,1013.0833333333334,13.833333333333334,0.0,0.0,,Clouds,0-10°C,False,False
2019-11-21,11.7253861003861,120,18.222652458477686,161961.6038,5.1425,0.06,9.95,2.27,90.83333333333333,3.6783333333333332,4.55,1004.8333333333334,67.29166666666667,1.02,0.0,,Clouds,0-10°C,True,False
2019-11-22,17.70511583011583,105,19.80607120743958,248081.4522,8.393333333333333,4.72,11.47,5.9695833333333335,86.08333333333333,5.646666666666667,8.6,998.75,77.29166666666667,0.53,0.0,,Clouds,0-10°C,True,False
2019-11-23,23.3277027027027,135,26.941559963044643,205649.2553,8.32375,5.71,9.37,5.719166666666666,93.25,4.998333333333334,8.97,993.5,98.41666666666667,14.389999999999999,0.0,,Rain,0-10°C,True,False
2019-11-24,19.695945945945947,100,23.922037038723513,200854.0007,7.695,5.23,10.87,6.646249999999999,95.66666666666667,2.232083333333333,3.61,1006.3333333333334,79.79166666666667,0.0,0.0,,Clouds,0-10°C,False,False
2019-11-25,11.8484555984556,90,17.72721591218041,173475.4998,9.299166666666666,6.79,12.18,7.839166666666666,93.16666666666667,3.807916666666667,4.39,1007.5,92.04166666666667,3.5100000000000002,0.0,,Clouds,0-10°C,True,False
2019-11-26,10.839768339768339,105,17.52681332874154,162034.4999,10.959583333333335,10.31,12.14,10.580833333333333,94.58333333333333,4.905833333333333,5.77,1002.4166666666666,99.625,6.51,0.0,,Clouds,10-15°C,True,False
2019-11-27,9.370173745173744,105,15.760200175717381,147955.3339,10.780833333333334,10.2,11.73,10.31,91.75,7.5062500000000005,8.57,992.375,75.75,5.8,0.0,,Clouds,10-15°C,True,False
2019-11-28,10.707046332046332,90,16.684205473320517,164803.9991,10.310416666666667,8.06,11.56,9.199166666666667,90.875,6.181666666666666,7.45,999.6666666666666,85.0,1.57,0.0,,Clouds,10-15°C,True,False
2019-11-29,16.385135135135137,100,18.395628852262416,242471.9996,8.033333333333333,5.36,9.0,6.417083333333333,93.95833333333333,2.7245833333333334,3.9,1013.625,82.45833333333333,1.2,0.0,,Clouds,0-10°C,True,False
2019-11-30,24.387065637065636,160,27.23204978813533,218231.8327,4.714583333333334,2.25,7.62,1.4625000000000001,89.25,4.248333333333333,5.43,1019.4166666666666,88.29166666666667,0.17,0.0,,Clouds,0-10°C,True,False
2019-12-01,17.492760617760617,100,21.702077097978854,197961.1663,2.8891666666666667,1.94,4.1,-0.76625,95.0,4.1137500000000005,5.32,1016.375,98.91666666666667,2.32,0.0,,Clouds,0-10°C,True,False
2019-12-02,13.231177606177607,90,19.45592979566213,165874.0013,2.2866666666666666,-0.49,5.95,-1.0304166666666668,93.20833333333333,3.37875,4.85,1028.3333333333333,15.041666666666666,0.0,0.0,,Clear,0-10°C,False,False
2019-12-03,11.300675675675675,120,18.151139690625254,157285.4987,2.879583333333333,1.05,4.68,0.25625,96.91666666666667,2.6670833333333337,3.34,1028.0,49.458333333333336,0.0,0.0,,Clouds,0-10°C,False,False
2019-12-04,10.844594594594595,120,17.04684317181092,150091.166,0.8279166666666667,-1.59,4.78,-1.86625,94.66666666666667,2.392916666666667,3.21,1020.875,3.4583333333333335,0.0,0.0,,Clear,0-10°C,False,False
2019-12-05,10.535714285714286,120,17.824799985304395,150403.8327,-0.35541666666666666,-2.44,1.13,-2.3941666666666666,98.54166666666667,1.8595833333333334,3.35,1023.5,90.91666666666667,0.0,0.18,,Clouds,<0°C,False,True
2019-12-06,14.58011583011583,120,20.19502571494601,213809.1676,3.7687500000000003,-0.36,9.45,-0.48916666666666675,98.79166666666667,5.88625,7.83,1017.125,99.875,3.39,0.0,,Clouds,0-10°C,True,False
2019-12-07,23.22635135135135,100,24.927290124642447,223081.1323,9.35875,7.5,10.67,7.5375000000000005,94.58333333333333,3.7154166666666666,6.07,1017.5833333333334,81.75,0.41000000000000003,0.0,,Clouds,0-10°C,True,False
2019-12-08,15.849420849420849,135,21.422775410286697,194393.1685,9.79875,7.32,11.49,8.079166666666667,92.33333333333333,6.757083333333333,8.08,1009.9166666666666,88.20833333333333,8.04,0.0,,Clouds,0-10°C,True,False
2019-12-09,11.25,90,17.6185026858241,156606.9982,6.815,2.43,9.04,2.8695833333333334,88.54166666666667,7.3,9.52,1011.3333333333334,51.333333333333336,3.48,0.0,,Clouds,0-10°C,True,False
2019-12-10,11.17519305019305,100,17.58010437901889,162449.4999,3.4758333333333336,-0.56,6.93,0.13124999999999995,90.04166666666667,4.302083333333333,6.61,1024.5416666666667,79.45833333333333,1.57,0.0,,Clouds,0-10°C,True,False
2019-12-11,9.913127413127413,120,15.321823100603968,154929.5049,6.148333333333333,4.27,7.55,3.182916666666667,95.20833333333333,4.27625,5.98,1010.0,99.16666666666667,11.67,0.0,,Rain,0-10°C,True,False
2019-12-12,9.705598455598455,120,15.784191846410284,164425.8336,4.373333333333333,2.19,7.42,0.16041666666666668,95.79166666666667,6.02875,7.77,998.5416666666666,95.75,7.3999999999999995,0.0,,Clouds,0-10°C,True,False
2019-12-13,12.83542471042471,115,18.080469304434352,210950.9996,6.985416666666667,5.3,8.61,2.9370833333333333,87.33333333333333,7.50125,9.73,985.9166666666666,61.833333333333336,6.17,0.0,,Clouds,0-10°C,True,False
2019-12-14,23.904440154440156,110,24.9021559877752,227595.1659,8.961666666666668,7.31,10.74,6.047499999999999,85.0,7.178333333333334,10.22,998.0833333333334,78.08333333333333,2.13,0.0,,Clouds,0-10°C,True,False
2019-12-15,19.33880308880309,120,21.49858967258141,214506.3331,9.09,7.8,10.4,6.8725,90.875,5.524583333333333,9.41,1004.0416666666666,89.79166666666667,8.33,0.0,,Clouds,0-10°C,True,False
2019-12-16,13.351833976833976,120,18.608608375275125,169022.8337,8.855,7.95,10.96,7.21,95.0,3.1799999999999997,4.82,1003.0833333333334,97.75,12.59,0.0,,Clouds,0-10°C,True,False
2019-12-17,13.81515444015444,90,16.956589618988776,224229.3321,11.381666666666668,7.77,15.38,10.402916666666666,84.5,4.859583333333333,6.53,1002.75,87.33333333333333,4.1,0.0,,Clouds,10-15°C,True,False
2019-12-18,13.426640926640927,90,17.34656610361494,196624.3319,7.960833333333333,4.49,10.59,5.781666666666666,93.95833333333333,3.964166666666667,6.19,1013.4166666666666,53.625,0.0,0.0,,Clouds,0-10°C,False,False
2019-12-19,14.201254826254827,100,18.30060536709773,181454.987,11.752916666666666,9.21,13.76,10.61,86.125,5.892499999999999,6.57,1004.0,92.95833333333333,2.05,0.0,,Clouds,10-15°C,True,False
2019-12-20,16.77123552123552,90,19.04592489896231,220699.9769,10.357916666666666,7.8,12.81,8.972916666666666,87.79166666666667,7.06375,9.79,988.625,74.70833333333333,13.48,0.0,,Clouds,10-15°C,True,False
2019-12-21,18.689671814671815,120,20.956341674698116,225682.552,8.221666666666666,6.59,10.03,5.202916666666667,90.29166666666667,6.107500000000001,8.5,988.0,74.125,8.77,0.0,,Clouds,0-10°C,True,False
2019-12-22,20.004826254826256,105,22.005332216031846,234425.7186,8.731666666666667,6.94,9.84,5.441666666666666,88.45833333333333,6.659583333333334,8.71,990.0,78.95833333333333,2.61,0.0,,Clouds,0-10°C,True,False
2019-12-23,23.43388030888031,140,25.489348298437363,234421.4731,8.676666666666668,7.65,10.01,5.857500000000001,85.83333333333333,5.7,7.07,1013.0,74.625,0.99,0.0,,Clouds,0-10°C,True,False
2019-12-24,17.775096525096526,105,21.033109432744357,225034.3343,10.109166666666667,7.09,12.43,8.6875,89.29166666666667,5.8691666666666675,6.84,1015.2916666666666,91.29166666666667,3.9,0.0,,Clouds,10-15°C,True,False
2019-12-25,23.19256756756757,120,25.137537319550795,227285.9916,7.770416666666667,3.55,9.86,5.9316666666666675,84.20833333333333,3.3674999999999997,6.17,1023.7083333333334,89.95833333333333,0.22,0.0,,Clouds,0-10°C,True,False
2019-12-26,24.893822393822393,120,26.390144196883842,234374.1646,6.272083333333334,2.14,9.94,3.4183333333333334,91.5,4.185833333333333,7.13,1022.875,83.04166666666667,7.29,0.0,,Clouds,0-10°C,True,False
2019-12-27,29.838320463320464,120,29.525221337103158,246748.3324,8.908333333333333,8.03,10.54,7.243333333333333,93.125,4.16625,7.37,1027.5,95.91666666666667,7.76,0.0,,Clouds,0-10°C,True,False
2019-12-28,31.55888030888031,140,31.399935848968298,252847.8334,6.024166666666666,1.33,7.89,4.1033333333333335,87.95833333333333,2.5145833333333334,3.33,1037.0833333333333,94.04166666666667,0.0,0.0,,Clouds,0-10°C,False,False
2019-12-29,29.884169884169886,155,31.87162050345532,233836.3018,1.4745833333333334,-0.66,4.86,-1.2108333333333332,92.33333333333333,2.4429166666666666,3.35,1036.0416666666667,69.58333333333333,0.0,0.0,,Clouds,0-10°C,False,False
2019-12-30,47.21283783783784,140,35.91616088215106,243176.1608,1.6133333333333333,-1.49,6.68,-0.6445833333333334,87.125,2.0820833333333333,2.72,1033.0833333333333,8.625,0.0,0.0,,Clear,0-10°C,False,False
2019-12-31,23.289092664092664,120,24.00215097288294,277228.0157,0.41875,-1.59,4.4,-1.5516666666666667,94.04166666666667,1.8616666666666666,2.75,1032.2083333333333,21.583333333333332,0.0,0.0,,Clear,0-10°C,False,False
2020-01-01,20.417471042471043,120,23.250092937600908,231986.1257,1.495,-1.21,3.23,-1.0520833333333333,97.20833333333333,2.3833333333333333,3.38,1031.375,84.08333333333333,0.42000000000000004,0.0,,Clouds,0-10°C,True,False
2020-01-02,28.75965250965251,120,28.86106437179703,248884.7928,6.607083333333333,3.27,8.58,4.1866666666666665,97.70833333333333,3.526666666666667,5.37,1026.1666666666667,100.0,0.72,0.0,,Clouds,0-10°C,True,False
2020-01-03,30.871138996138995,140,29.647067662926197,248462.3338,9.182083333333333,7.08,11.13,7.015000000000001,89.58333333333333,5.414166666666667,6.78,1025.0416666666667,96.125,1.35,0.0,,Clouds,0-10°C,True,False
2020-01-04,28.687258687258687,145,29.393345847664172,252258.4368,5.75375,2.32,8.26,3.5375,86.16666666666667,2.9225,4.23,1035.6666666666667,84.04166666666667,0.0,0.0,,Clouds,0-10°C,False,False
2020-01-05,17.19111969111969,150,20.387983658144538,228438.9999,6.646666666666667,4.58,8.42,6.202083333333333,82.20833333333333,1.2154166666666666,2.03,1035.875,86.16666666666667,0.0,0.0,,Clouds,0-10°C,False,False
2020-01-06,14.420849420849422,100,20.713434378193988,157153.6979,3.421666666666667,-0.6,7.22,0.3108333333333333,91.33333333333333,3.5675000000000003,4.83,1027.2083333333333,26.333333333333332,0.0,0.0,,Clear,0-10°C,False,False
2020-01-07,12.292471042471043,110,19.59526202536508,147325.1665,7.229583333333333,5.3,9.24,4.9679166666666665,96.83333333333333,3.4170833333333337,4.58,1028.7916666666667,91.25,0.0,0.0,,Clouds,0-10°C,False,False
2020-01-08,10.178571428571429,95,16.613798907352862,145595.4319,11.160416666666668,9.54,11.71,10.712916666666667,96.83333333333333,4.179166666666666,4.79,1026.4583333333333,100.0,0.51,0.0,,Clouds,10-15°C,True,False
2020-01-09,8.627878033602986,75,13.976039607250025,108686.4985,10.887916666666667,9.8,11.86,10.394166666666667,94.16666666666667,6.19875,6.92,1016.2083333333334,98.54166666666667,5.07,0.0,,Clouds,10-15°C,True,False
2020-01-10,11.684362934362934,75,15.767375405094315,177578.9993,7.7441666666666675,5.8,9.64,5.34,92.41666666666667,4.369166666666667,7.2,1023.1666666666666,82.95833333333333,1.63,0.0,,Clouds,0-10°C,True,False
2020-01-11,25.072393822393824,130,27.768174788936943,240696.3339,4.4904166666666665,2.34,7.79,2.2204166666666665,89.91666666666667,2.7604166666666665,4.05,1032.75,80.41666666666667,0.0,0.0,,Clouds,0-10°C,False,False
2020-01-12,19.903474903474905,120,26.394755114001345,171012.6668,6.197916666666667,2.27,8.54,3.0504166666666666,91.04166666666667,4.6000000000000005,5.73,1026.875,88.16666666666667,0.1,0.0,,Clouds,0-10°C,True,False
2020-01-13,13.240830115830116,85,18.94250144696259,160047.9983,8.237083333333333,6.51,9.61,5.459166666666667,93.45833333333333,5.078333333333333,7.53,1018.1666666666666,99.58333333333333,0.49,0.0,,Clouds,0-10°C,True,False
2020-01-14,9.908301158301159,90,15.789730375493928,142791.6671,10.25625,9.05,11.92,8.179166666666667,76.125,8.0675,8.98,1010.7916666666666,98.20833333333333,2.64,0.0,,Clouds,10-15°C,True,False
2020-01-15,8.708976833976834,90,13.786352026108204,141717.6661,9.880416666666667,5.84,12.56,8.125,81.25,5.747083333333333,7.47,1015.5,75.625,0.33999999999999997,0.0,,Clouds,0-10°C,True,False
2020-01-16,10.021718146718147,75,15.175204410986009,145277.6678,8.371666666666668,3.54,13.83,6.588333333333334,87.83333333333333,4.545,6.34,1022.25,30.458333333333332,0.0,0.0,,Clear,0-10°C,False,False
2020-01-17,8.94546332046332,75,13.344067657542215,153253.3333,8.508750000000001,4.2,11.03,6.232916666666667,83.70833333333333,5.07875,5.99,1019.25,60.166666666666664,3.15,0.0,,Clouds,0-10°C,True,False
2020-01-18,23.22876447876448,130,28.616915353411326,198860.8329,4.212083333333333,1.45,8.6,1.5408333333333335,89.375,3.109583333333333,4.75,1028.4166666666667,60.583333333333336,0.0,0.0,,Clouds,0-10°C,False,False
2020-01-19,19.736969111969113,300,26.941122278253225,166056.8522,3.0370833333333334,-0.08,6.48,-0.5891666666666667,90.20833333333333,4.22375,5.74,1039.6666666666667,31.791666666666668,0.0,0.0,,Clouds,0-10°C,False,False
2020-01-20,11.61438223938224,80,17.00718301125735,158552.7366,2.275,0.57,5.29,-1.5645833333333332,88.16666666666667,4.20125,5.67,1045.25,5.875,0.0,0.0,,Clear,0-10°C,False,False
2020-01-21,8.397683397683398,75,13.12257535729458,144118.9995,0.7441666666666666,-1.63,4.29,-2.254166666666667,88.625,2.6641666666666666,3.44,1040.7083333333333,0.0,0.0,0.0,,Clear,0-10°C,False,False
2020-01-22,8.289092664092664,90,13.215698080604966,137522.3499,-0.7291666666666666,-3.15,2.29,-4.33625,91.08333333333333,3.0187500000000003,3.74,1035.3333333333333,4.458333333333333,0.0,0.0,,Clear,<0°C,False,False
2020-01-23,8.279440154440154,75,13.031388843704953,139149.3317,0.12708333333333333,-1.91,3.02,-3.4599999999999995,90.5,3.1870833333333333,4.12,1029.0,11.875,0.0,0.0,,Clear,0-10°C,False,False
2020-01-24,11.36100386100386,90,17.02969782388827,148224.9992,-0.37291666666666673,-1.86,2.6,-1.23875,91.79166666666667,1.2070833333333333,2.26,1023.4583333333334,34.416666666666664,0.0,0.0,,Clouds,<0°C,False,False
2020-01-25,23.419401544401545,130,29.838196689467317,177577.1645,1.28125,-2.38,5.68,-0.67625,94.375,1.9095833333333332,2.56,1020.5,88.125,0.0,0.0,,Clouds,0-10°C,False,False
2020-01-26,20.026544401544403,120,27.133035450819545,171175.2517,5.058333333333334,1.12,8.21,2.43625,94.125,3.564583333333333,6.24,1016.7083333333334,93.70833333333333,0.14,0.0,,Clouds,0-10°C,True,False
2020-01-27,11.573359073359073,125,19.13472084903443,141040.6539,8.204166666666667,7.49,8.75,4.60875,93.54166666666667,7.100833333333333,8.77,1007.7083333333334,97.29166666666667,12.34,0.0,,Rain,0-10°C,True,False
2020-01-28,10.197876447876448,90,17.130155748033722,147492.1542,6.097083333333334,4.43,7.66,1.7033333333333334,84.08333333333333,7.737916666666667,9.45,1003.3333333333334,69.08333333333333,4.45,0.0,,Rain,0-10°C,True,False
2020-01-29,9.838320463320464,90,14.88602826304571,150075.1654,6.144583333333333,3.81,9.14,2.9091666666666662,87.04166666666667,4.83375,6.39,1014.1666666666666,85.16666666666667,0.5700000000000001,0.0,,Clouds,0-10°C,True,False
2020-01-30,8.938223938223938,95,14.685074766252843,143299.1672,8.094583333333334,3.39,12.71,6.085416666666667,94.04166666666667,5.382083333333333,7.45,1011.9166666666666,98.58333333333333,4.17,0.0,,Clouds,0-10°C,True,False
2020-01-31,13.250482625482626,90,18.564918650480884,168082.8335,11.877916666666666,10.94,13.5,11.567916666666667,93.70833333333333,5.03375,6.05,1013.6666666666666,99.70833333333333,0.0,0.0,,Clouds,10-15°C,False,False
2020-02-01,21.626447876447877,150,28.414304572251254,191259.0662,11.969166666666666,10.49,13.4,11.617083333333333,91.70833333333333,6.355416666666667,7.3,1011.2916666666666,90.91666666666667,13.39,0.0,,Rain,10-15°C,True,False
2020-02-02,18.34942084942085,110,24.80980300427771,182620.1659,12.51,10.24,15.19,12.271666666666667,94.0,6.120833333333334,7.75,1014.3333333333334,99.95833333333333,10.7,0.0,,Rain,10-15°C,True,False
2020-02-03,14.647683397683398,205,22.464552353613502,158296.8339,11.20125,6.92,13.11,10.530416666666667,92.95833333333333,5.767499999999999,10.14,1016.5833333333334,98.83333333333333,10.76,0.0,,Rain,10-15°C,True,False
2020-02-04,11.870173745173744,120,19.2912576144332,146843.4989,6.524166666666667,4.86,8.06,2.70875,85.95833333333333,6.384166666666666,8.06,1023.4166666666666,55.833333333333336,2.08,0.0,,Clouds,0-10°C,True,False
2020-02-05,11.356177606177607,300,18.156053257315925,164238.9985,6.485833333333333,2.35,9.02,4.7875000000000005,84.66666666666667,2.5308333333333333,4.91,1035.7916666666667,98.0,0.0,0.0,,Clouds,0-10°C,False,False
2020-02-06,11.648166023166024,120,17.0521470351506,167817.8314,4.067916666666666,0.16,9.35,1.7070833333333333,81.66666666666667,2.7045833333333333,3.81,1031.0,16.083333333333332,0.0,0.0,,Clear,0-10°C,False,False
2020-02-07,13.257722007722007,120,18.359313765894203,170761.1674,5.390000000000001,0.32,10.73,2.6824999999999997,80.54166666666667,3.544583333333333,3.88,1023.0416666666666,33.666666666666664,0.0,0.0,,Clear,0-10°C,False,False
2020-02-08,18.689671814671815,120,23.391958187791968,192189.3007,8.715833333333334,6.88,10.66,6.730833333333333,85.95833333333333,3.8216666666666668,4.49,1021.125,76.70833333333333,0.51,0.0,,Clouds,0-10°C,True,False
2020-02-09,14.162644787644787,110,19.78606229356345,158864.3338,10.087916666666667,6.88,13.04,8.178749999999999,88.25,9.325833333333334,12.94,1011.9583333333334,97.79166666666667,5.58,0.0,,Clouds,10-15°C,True,False
2020-02-10,12.538610038610038,105,18.10288893336923,142900.1657,9.674166666666666,7.13,12.42,7.09375,81.08333333333333,9.89875,12.6,1008.125,68.16666666666667,9.53,0.0,,Rain,0-10°C,True,False
2020-02-11,12.458976833976834,120,18.408379269906032,160376.4996,5.973333333333334,3.67,8.84,1.6433333333333333,80.83333333333333,7.459166666666667,9.42,1015.7916666666666,51.916666666666664,0.37,0.0,,Clouds,0-10°C,True,False
2020-02-12,11.339285714285714,75,15.16222405238767,166093.3322,5.734166666666667,3.28,9.21,2.28125,82.08333333333333,5.109166666666667,7.55,1020.5,72.375,0.1,0.0,,Clouds,0-10°C,True,False
2020-02-13,11.088320463320464,90,15.980293836277765,151268.103,7.992916666666667,4.63,11.96,4.54,83.70833333333333,7.915416666666666,10.61,1007.6666666666666,79.875,9.35,0.0,,Clouds,0-10°C,True,False
2020-02-14,16.37065637065637,180,22.758333337801865,176120.3331,8.929583333333333,7.47,11.48,6.915416666666666,84.54166666666667,3.91,5.72,1022.0,96.45833333333333,0.0,0.0,,Clouds,0-10°C,False,False
2020-02-15,24.12403474903475,115,28.519607248685336,211854.8029,9.6425,5.77,13.55,7.875416666666666,83.5,6.114583333333333,8.92,1019.5416666666666,90.83333333333333,1.1500000000000001,0.0,,Clouds,0-10°C,True,False
2020-02-16,21.06418918918919,130,26.36315910160304,175234.6683,13.496666666666668,8.55,17.66,12.4425,76.5,9.232916666666666,12.18,1010.7916666666666,99.41666666666667,8.22,0.0,,Clouds,10-15°C,True,False
2020-02-17,20.76254826254826,120,26.019949017226935,190282.4996,8.582916666666668,5.53,11.72,6.067916666666666,86.375,5.682916666666666,7.85,1018.7916666666666,59.125,2.7600000000000002,0.0,,Clouds,0-10°C,True,False
2020-02-18,25.429536679536678,145,30.81946709595754,200352.5036,6.989999999999999,3.59,10.57,3.6962499999999996,84.0,5.789166666666667,7.78,1026.6666666666667,54.083333333333336,0.14,0.0,,Clouds,0-10°C,True,False
2020-02-19,23.07915057915058,135,27.839082152205865,191736.8315,6.864166666666667,4.09,9.22,3.674166666666667,88.625,5.113333333333333,7.86,1024.625,85.95833333333333,4.02,0.0,,Clouds,0-10°C,True,False
2020-02-20,22.287644787644787,150,27.391915365327183,197016.4999,7.990416666666667,4.52,10.92,5.14875,88.04166666666667,6.291250000000001,8.9,1020.4166666666666,80.58333333333333,2.51,0.0,,Clouds,0-10°C,True,False
2020-02-21,26.097972972972972,130,30.376894630950034,195456.833,5.687083333333334,1.58,9.73,2.7429166666666664,85.04166666666667,4.050416666666666,5.41,1030.125,49.416666666666664,0.0,0.0,,Clouds,0-10°C,False,False
2020-02-22,31.141409266409266,130,34.365501880522736,215235.5024,8.695833333333333,4.29,12.24,6.627083333333334,83.20833333333333,5.675416666666667,6.69,1028.2916666666667,72.125,0.0,0.0,,Clouds,0-10°C,False,False
2020-02-23,24.418436293436294,135,30.443163400726878,199217.9989,10.875416666666666,9.25,12.52,9.645416666666668,91.25,7.0325,9.21,1025.5833333333333,100.0,0.0,0.0,,Clouds,10-15°C,False,False
2020-02-24,27.948841698841697,150,32.8483087001698,201900.1666,10.872916666666667,9.66,12.23,10.09375,90.16666666666667,6.586666666666667,8.6,1019.1666666666666,99.75,0.31,0.0,,Clouds,10-15°C,True,False
2020-02-25,23.371138996138995,160,29.353879035712634,200147.4987,7.579583333333333,3.88,9.95,4.0675,87.75,6.306666666666666,7.73,1006.4166666666666,79.41666666666667,6.89,0.0,,Rain,0-10°C,True,False
2020-02-26,20.34507722007722,115,25.13822982316035,196291.8336,4.1362499999999995,1.56,6.82,-0.32375,84.875,6.41875,8.07,1007.625,59.541666666666664,3.12,0.0,,Clouds,0-10°C,True,False
2020-02-27,19.826254826254825,300,28.847468892191824,180938.4999,4.7179166666666665,2.56,10.55,0.6545833333333333,88.375,6.6925,11.94,1004.7083333333334,73.41666666666667,9.89,0.0,,Clouds,0-10°C,True,False
2020-02-28,20.779440154440156,120,26.482743159441604,199275.4996,5.084583333333334,-0.13,10.46,2.0716666666666668,88.45833333333333,5.005,7.47,1015.0416666666666,92.91666666666667,2.32,0.0,,Clouds,0-10°C,True,False
2020-02-29,24.42326254826255,140,29.542919034226415,203561.6654,8.875833333333334,6.34,12.15,6.010000000000001,83.5,7.785833333333334,10.69,998.0416666666666,76.5,3.23,0.0,,Clouds,0-10°C,True,False
2020-03-01,15.583976833976834,120,22.17357656856584,168540.4984,5.760416666666667,2.28,8.73,1.7379166666666668,90.125,6.4004166666666675,8.56,996.75,76.16666666666667,12.49,0.0,,Clouds,0-10°C,True,False
2020-03-02,13.308397683397683,120,18.90081782559283,173195.9994,6.095,3.39,8.44,2.5524999999999998,91.91666666666667,5.427916666666667,7.57,992.7916666666666,82.58333333333333,14.66,0.0,,Rain,0-10°C,True,False
2020-03-03,14.913127413127413,95,19.62509999832267,188724.8384,4.433333333333334,1.37,8.75,1.5445833333333334,87.75,3.4404166666666662,4.55,1006.4583333333334,69.66666666666667,0.0,0.0,,Clouds,0-10°C,False,False
2020-03-04,13.400096525096526,120,19.024004760114014,183586.5617,5.190416666666667,2.25,7.98,2.2475,91.0,3.9075,5.38,1011.25,88.95833333333333,3.13,0.0,,Clouds,0-10°C,True,False
2020-03-05,12.012548262548263,105,17.61706617572493,158318.4994,8.530416666666666,6.17,11.82,6.029166666666666,94.29166666666667,5.662916666666667,9.96,992.0416666666666,96.0,19.44,0.0,,Rain,0-10°C,True,False
2020-03-06,14.259169884169884,90,19.18093253085878,186530.8342,6.3116666666666665,2.61,8.9,3.2045833333333333,85.45833333333333,4.875416666666667,9.54,1004.375,71.04166666666667,2.1,0.0,,Clouds,0-10°C,True,False
2020-03-07,25.12065637065637,300,29.348468619136344,215556.8339,6.458333333333333,0.63,10.8,4.555833333333333,84.04166666666667,2.9620833333333336,4.77,1020.4166666666666,63.5,0.0,0.0,,Clouds,0-10°C,False,False
2020-03-08,16.6722972972973,110,22.268504258798455,163839.3349,8.307916666666667,6.37,9.99,5.122916666666667,90.20833333333333,6.107500000000001,8.18,1015.5416666666666,82.5,1.8599999999999999,0.0,,Clouds,0-10°C,True,False
2020-03-09,14.787644787644787,120,19.330370843360623,166568.166,7.697916666666667,4.54,11.13,5.08625,85.125,4.780833333333333,6.07,1017.4166666666666,72.91666666666667,1.2200000000000002,0.0,,Clouds,0-10°C,True,False
2020-03-10,11.40926640926641,100,16.513239528108095,150429.4969,11.353333333333333,6.75,14.51,9.927916666666667,92.70833333333333,7.070416666666667,7.94,1014.7083333333334,99.91666666666667,6.390000000000001,0.0,,Clouds,10-15°C,True,False
2020-03-11,9.512548262548263,70,13.960136281399807,151673.3319,13.767083333333334,11.77,16.01,13.432916666666666,85.54166666666667,6.8254166666666665,8.37,1017.2916666666666,77.875,0.11,0.0,,Clouds,10-15°C,True,False
2020-03-12,9.321911196911197,80,13.204045976353587,163788.6661,10.217916666666666,6.28,12.16,8.565,78.75,5.734999999999999,8.53,1016.875,67.95833333333333,1.41,0.0,,Clouds,10-15°C,True,False
2020-03-13,9.355694980694981,75,13.24680938415289,164768.0014,7.703333333333333,3.68,11.78,5.440416666666667,75.33333333333333,3.8541666666666665,5.54,1022.3333333333334,45.708333333333336,0.42,0.0,,Clouds,0-10°C,True,False
2020-03-14,0.0,0,0.0,0.0,8.2175,6.01,10.69,6.541666666666667,87.20833333333333,3.4166666666666665,5.36,1019.875,88.16666666666667,1.6400000000000001,0.0,,Clouds,0-10°C,True,False
2020-03-15,0.0,0,0.0,0.0,10.705833333333333,6.75,16.21,9.05125,78.5,3.981666666666667,5.86,1013.875,64.79166666666667,0.0,0.0,,Clouds,10-15°C,False,False
2020-03-16,0.0,0,0.0,0.0,8.762500000000001,6.32,11.05,7.508333333333333,87.83333333333333,2.4795833333333333,3.69,1020.2916666666666,79.125,0.55,0.0,,Clouds,0-10°C,True,False
2020-03-17,0.0,0,0.0,0.0,10.516250000000001,7.71,14.72,9.92,85.45833333333333,1.28125,2.4,1030.375,81.875,0.0,0.0,,Clouds,10-15°C,False,False
2020-03-18,0.0,0,0.0,0.0,12.307083333333333,8.55,17.92,11.8075,83.75,1.0904166666666666,1.99,1027.7083333333333,71.79166666666667,0.0,0.0,,Clouds,10-15°C,False,False
2020-03-19,0.0,0,0.0,0.0,13.125,6.76,19.54,12.51625,75.79166666666667,1.7854166666666667,3.31,1022.7083333333334,45.458333333333336,0.0,0.0,,Clouds,10-15°C,False,False
2020-03-20,0.0,0,0.0,0.0,11.58,7.75,16.32,10.365833333333333,78.91666666666667,4.1362499999999995,6.26,1021.2083333333334,39.25,1.42,0.0,,Clouds,10-15°C,True,False
2020-03-21,0.0,0,0.0,0.0,7.042083333333333,5.87,8.0,3.689166666666667,83.79166666666667,5.5112499999999995,6.33,1020.125,88.91666666666667,0.29,0.0,,Clouds,0-10°C,True,False
2020-03-22,0.0,0,0.0,0.0,7.382083333333334,4.79,10.89,4.03125,65.95833333333333,6.22,7.39,1021.2083333333334,54.333333333333336,0.0,0.0,,Clouds,0-10°C,False,False
2020-03-23,0.0,0,0.0,0.0,5.8775,0.69,11.17,2.3666666666666667,54.125,5.399583333333333,6.48,1025.6666666666667,0.0,0.0,0.0,,Clear,0-10°C,False,False
2020-03-24,0.0,0,0.0,0.0,5.900833333333334,-0.33,12.41,2.840833333333333,49.083333333333336,4.105416666666667,4.54,1026.0416666666667,0.0,0.0,0.0,,Clear,0-10°C,False,False
2020-03-25,0.0,0,0.0,0.0,6.056666666666666,-0.25,11.97,3.2733333333333334,47.5,3.9683333333333333,5.45,1021.6666666666666,8.291666666666666,0.0,0.0,,Clear,0-10°C,False,False
2020-03-26,0.0,0,0.0,0.0,5.83125,1.45,10.81,2.7879166666666664,48.5,4.4174999999999995,6.04,1017.8333333333334,15.25,0.0,0.0,,Clear,0-10°C,False,False
2020-03-27,0.0,0,0.0,0.0,7.1925,1.22,13.38,5.015833333333333,63.166666666666664,3.1045833333333337,3.97,1017.875,34.416666666666664,0.0,0.0,,Clouds,0-10°C,False,False
2020-03-28,0.0,0,0.0,0.0,9.31875,3.05,16.52,7.608333333333333,72.33333333333333,4.197500000000001,7.6,1020.0,9.125,0.0,0.0,,Clear,0-10°C,False,False
2020-03-29,0.0,0,0.0,0.0,5.812083333333334,3.23,8.18,1.2054166666666666,60.541666666666664,8.133333333333333,9.48,1027.3333333333333,54.041666666666664,0.22999999999999998,0.0,,Clouds,0-10°C,True,False
2020-03-30,0.0,0,0.0,0.0,4.510416666666667,-0.53,9.33,-0.01499999999999998,48.666666666666664,6.7925,7.87,1028.0833333333333,1.4166666666666667,0.0,0.0,,Clear,0-10°C,False,False
2020-03-31,0.0,0,0.0,0.0,6.432916666666666,1.38,11.8,3.5041666666666664,66.16666666666667,4.704166666666667,6.09,1025.75,4.791666666666667,0.0,0.0,,Clear,0-10°C,False,False
2020-04-01,0.0,0,0.0,0.0,6.41125,-0.11,12.51,4.04125,56.0,2.9333333333333336,3.45,1020.7083333333334,0.0,0.0,0.0,,Clear,0-10°C,False,False
2020-04-02,0.0,0,0.0,0.0,6.135000000000001,0.22,10.11,4.070833333333334,68.29166666666667,2.8000000000000003,3.86,1016.875,40.375,0.0,0.0,,Clear,0-10°C,False,False
2020-04-03,0.0,0,0.0,0.0,9.71875,5.93,13.91,8.452083333333333,76.70833333333333,2.1991666666666667,3.33,1018.625,72.91666666666667,0.26,0.0,,Clouds,0-10°C,True,False
2020-04-04,0.0,0,0.0,0.0,10.457083333333333,3.16,16.61,9.237083333333333,68.04166666666667,2.7470833333333338,4.35,1020.8333333333334,29.75,0.0,0.0,,Clear,10-15°C,False,False
2020-04-05,0.0,0,0.0,0.0,13.764166666666668,5.59,21.84,12.217083333333333,55.958333333333336,3.6233333333333335,4.67,1016.75,0.0,0.0,0.0,,Clear,10-15°C,False,False
2020-04-06,0.0,0,0.0,0.0,12.140416666666667,9.33,15.9,11.153333333333334,70.54166666666667,3.4949999999999997,5.25,1021.2916666666666,55.416666666666664,0.0,0.0,,Clouds,10-15°C,False,False
2020-04-07,0.0,0,0.0,0.0,15.224583333333333,9.51,22.3,14.575000000000001,71.625,2.828333333333333,4.17,1026.8333333333333,93.29166666666667,0.0,0.0,,Clouds,15-20°C,False,False
2020-04-08,0.0,0,0.0,0.0,16.575833333333332,8.1,24.62,15.794583333333334,59.666666666666664,1.6554166666666665,2.91,1023.0833333333334,21.666666666666668,0.0,0.0,,Clouds,15-20°C,False,False
2020-04-09,0.0,0,0.0,0.0,17.236666666666668,9.16,25.04,16.549166666666668,58.5,1.8558333333333332,3.28,1022.5833333333334,2.4166666666666665,0.0,0.0,,Clear,15-20°C,False,False
2020-04-10,0.0,0,0.0,0.0,17.37666666666667,9.65,24.56,16.69666666666667,60.125,2.5016666666666665,3.35,1022.4166666666666,3.0416666666666665,0.0,0.0,,Clear,15-20°C,False,False
2020-04-11,0.0,0,0.0,0.0,17.632916666666667,11.18,24.64,17.079583333333332,62.333333333333336,1.8975,3.34,1021.2916666666666,20.916666666666668,0.0,0.0,,Clouds,15-20°C,False,False
2020-04-12,0.0,0,0.0,0.0,16.80875,10.49,24.01,16.22125,64.16666666666667,1.8620833333333333,2.69,1015.3333333333334,20.0,0.18,0.0,,Clouds,15-20°C,True,False
2020-04-13,0.0,0,0.0,0.0,12.202916666666667,6.44,16.53,10.93125,67.5,5.762083333333333,8.57,1016.8333333333334,13.166666666666666,0.0,0.0,,Clear,10-15°C,False,False
2020-04-14,0.0,0,0.0,0.0,7.601666666666667,2.0,12.72,4.7595833333333335,59.625,4.777916666666667,6.14,1024.75,0.0,0.0,0.0,,Clear,0-10°C,False,False
2020-04-15,0.0,0,0.0,0.0,11.069583333333334,2.75,18.65,9.14875,56.5,3.6308333333333334,4.58,1020.125,0.041666666666666664,0.0,0.0,,Clear,10-15°C,False,False
2020-04-16,0.0,0,0.0,0.0,16.167083333333334,8.89,23.45,15.344999999999999,66.16666666666667,2.455416666666667,3.75,1015.875,60.458333333333336,0.0,0.0,,Clouds,15-20°C,False,False
2020-04-17,0.0,0,0.0,0.0,17.936666666666667,11.39,24.01,17.60125,69.5,2.14875,2.89,1013.5833333333334,75.95833333333333,0.0,0.0,,Clouds,15-20°C,False,False
2020-04-18,0.0,0,0.0,0.0,16.977083333333333,12.16,22.79,16.723333333333333,76.33333333333333,2.50875,4.1,1015.5833333333334,61.208333333333336,6.13,0.0,,Clouds,15-20°C,True,False
2020-04-19,0.0,0,0.0,0.0,14.645833333333334,11.46,19.51,14.230833333333335,79.08333333333333,4.12,6.03,1014.9583333333334,69.5,0.0,0.0,,Clouds,10-15°C,False,False
2020-04-20,0.0,0,0.0,0.0,15.1425,9.6,20.66,14.331666666666665,64.875,5.1762500000000005,6.18,1010.2083333333334,51.125,0.0,0.0,,Clouds,15-20°C,False,False
2020-04-21,0.0,0,0.0,0.0,14.766666666666666,9.31,20.01,13.722916666666668,56.541666666666664,4.221666666666667,5.69,1010.25,63.958333333333336,0.0,0.0,,Clouds,10-15°C,False,False
2020-04-22,0.0,0,0.0,0.0,15.880416666666667,9.31,21.77,14.905416666666667,55.541666666666664,3.3395833333333336,4.43,1014.2083333333334,0.4166666666666667,0.0,0.0,,Clear,15-20°C,False,False
2020-04-23,0.0,0,0.0,0.0,17.358333333333334,8.72,25.2,16.635,57.208333333333336,1.6895833333333332,2.64,1017.0833333333334,5.291666666666667,0.0,0.0,,Clear,15-20°C,False,False
2020-04-24,0.0,0,0.0,0.0,17.479166666666668,10.69,24.0,16.947083333333335,63.75,2.3441666666666667,3.69,1014.125,41.25,0.24,0.0,,Clouds,15-20°C,True,False
2020-04-25,0.0,0,0.0,0.0,14.795,10.52,19.62,13.934583333333334,61.458333333333336,3.405,3.97,1012.0416666666666,59.958333333333336,0.0,0.0,,Clouds,10-15°C,False,False
2020-04-26,0.0,0,0.0,0.0,13.369166666666667,5.38,20.41,12.078333333333333,62.625,2.4766666666666666,3.37,1011.2916666666666,2.2916666666666665,0.0,0.0,,Clear,10-15°C,False,False
2020-04-27,0.0,0,0.0,0.0,16.374583333333334,8.46,23.53,15.735,63.416666666666664,1.88375,2.85,1007.6666666666666,77.20833333333333,0.25,0.0,,Clouds,15-20°C,True,False
2020-04-28,0.0,0,0.0,0.0,14.644583333333335,11.76,18.06,14.232916666666666,79.20833333333333,5.081666666666667,6.9,1005.9166666666666,77.54166666666667,1.99,0.0,,Clouds,10-15°C,True,False
2020-04-29,0.0,0,0.0,0.0,12.061666666666667,10.05,15.68,11.530833333333334,84.58333333333333,5.569583333333333,8.35,1007.4583333333334,75.79166666666667,4.99,0.0,,Clouds,10-15°C,True,False
2020-04-30,0.0,0,0.0,0.0,10.698333333333332,8.62,13.76,9.201666666666666,86.70833333333333,6.423333333333333,9.22,1003.4583333333334,72.25,4.45,0.0,,Clouds,10-15°C,True,False
2020-05-01,0.0,0,0.0,0.0,11.893333333333333,8.5,16.32,10.622916666666667,81.04166666666667,5.12625,6.33,1005.0833333333334,64.0,7.55,0.0,,Rain,10-15°C,True,False
2020-05-02,0.0,0,0.0,0.0,11.505416666666667,5.78,16.85,10.174999999999999,74.08333333333333,3.0325,4.07,1013.2916666666666,63.708333333333336,0.5,0.0,,Clouds,10-15°C,True,False
2020-05-03,0.0,0,0.0,0.0,13.219166666666666,8.45,18.82,12.692083333333334,84.33333333333333,2.2416666666666667,3.0,1017.0833333333334,85.625,1.51,0.0,,Clouds,10-15°C,True,False
2020-05-04,0.0,0,0.0,0.0,14.38125,10.42,18.68,14.034583333333332,82.70833333333333,2.6395833333333334,5.83,1017.0416666666666,86.91666666666667,0.0,0.0,,Clouds,10-15°C,False,False
2020-05-05,0.0,0,0.0,0.0,12.114166666666668,10.14,14.07,11.474166666666667,80.125,3.721666666666667,5.76,1016.5833333333334,96.70833333333333,7.97,0.0,,Clouds,10-15°C,True,False
2020-05-06,0.0,0,0.0,0.0,14.940416666666666,9.91,19.75,14.081666666666665,60.916666666666664,2.5704166666666666,3.33,1022.125,43.916666666666664,0.0,0.0,,Clouds,10-15°C,False,False
2020-05-07,0.0,0,0.0,0.0,15.070833333333333,6.59,21.21,14.162916666666668,60.875,2.080416666666667,2.57,1022.1666666666666,65.58333333333333,0.0,0.0,,Clouds,15-20°C,False,False
2020-05-08,0.0,0,0.0,0.0,17.118333333333332,8.66,23.43,16.5775,66.04166666666667,1.8204166666666666,2.93,1016.2916666666666,85.91666666666667,0.21,0.0,,Clouds,15-20°C,True,False
2020-05-09,0.0,0,0.0,0.0,18.030833333333334,14.9,22.03,18.087083333333332,84.20833333333333,1.6170833333333334,2.69,1010.75,89.5,4.43,0.0,,Clouds,15-20°C,True,False
2020-05-10,0.0,0,0.0,0.0,16.839166666666667,12.16,21.96,16.9075,89.20833333333333,2.4320833333333334,6.65,1005.0,97.25,12.42,0.0,,Rain,15-20°C,True,False
2020-05-11,0.0,0,0.0,0.0,9.28375,6.08,13.26,6.327916666666667,72.5,7.810833333333334,9.32,1009.9166666666666,88.58333333333333,7.7,0.0,,Rain,0-10°C,True,False
2020-05-12,0.0,0,0.0,0.0,9.130833333333333,3.97,13.65,6.87125,63.041666666666664,3.9783333333333335,5.68,1017.75,86.29166666666667,0.0,0.0,,Clouds,0-10°C,False,False
2020-05-13,0.0,0,0.0,0.0,10.3225,5.17,15.31,8.284166666666666,63.458333333333336,5.2387500000000005,6.96,1012.25,76.29166666666667,0.0,0.0,,Clouds,10-15°C,False,False
2020-05-14,0.0,0,0.0,0.0,10.2425,4.89,14.95,7.887083333333333,59.541666666666664,6.097083333333334,6.79,1016.125,60.125,0.0,0.0,,Clouds,10-15°C,False,False
2020-05-15,0.0,0,0.0,0.0,11.575000000000001,4.65,17.2,9.55125,59.125,4.679166666666666,6.09,1020.3333333333334,5.916666666666667,0.0,0.0,,Clear,10-15°C,False,False
2020-05-16,0.0,0,0.0,0.0,13.065,5.5,18.9,11.777083333333332,62.291666666666664,3.026666666666667,4.18,1023.2083333333334,8.416666666666666,0.0,0.0,,Clear,10-15°C,False,False
2020-05-17,0.0,0,0.0,0.0,14.209583333333333,6.22,20.24,13.235833333333334,64.625,2.32,2.75,1025.0416666666667,17.166666666666668,0.0,0.0,,Clear,10-15°C,False,False
2020-05-18,0.0,0,0.0,0.0,16.347083333333334,9.22,23.13,15.69375,64.83333333333333,2.2645833333333334,3.52,1025.375,33.333333333333336,0.0,0.0,,Clouds,15-20°C,False,False
2020-05-19,0.0,0,0.0,0.0,16.814583333333335,7.76,23.9,16.1975,64.25,2.72625,3.93,1023.6666666666666,16.666666666666668,0.0,0.0,,Clear,15-20°C,False,False
2020-05-20,0.0,0,0.0,0.0,19.94666666666667,11.48,26.53,19.712500000000002,65.04166666666667,2.6641666666666666,3.58,1021.0833333333334,4.291666666666667,0.0,0.0,,Clear,15-20°C,False,False
2020-05-21,0.0,0,0.0,0.0,22.410416666666666,13.73,29.09,22.486666666666665,66.16666666666667,1.6695833333333334,3.04,1020.2083333333334,49.708333333333336,0.0,0.0,,Clouds,20-25°C,False,False
2020-05-22,0.0,0,0.0,0.0,20.180416666666666,16.65,25.52,20.22791666666667,75.58333333333333,3.6804166666666664,6.31,1020.25,98.20833333333333,1.36,0.0,,Clouds,20-25°C,True,False
2020-05-23,0.0,0,0.0,0.0,15.156666666666666,9.95,19.26,14.6325,74.58333333333333,3.98875,6.33,1027.5833333333333,73.875,3.07,0.0,,Clouds,15-20°C,True,False
2020-05-24,0.0,0,0.0,0.0,14.957500000000001,9.42,19.87,14.272083333333335,71.66666666666667,2.9333333333333336,4.31,1033.0833333333333,84.08333333333333,0.0,0.0,,Clouds,10-15°C,False,False
2020-05-25,0.0,0,0.0,0.0,17.26,9.87,22.88,16.828333333333333,68.45833333333333,2.8020833333333335,4.12,1033.6666666666667,60.083333333333336,0.0,0.0,,Clouds,15-20°C,False,False
2020-05-26,0.0,0,0.0,0.0,19.007083333333334,11.89,24.75,18.53,60.0,3.5429166666666667,4.95,1033.7083333333333,5.25,0.0,0.0,,Clear,15-20°C,False,False
2020-05-27,0.0,0,0.0,0.0,19.664166666666667,12.63,25.17,19.211666666666666,58.416666666666664,3.745416666666667,5.65,1032.2916666666667,19.458333333333332,0.0,0.0,,Clear,15-20°C,False,False
2020-05-28,0.0,0,0.0,0.0,18.195833333333333,11.72,23.92,17.542916666666667,56.375,4.292083333333333,4.83,1028.875,7.041666666666667,0.0,0.0,,Clear,15-20°C,False,False
2020-05-29,0.0,0,0.0,0.0,18.25166666666667,11.11,23.84,17.3675,47.333333333333336,4.0025,5.2,1023.75,0.0,0.0,0.0,,Clear,15-20°C,False,False
2020-05-30,0.0,0,0.0,0.0,18.737916666666667,11.1,24.28,18.049166666666668,52.916666666666664,3.66625,5.27,1019.7916666666666,8.833333333333334,0.0,0.0,,Clear,15-20°C,False,False
2020-05-31,0.0,0,0.0,0.0,17.9925,11.75,22.65,17.27875,54.833333333333336,4.097916666666666,5.54,1018.875,25.666666666666668,0.0,0.0,,Clear,15-20°C,False,False
2020-06-01,0.0,0,0.0,0.0,19.690416666666668,11.88,25.78,19.192083333333333,56.583333333333336,3.3404166666666666,4.23,1018.125,5.375,0.0,0.0,,Clear,15-20°C,False,False
2020-06-02,0.0,0,0.0,0.0,21.974166666666665,13.33,28.27,21.607083333333335,56.583333333333336,2.28,3.19,1015.3333333333334,18.083333333333332,0.0,0.0,,Clouds,20-25°C,False,False
2020-06-03,0.0,0,0.0,0.0,19.878333333333334,12.86,25.27,19.73125,69.29166666666667,2.3470833333333334,3.62,1005.0833333333334,80.5,2.58,0.0,,Clouds,15-20°C,True,False
2020-06-04,0.0,0,0.0,0.0,13.138333333333334,11.71,16.0,12.886249999999999,91.125,3.82625,5.56,1001.0416666666666,91.95833333333333,4.46,0.0,,Clouds,10-15°C,True,False
2020-06-05,0.0,0,0.0,0.0,13.022083333333333,10.63,16.66,12.614583333333334,85.58333333333333,5.388333333333333,8.53,1001.1666666666666,94.83333333333333,2.62,0.0,,Clouds,10-15°C,True,False
2020-06-06,0.0,0,0.0,0.0,13.892083333333332,10.01,17.79,13.17,70.16666666666667,4.9245833333333335,6.85,1004.375,53.416666666666664,0.75,0.0,,Clouds,10-15°C,True,False
2020-06-07,0.0,0,0.0,0.0,14.012500000000001,8.52,19.7,13.195416666666667,75.875,2.566666666666667,4.14,1010.125,48.583333333333336,3.23,0.0,,Clouds,10-15°C,True,False
2020-06-08,0.0,0,0.0,0.0,13.927083333333334,9.64,17.87,13.425416666666665,79.5,3.63875,6.15,1015.7083333333334,60.5,2.92,0.0,,Clouds,10-15°C,True,False
2020-06-09,0.0,0,0.0,0.0,13.759583333333333,10.89,17.76,13.239166666666668,78.41666666666667,3.6625,4.94,1018.5,77.95833333333333,0.76,0.0,,Clouds,10-15°C,True,False
2020-06-10,0.0,0,0.0,0.0,14.84375,8.82,20.38,14.236666666666666,72.0,2.0229166666666667,2.54,1015.8333333333334,68.16666666666667,0.0,0.0,,Clouds,10-15°C,False,False
2020-06-11,0.0,0,0.0,0.0,16.9225,11.69,22.42,16.618333333333336,74.625,2.3725,4.39,1008.2083333333334,85.70833333333333,0.8300000000000001,0.0,,Clouds,15-20°C,True,False
2020-06-12,0.0,0,0.0,0.0,16.061249999999998,13.86,19.4,16.075,90.04166666666667,4.11625,6.03,1004.0,91.75,15.219999999999999,0.0,,Rain,15-20°C,True,False
2020-06-13,0.0,0,0.0,0.0,18.009583333333335,11.96,22.87,17.813333333333333,74.5,3.045833333333333,4.24,1010.4166666666666,65.79166666666667,0.0,0.0,,Clouds,15-20°C,False,False
2020-06-14,0.0,0,0.0,0.0,17.324166666666667,12.86,22.25,17.191666666666666,79.66666666666667,3.045,4.36,1016.6666666666666,47.916666666666664,0.12,0.0,,Clouds,15-20°C,True,False
2020-06-15,0.0,0,0.0,0.0,17.479166666666668,13.42,21.91,17.383333333333333,80.45833333333333,3.3249999999999997,4.36,1018.25,48.0,0.28,0.0,,Clouds,15-20°C,True,False
2020-06-16,0.0,0,0.0,0.0,17.578333333333333,13.86,22.32,17.482916666666668,80.08333333333333,2.6533333333333333,3.28,1015.7083333333334,69.66666666666667,2.59,0.0,,Clouds,15-20°C,True,False
2020-06-17,0.0,0,0.0,0.0,16.992916666666666,13.26,20.59,16.879166666666666,81.625,1.8495833333333334,2.56,1013.0,94.91666666666667,2.0,0.0,,Clouds,15-20°C,True,False
2020-06-18,0.0,0,0.0,0.0,17.0275,13.27,21.04,16.835833333333333,78.5,3.465,4.92,1012.9166666666666,42.25,2.42,0.0,,Clouds,15-20°C,True,False
2020-06-19,0.0,0,0.0,0.0,16.6825,11.99,20.1,16.474999999999998,79.20833333333333,3.0825,4.94,1018.375,63.958333333333336,1.48,0.0,,Clouds,15-20°C,True,False
2020-06-20,0.0,0,0.0,0.0,19.077083333333334,14.35,23.85,18.97375,74.0,1.29625,2.3,1021.2916666666666,57.416666666666664,0.0,0.0,,Clouds,15-20°C,False,False
2020-06-21,0.0,0,0.0,0.0,17.307083333333335,13.35,21.54,17.27625,83.58333333333333,3.7983333333333333,5.81,1021.5416666666666,66.20833333333333,0.6799999999999999,0.0,,Clouds,15-20°C,True,False
2020-06-22,0.0,0,0.0,0.0,17.534583333333334,10.36,23.48,17.301666666666666,74.95833333333333,1.94625,2.82,1026.2083333333333,18.333333333333332,0.0,0.0,,Clouds,15-20°C,False,False
2020-06-23,0.0,0,0.0,0.0,22.058333333333334,13.03,28.95,21.7325,58.416666666666664,3.0729166666666665,4.13,1022.7916666666666,23.75,0.0,0.0,,Clear,20-25°C,False,False
2020-06-24,0.0,0,0.0,0.0,24.846666666666664,16.0,31.97,24.482083333333335,55.25,4.139583333333333,4.88,1017.875,13.708333333333334,0.0,0.0,,Clear,20-25°C,False,False
2020-06-25,0.0,0,0.0,0.0,26.61916666666667,18.49,33.27,26.583333333333332,51.875,2.69875,3.95,1013.75,19.583333333333332,0.0,0.0,,Clouds,25-30°C,False,False
2020-06-26,0.0,0,0.0,0.0,24.13791666666667,20.46,29.96,24.949166666666667,75.875,3.50375,5.7,1010.9583333333334,79.45833333333333,0.93,0.0,,Clouds,20-25°C,True,False
2020-06-27,0.0,0,0.0,0.0,20.005416666666665,17.72,22.3,20.2375,83.33333333333333,5.086666666666667,7.24,1012.1666666666666,74.45833333333333,5.32,0.0,,Clouds,20-25°C,True,False
2020-06-28,0.0,0,0.0,0.0,18.684583333333332,15.68,21.9,18.529166666666665,73.54166666666667,5.103750000000001,6.1,1015.5,85.25,0.12,0.0,,Clouds,15-20°C,True,False
2020-06-29,0.0,0,0.0,0.0,17.798333333333336,14.28,21.44,17.30333333333333,63.916666666666664,4.31,5.88,1015.5,71.41666666666667,2.18,0.0,,Clouds,15-20°C,True,False
2020-06-30,0.0,0,0.0,0.0,18.66208333333333,14.33,21.56,18.494583333333335,73.16666666666667,4.574166666666667,6.54,1012.875,79.20833333333333,0.0,0.0,,Clouds,15-20°C,False,False
2020-07-01,0.0,0,0.0,0.0,20.014166666666664,17.54,22.4,20.171666666666667,80.41666666666667,4.628333333333333,6.37,1010.2916666666666,65.41666666666667,1.74,0.0,,Clouds,20-25°C,True,False
2020-07-02,0.0,0,0.0,0.0,17.671666666666667,14.9,21.26,17.539583333333333,78.29166666666667,3.7075,5.02,1014.875,68.95833333333333,0.46,0.0,,Clouds,15-20°C,True,False
2020-07-03,0.0,0,0.0,0.0,17.5575,12.17,21.8,17.191666666666666,69.83333333333333,2.8295833333333333,4.03,1020.3333333333334,69.25,0.0,0.0,,Clouds,15-20°C,False,False
2020-07-04,0.0,0,0.0,0.0,18.9025,13.81,22.73,18.8175,75.41666666666667,5.246666666666667,6.67,1019.3333333333334,85.95833333333333,0.0,0.0,,Clouds,15-20°C,False,False
2020-07-05,0.0,0,0.0,0.0,20.27208333333333,15.68,23.79,20.484583333333333,81.54166666666667,5.767499999999999,7.31,1017.5416666666666,92.375,0.11,0.0,,Clouds,20-25°C,True,False
2020-07-06,0.0,0,0.0,0.0,16.487916666666667,11.58,21.09,15.926250000000001,66.41666666666667,4.526666666666666,6.13,1021.4166666666666,55.083333333333336,0.1,0.0,,Clouds,15-20°C,True,False
2020-07-07,0.0,0,0.0,0.0,17.921666666666667,9.77,24.66,17.39125,63.0,1.7479166666666668,2.85,1021.4166666666666,16.916666666666668,0.0,0.0,,Clear,15-20°C,False,False
2020-07-08,0.0,0,0.0,0.0,20.467916666666667,12.71,26.46,20.34958333333333,68.45833333333333,3.13625,4.96,1018.125,48.041666666666664,0.0,0.0,,Clouds,20-25°C,False,False
2020-07-09,0.0,0,0.0,0.0,23.534583333333334,15.98,30.88,23.484583333333333,63.166666666666664,3.1641666666666666,5.45,1015.125,30.458333333333332,0.0,0.0,,Clouds,20-25°C,False,False
2020-07-10,0.0,0,0.0,0.0,18.809166666666666,13.61,22.07,18.57875,70.20833333333333,4.3012500000000005,5.49,1017.125,58.291666666666664,0.54,0.0,,Clouds,15-20°C,True,False
2020-07-11,4.72007722007722,60,7.621149154261706,58389.3309,17.457916666666666,10.36,22.73,16.827916666666667,60.041666666666664,3.22875,5.25,1024.8333333333333,28.458333333333332,0.0,0.0,,Clear,15-20°C,False,False
2020-07-12,4.695945945945946,75,7.964141204246154,67124.1647,18.765416666666667,10.87,24.7,18.173750000000002,56.541666666666664,3.6604166666666664,4.84,1025.25,22.958333333333332,0.0,0.0,,Clouds,15-20°C,False,False
2020-07-13,11.761583011583012,90,16.03458090031754,84194.3207,20.34541666666667,12.66,26.94,19.86625,52.541666666666664,3.3425,4.28,1022.0833333333334,33.208333333333336,0.0,0.0,,Clouds,20-25°C,False,False
2020-07-14,9.604247104247104,90,14.139156014359486,89927.6646,18.6825,14.72,22.07,18.437916666666666,70.16666666666667,2.7279166666666668,4.03,1017.1666666666666,92.70833333333333,2.52,0.0,,Clouds,15-20°C,True,False
2020-07-15,6.609555984555985,60,8.96118381952804,86306.3425,18.340833333333332,15.28,21.21,18.22125,76.25,2.3425,4.43,1016.5416666666666,97.45833333333333,0.5,0.0,,Clouds,15-20°C,True,False
2020-07-16,8.416988416988417,75,11.070375857927784,105244.0009,17.96375,15.6,20.47,17.892500000000002,79.54166666666667,3.188333333333333,4.28,1020.25,97.875,0.0,0.0,,Clouds,15-20°C,False,False
2020-07-17,8.158783783783784,60,10.28565356733169,101107.3333,20.5325,15.5,25.99,20.499166666666667,71.25,1.88,2.66,1021.5833333333334,75.125,0.0,0.0,,Clouds,20-25°C,False,False
2020-07-18,8.445945945945946,65,10.744743607175696,113686.1747,21.77208333333333,14.84,28.69,21.672083333333333,64.875,1.9404166666666667,2.93,1018.9166666666666,28.416666666666668,0.0,0.0,,Clouds,20-25°C,False,False
2020-07-19,7.403474903474904,65,10.355363646135089,110743.3335,22.4825,13.7,30.16,22.164583333333336,59.291666666666664,2.3158333333333334,4.42,1016.5,50.5,0.0,0.0,,Clouds,20-25°C,False,False
2020-07-20,8.725868725868725,60,11.10909627322886,113964.0092,20.231666666666666,15.82,25.47,20.02375,65.625,4.815833333333333,5.4,1018.9166666666666,31.416666666666668,0.0,0.0,,Clouds,20-25°C,False,False
2020-07-21,8.349420849420849,80,11.15071715836397,114453.8365,19.381249999999998,12.36,25.42,18.745416666666667,52.458333333333336,4.380833333333333,5.48,1022.875,1.125,0.0,0.0,,Clear,15-20°C,False,False
2020-07-22,8.583494208494209,300,12.341071866145777,111716.5007,19.25166666666667,12.23,24.99,18.665833333333335,54.916666666666664,3.8541666666666665,5.22,1021.9166666666666,33.083333333333336,0.0,0.0,,Clouds,15-20°C,False,False
2020-07-23,7.473455598455598,45,8.875678170861987,109908.2839,21.243333333333332,13.0,28.13,20.734166666666667,51.666666666666664,1.7725,3.09,1017.25,90.66666666666667,0.0,0.0,,Clouds,20-25°C,False,False
2020-07-24,7.876447876447877,60,9.68620085680266,108138.8352,20.55875,16.42,24.38,20.35291666666667,64.41666666666667,2.6591666666666667,3.82,1015.2083333333334,60.25,0.11,0.0,,Clouds,20-25°C,True,False
2020-07-25,15.238899613899614,75,17.77599150046997,131148.6656,21.169999999999998,16.05,26.17,21.13416666666667,68.375,3.8350000000000004,6.28,1012.7083333333334,91.33333333333333,2.94,0.0,,Clouds,20-25°C,True,False
2020-07-26,12.707528957528957,65,14.686663976814893,128821.0001,20.264166666666664,15.7,24.96,20.22041666666667,71.75,3.6558333333333333,4.76,1014.3333333333334,70.5,4.07,0.0,,Clouds,20-25°C,True,False
2020-07-27,11.657818532818533,75,14.104192426637331,123181.9999,23.658749999999998,14.67,31.64,23.16,56.0,4.828333333333333,7.2,1012.4166666666666,16.458333333333332,0.0,0.0,,Clouds,20-25°C,False,False
2020-07-28,12.98503861003861,200,15.992250299026312,132855.9999,20.45,15.26,23.89,20.155416666666667,61.458333333333336,4.331666666666666,5.44,1016.2916666666666,61.208333333333336,0.48,0.0,,Clouds,20-25°C,True,False
2020-07-29,11.778474903474903,65,14.45319657887178,126585.5001,19.26125,11.07,26.09,18.820416666666667,58.875,1.5729166666666667,2.54,1020.5833333333334,10.083333333333334,0.0,0.0,,Clear,15-20°C,False,False
2020-07-30,10.49469111969112,75,12.572684700593934,119912.1647,23.380416666666665,13.33,32.04,22.557916666666667,46.166666666666664,2.5175,2.87,1017.75,0.0,0.0,0.0,,Clear,20-25°C,False,False
2020-07-31,7.128378378378378,45,9.093745664637323,92823.999,28.128333333333334,18.54,38.51,28.490416666666665,46.666666666666664,3.2258333333333336,4.52,1013.25,31.708333333333332,2.53,0.0,,Clear,25-30°C,True,False
2020-08-01,11.619208494208495,60,14.085558996240339,136032.3311,23.089166666666667,19.04,27.27,23.314999999999998,70.0,3.1925000000000003,4.35,1016.375,59.708333333333336,0.0,0.0,,Clouds,20-25°C,False,False
2020-08-02,11.590250965250965,65,13.803216636249749,133612.0366,19.900833333333335,16.23,24.15,19.559583333333332,61.791666666666664,3.7416666666666667,5.13,1017.7083333333334,83.5,0.0,0.0,,Clouds,15-20°C,False,False
2020-08-03,14.572876447876448,90,16.450428816168095,140668.6729,17.27875,13.55,21.85,16.935,71.70833333333333,3.529166666666667,6.04,1015.5416666666666,65.91666666666667,0.23,0.0,,Clouds,15-20°C,True,False
2020-08-04,19.295366795366796,100,20.853021271446153,152944.4997,18.89625,11.15,25.37,18.44333333333333,61.291666666666664,1.9595833333333335,3.24,1017.7083333333334,6.583333333333333,0.0,0.0,,Clear,15-20°C,False,False
2020-08-05,16.935328185328185,100,19.71353676071462,145636.4994,22.512083333333333,12.88,30.7,21.783749999999998,49.458333333333336,2.5166666666666666,3.34,1016.25,0.0,0.0,0.0,,Clear,20-25°C,False,False
2020-08-06,14.232625482625483,110,16.97386115728693,134323.1679,25.479583333333334,15.9,33.85,24.618333333333336,44.791666666666664,2.06375,3.16,1017.1666666666666,24.875,0.0,0.0,,Clear,25-30°C,False,False
2020-08-07,10.190637065637066,70,12.538683713244342,121447.4994,28.044583333333335,18.57,35.87,27.825416666666666,48.208333333333336,2.4162500000000002,3.12,1017.5833333333334,0.0,0.0,0.0,,Clear,25-30°C,False,False
2020-08-08,12.227316602316602,70,14.456113072229284,131127.6674,29.089583333333334,20.11,36.88,28.883333333333336,45.5,1.9920833333333334,2.7,1017.1666666666666,20.25,0.0,0.0,,Clouds,25-30°C,False,False
2020-08-09,10.991795366795367,65,13.105206290905995,118582.8255,29.725416666666664,22.65,38.15,30.433333333333334,50.75,2.4904166666666665,5.62,1014.3333333333334,42.958333333333336,0.0,0.0,,Clouds,25-30°C,False,False
2020-08-10,12.816119691119692,70,14.602291440309413,136498.8306,27.37375,22.08,33.45,28.149583333333336,60.791666666666664,1.5416666666666667,2.53,1013.0,77.54166666666667,0.0,0.0,,Clouds,25-30°C,False,False
2020-08-11,13.593146718146718,90,15.790364075155985,137879.3352,27.0475,20.89,35.69,27.78125,60.833333333333336,1.6408333333333334,3.09,1013.5,85.70833333333333,0.0,0.0,,Clouds,25-30°C,False,False
2020-08-12,11.177606177606178,75,13.563995018173573,137445.8332,26.685000000000002,21.21,34.96,27.853333333333335,69.45833333333333,1.8937499999999998,4.51,1012.125,43.958333333333336,4.279999999999999,0.0,,Clouds,25-30°C,True,False
2020-08-13,12.548262548262548,80,14.288960627734381,142231.5012,23.389583333333334,20.36,27.9,23.82625,74.16666666666667,3.8554166666666667,5.67,1012.625,66.125,0.37,0.0,,Clouds,20-25°C,True,False
2020-08-14,10.854247104247104,60,12.849422907705753,135538.8326,21.39833333333333,18.89,26.75,21.743750000000002,81.33333333333333,3.1183333333333336,4.4,1014.5833333333334,74.91666666666667,2.47,0.0,,Clouds,20-25°C,True,False
2020-08-15,15.603281853281853,80,17.33716958988433,149837.7998,22.058333333333334,17.47,27.18,22.49291666666667,78.79166666666667,1.38,2.34,1014.0416666666666,48.25,1.0,0.0,,Clouds,20-25°C,True,False
2020-08-16,10.014478764478765,75,12.779932921727557,130145.7535,20.804583333333333,17.69,26.19,21.039166666666667,81.29166666666667,2.5283333333333333,3.89,1010.7083333333334,59.375,3.81,0.0,,Clouds,20-25°C,True,False
2020-08-17,11.718146718146718,60,13.792687964149222,134840.8345,19.06625,15.99,22.73,19.188333333333333,82.70833333333333,3.32375,5.08,1011.0416666666666,60.0,0.26,0.0,,Clouds,15-20°C,True,False
2020-08-18,15.183397683397683,100,16.8460852587996,153694.9995,20.895416666666666,15.49,25.97,20.934583333333332,72.375,2.152083333333333,3.61,1011.9166666666666,52.25,0.0,0.0,,Clouds,20-25°C,False,False
2020-08-19,13.651061776061775,90,16.547120689752717,148436.4987,21.196666666666665,17.04,25.08,21.49291666666667,81.20833333333333,3.4141666666666666,4.46,1008.0416666666666,92.25,4.7,0.0,,Clouds,20-25°C,True,False
2020-08-20,16.77123552123552,100,18.882333628113678,152947.4998,25.817916666666665,19.66,32.25,26.525000000000002,68.625,2.966666666666667,4.91,1005.6666666666666,69.375,0.48000000000000004,0.0,,Clouds,25-30°C,True,False
2020-08-21,11.035231660231661,70,13.711422386370495,136315.7646,24.347083333333334,20.48,28.43,24.59583333333333,65.66666666666667,4.933333333333334,6.88,1010.9583333333334,62.291666666666664,4.890000000000001,0.0,,Clouds,20-25°C,True,False
2020-08-22,15.873552123552123,80,17.78973264197349,149375.6992,21.0075,16.26,25.48,20.877083333333335,65.625,5.065833333333333,7.15,1018.2083333333334,68.16666666666667,0.0,0.0,,Clouds,20-25°C,False,False
2020-08-23,12.316602316602317,75,14.958179410600888,143425.0012,18.642083333333336,15.1,22.3,18.3425,68.20833333333333,3.6754166666666666,4.96,1020.25,59.625,0.0,0.0,,Clouds,15-20°C,False,False
2020-08-24,12.097007722007723,75,14.16965394514267,146325.1658,17.581666666666667,12.88,22.28,17.28875,72.5,2.4120833333333334,3.7,1018.75,77.75,0.25,0.0,,Clouds,15-20°C,True,False
2020-08-25,11.52027027027027,65,13.800173349470858,143969.3321,20.770416666666666,14.53,28.32,20.660416666666666,67.375,5.90875,9.22,1010.375,76.375,0.72,0.0,,Clouds,20-25°C,True,False
2020-08-26,13.086389961389962,250,15.440381381545816,146973.1674,19.400833333333335,14.99,24.22,19.120416666666667,66.0,5.179583333333333,7.69,1017.0416666666666,80.70833333333333,0.0,0.0,,Clouds,15-20°C,False,False
2020-08-27,13.979247104247104,65,15.611874228046842,148774.8335,19.125416666666666,12.1,26.0,18.961666666666666,71.08333333333333,3.252083333333333,6.09,1014.25,67.29166666666667,0.93,0.0,,Clouds,15-20°C,True,False
2020-08-28,10.90492277992278,50,12.612186471975585,127280.4606,17.04375,13.47,21.81,16.851666666666667,78.41666666666667,4.540416666666666,6.68,1004.7916666666666,60.833333333333336,1.1400000000000001,0.0,,Clouds,15-20°C,True,False
2020-08-29,14.078185328185327,90,15.930639950142268,156720.167,14.582916666666668,11.85,18.08,14.24125,82.125,4.013333333333333,5.76,1006.375,64.91666666666667,0.42000000000000004,0.0,,Clouds,10-15°C,True,False
2020-08-30,10.333011583011583,75,13.243261672400443,135210.5006,15.519583333333332,12.09,20.29,15.421666666666667,87.875,3.5258333333333334,5.08,1012.75,79.125,5.76,0.0,,Clouds,15-20°C,True,False
2020-08-31,6.879826254826255,55,8.836272331109843,113648.3333,15.520416666666668,11.52,19.4,15.065416666666666,74.16666666666667,2.984166666666667,4.06,1020.0833333333334,47.958333333333336,0.0,0.0,,Clouds,15-20°C,False,False
2020-09-01,6.295849420849421,60,8.500451440990476,102751.1667,15.164166666666667,9.27,20.63,14.585416666666667,72.91666666666667,2.6670833333333337,3.68,1018.5416666666666,47.125,0.0,0.0,,Clouds,15-20°C,False,False
2020-09-02,6.788127413127413,60,8.280453149575763,110942.8366,16.110833333333336,9.02,21.39,15.41125,65.91666666666667,2.4716666666666667,3.02,1019.5833333333334,35.5,0.0,0.0,,Clear,15-20°C,False,False
2020-09-03,5.926640926640927,55,7.35624664903204,97482.1632,21.292916666666667,15.0,26.98,21.0675,59.75,2.8674999999999997,4.26,1020.9166666666666,64.625,0.0,0.0,,Clouds,20-25°C,False,False
2020-09-04,5.919401544401544,50,7.658624815819778,95413.1662,22.29375,16.98,29.13,22.05541666666667,60.958333333333336,2.27625,3.96,1021.5,18.291666666666668,0.0,0.0,,Clouds,20-25°C,False,False
2020-09-05,14.406370656370656,75,16.656408436761932,153499.3314,16.863333333333333,12.04,20.91,16.503333333333334,72.70833333333333,3.5416666666666665,4.76,1021.2916666666666,67.33333333333333,0.0,0.0,,Clouds,15-20°C,False,False
2020-09-06,11.11003861003861,85,13.944376484335747,133479.2005,14.5475,10.0,18.3,13.99,74.70833333333333,2.1679166666666667,2.68,1021.7083333333334,63.541666666666664,0.0,0.0,,Clouds,10-15°C,False,False
2020-09-07,5.745656370656371,50,7.111003738616034,95427.3699,16.492916666666666,9.17,22.99,15.919166666666667,69.04166666666667,2.06625,2.89,1024.875,27.0,0.0,0.0,,Clear,15-20°C,False,False
2020-09-08,6.855694980694981,70,9.64832749581767,92137.999,18.910833333333333,11.97,25.26,18.749583333333334,72.45833333333333,1.6379166666666667,2.51,1026.75,47.791666666666664,0.0,0.0,,Clouds,15-20°C,False,False
2020-09-09,7.683397683397684,60,9.638074065651411,102393.1671,21.83458333333333,17.07,27.83,21.915833333333335,70.16666666666667,2.3833333333333333,3.89,1023.375,51.666666666666664,0.0,0.0,,Clouds,20-25°C,False,False
2020-09-10,6.802606177606178,60,9.238046837958715,94364.3324,20.181250000000002,15.45,25.76,20.2075,74.79166666666667,2.589583333333333,3.36,1020.1666666666666,35.833333333333336,0.0,0.0,,Clouds,20-25°C,False,False
2020-09-11,6.3175675675675675,60,8.500661505788383,95041.3051,19.969583333333333,13.77,26.72,19.8475,69.20833333333333,1.7225000000000001,3.24,1016.75,55.0,0.0,0.0,,Clouds,15-20°C,False,False
2020-09-12,16.860521235521237,90,20.22987987858582,145235.3626,17.160833333333333,12.09,22.96,16.82375,72.45833333333333,2.6,3.67,1021.4166666666666,24.375,0.0,0.0,,Clear,15-20°C,False,False
2020-09-13,12.99469111969112,90,16.73915745705123,135692.002,19.15375,11.27,27.97,18.791666666666668,64.83333333333333,1.7816666666666665,2.66,1024.9166666666667,0.041666666666666664,0.0,0.0,,Clear,15-20°C,False,False
2020-09-14,4.630791505791506,45,7.070813627911694,73776.834,23.205416666666665,13.3,33.65,22.760833333333334,53.458333333333336,2.47625,3.02,1020.8333333333334,1.2083333333333333,0.0,0.0,,Clear,20-25°C,False,False
2020-09-15,4.140926640926641,45,6.312360527006625,74327.6671,25.150833333333335,17.91,33.8,24.922916666666666,54.916666666666664,2.2720833333333332,3.29,1018.4166666666666,18.75,0.0,0.0,,Clouds,25-30°C,False,False
2020-09-16,4.922779922779923,40,6.843340621242744,86958.6667,23.785833333333333,16.11,31.73,23.84375,63.916666666666664,2.9112500000000003,5.11,1019.2083333333334,26.666666666666668,0.18,0.0,,Clouds,20-25°C,True,False
2020-09-17,4.749034749034749,45,6.605731020307289,80861.167,20.2225,15.62,25.54,19.85125,59.375,5.37,5.99,1021.6666666666666,11.583333333333334,0.0,0.0,,Clear,20-25°C,False,False
2020-09-18,4.746621621621622,300,9.37938955922991,82280.3358,20.18166666666667,12.43,27.17,19.867916666666666,60.666666666666664,4.469166666666667,5.25,1016.6666666666666,29.375,0.0,0.0,,Clear,20-25°C,False,False
2020-09-19,16.457528957528957,80,19.670735574051875,140864.321,23.017916666666665,18.73,28.3,23.203333333333333,67.91666666666667,3.49375,5.15,1013.125,86.45833333333333,2.48,0.0,,Clouds,20-25°C,True,False
2020-09-20,13.231177606177607,90,17.185362399294778,133662.9989,21.762083333333333,16.82,27.89,22.006249999999998,74.04166666666667,2.6395833333333334,4.63,1014.25,42.041666666666664,0.0,0.0,,Clouds,20-25°C,False,False
2020-09-21,4.739382239382239,60,6.976862721018766,87415.7352,18.805833333333332,12.5,26.8,18.31416666666667,58.916666666666664,2.48875,3.44,1014.625,0.75,0.0,0.0,,Clear,15-20°C,False,False
2020-09-22,4.698359073359073,50,6.591717232982538,86300.5758,18.0075,10.1,25.69,17.531666666666666,63.916666666666664,2.1062499999999997,3.74,1010.9583333333334,5.375,0.0,0.0,,Clear,15-20°C,False,False
2020-09-23,5.304054054054054,300,10.21753839000871,84293.0667,17.811249999999998,13.34,22.13,17.769166666666667,81.25,4.489166666666667,6.4,1006.125,71.375,4.73,0.0,,Clouds,15-20°C,True,False
2020-09-24,4.16023166023166,30,5.8340482779056915,63931.3331,13.173333333333334,10.2,16.95,12.782083333333333,85.625,5.741666666666667,7.78,1003.5416666666666,60.0,5.16,0.0,,Clouds,10-15°C,True,False
2020-09-25,5.077220077220077,45,7.1013102207004914,65230.336,10.882916666666667,9.61,12.83,9.35,79.375,7.079999999999999,8.77,1002.9166666666666,69.66666666666667,1.76,0.0,,Clouds,10-15°C,True,False
2020-09-26,15.769787644787645,90,19.26081112891107,136863.3326,10.90375,8.26,14.75,9.05125,74.04166666666667,6.9383333333333335,8.13,1007.9166666666666,75.5,2.14,0.0,,Clouds,10-15°C,True,False
2020-09-27,10.682915057915057,90,14.701417058937754,115683.8415,12.024583333333332,9.71,14.2,11.22625,94.0,6.855,10.22,1005.125,99.95833333333333,16.85,0.0,,Rain,10-15°C,True,False
2020-09-28,4.838320463320463,45,7.196988121959451,77871.0005,12.622083333333334,11.48,14.12,12.4125,94.70833333333333,4.351666666666667,5.63,1012.4583333333334,95.625,6.78,0.0,,Rain,10-15°C,True,False
2020-09-29,4.939671814671815,45,7.3034343990127475,70516.1697,15.113333333333335,12.38,17.36,15.137916666666667,94.125,2.5083333333333333,3.22,1017.9583333333334,96.91666666666667,0.23,0.0,,Clouds,15-20°C,True,False
2020-09-30,5.69980694980695,50,8.038874642360504,91454.9993,16.074583333333333,14.14,18.73,16.084166666666665,89.91666666666667,3.1166666666666667,4.28,1013.0833333333334,90.625,0.0,0.0,,Clouds,15-20°C,False,False
2020-10-01,4.073359073359073,30,5.705675396819571,55449.998,13.460833333333333,10.51,15.91,13.212916666666667,90.04166666666667,4.655833333333333,6.41,1001.7083333333334,92.875,8.11,0.0,,Clouds,10-15°C,True,False
2020-10-02,4.225386100386101,35,5.92206525839862,54464.3342,12.248750000000001,10.75,14.33,12.014583333333334,95.16666666666667,4.600833333333333,8.46,987.5416666666666,100.0,27.37,0.0,,Rain,10-15°C,True,False
2020-10-03,11.14864864864865,70,14.436397349369498,130203.5008,11.629583333333334,9.24,14.21,11.067083333333334,91.25,2.950833333333333,5.62,988.5416666666666,84.58333333333333,0.64,0.0,,Clouds,10-15°C,True,False
2020-10-04,9.278959810874705,75,13.698630314133743,89483.9988,11.357083333333334,8.59,14.77,10.28375,89.16666666666667,6.745833333333334,8.86,993.8333333333334,84.70833333333333,5.42,0.0,,Clouds,10-15°C,True,False
2020-10-05,4.133687258687258,40,6.515589470375808,57460.1648,11.69625,10.04,13.07,11.38875,94.5,6.8445833333333335,7.64,1002.0416666666666,98.25,16.47,0.0,,Rain,10-15°C,True,False
2020-10-06,3.841698841698842,40,5.868347902750375,58921.8322,12.918333333333335,11.59,15.69,12.597083333333332,89.25,6.673749999999999,7.77,1006.0416666666666,79.625,3.8,0.0,,Clouds,10-15°C,True,False
2020-10-07,4.985521235521236,50,7.66259659609133,80731.5013,13.539583333333333,11.2,17.13,13.19625,86.08333333333333,4.923333333333333,7.0,1016.75,84.125,1.26,0.0,,Clouds,10-15°C,True,False
2020-10-08,4.623552123552123,60,7.332760230694505,70140.5001,15.803333333333333,13.18,18.22,15.707500000000001,86.875,6.0075,8.22,1019.25,99.66666666666667,0.4,0.0,,Clouds,15-20°C,True,False
2020-10-09,4.710424710424711,70,7.302072188455487,71563.5008,14.04125,10.97,16.76,13.888333333333334,91.45833333333333,3.3408333333333338,4.78,1020.125,93.25,4.93,0.0,,Clouds,10-15°C,True,False
2020-10-10,15.086872586872587,300,18.72163056355314,147119.3339,11.010416666666666,7.98,14.23,9.82,81.29166666666667,3.4274999999999998,4.27,1024.4583333333333,51.416666666666664,0.0,0.0,,Clouds,10-15°C,False,False
2020-10-11,13.289092664092664,80,17.26200284996448,125563.1665,10.18625,6.93,14.08,8.834999999999999,86.79166666666667,3.3929166666666664,4.52,1023.5416666666666,42.541666666666664,0.12,0.0,,Clouds,10-15°C,True,False
2020-10-12,5.875965250965251,60,9.279581565286094,84918.0005,9.490833333333333,5.03,13.35,8.4525,88.625,2.2070833333333333,2.82,1021.8333333333334,73.66666666666667,0.51,0.0,,Clouds,0-10°C,True,False
2020-10-13,4.396718146718147,45,6.978130204492024,61475.1653,9.509166666666667,6.86,12.35,8.310416666666667,94.16666666666667,3.0095833333333335,5.53,1010.5,78.58333333333333,12.91,0.0,,Rain,0-10°C,True,False
2020-10-14,5.748069498069498,65,8.943205429806797,88702.9999,9.689166666666667,7.26,13.48,8.039583333333333,87.25,4.459583333333334,6.17,1014.5833333333334,78.95833333333333,0.0,0.0,,Clouds,0-10°C,False,False
2020-10-15,5.306467181467181,60,8.73120229134148,78136.1682,9.31,7.13,12.33,7.273333333333333,85.29166666666667,4.639166666666667,6.02,1019.1666666666666,95.375,0.1,0.0,,Clouds,0-10°C,True,False
2020-10-16,5.948359073359073,55,9.446575859601051,89630.1677,9.9825,8.26,12.78,8.4825,81.5,3.486666666666667,4.72,1021.5,87.45833333333333,0.0,0.0,,Clouds,0-10°C,False,False
2020-10-17,14.063706563706564,75,17.06611664642747,145986.6666,9.4575,6.06,12.32,8.569583333333332,88.25,2.155,3.24,1020.9583333333334,87.33333333333333,0.23,0.0,,Clouds,0-10°C,True,False
2020-10-18,15.318532818532818,90,18.163373723557445,147220.8333,8.956666666666667,4.98,14.82,8.18125,87.375,1.31125,2.14,1023.9166666666666,59.125,0.17,0.0,,Clouds,0-10°C,True,False
2020-10-19,13.067084942084943,70,15.68081056536896,148171.1659,9.395833333333334,4.62,14.16,8.05875,83.79166666666667,3.6629166666666664,5.41,1018.5416666666666,85.625,0.0,0.0,,Clouds,0-10°C,False,False
2020-10-20,10.316119691119692,70,13.641048159244162,129947.3326,12.465833333333334,9.36,13.9,11.9775,92.125,5.245416666666666,6.02,1008.9583333333334,99.83333333333333,9.83,0.0,,Rain,10-15°C,True,False
2020-10-21,12.507239382239382,105,15.649466130004589,136067.989,16.488333333333333,12.79,20.67,16.38083333333333,83.79166666666667,6.746666666666666,10.03,1004.5416666666666,68.25,5.83,0.0,,Clouds,15-20°C,True,False
2020-10-22,12.524131274131275,300,17.91186094866401,146264.7594,15.922916666666666,13.72,19.31,15.944166666666668,90.91666666666667,3.4320833333333334,4.92,1012.2916666666666,78.0,7.75,0.0,,Clouds,15-20°C,True,False
2020-10-23,12.78957528957529,70,15.19034635288943,147557.6649,15.134166666666665,13.15,18.23,15.008333333333333,88.25,3.2595833333333335,4.68,1012.8333333333334,68.5,4.1,0.0,,Clouds,15-20°C,True,False
2020-10-24,15.291988416988417,85,18.28800583485271,150897.3329,13.757083333333334,10.83,15.58,13.520416666666668,89.29166666666667,6.62625,8.68,1013.4166666666666,80.75,0.13,0.0,,Clouds,10-15°C,True,False
2020-10-25,12.767857142857142,90,16.61550501483416,132857.5002,11.599583333333333,9.39,13.9,11.084166666666667,92.75,5.680416666666666,8.12,1004.0416666666666,96.29166666666667,12.42,0.0,,Rain,10-15°C,True,False
2020-10-26,16.03523166023166,90,18.645650278456912,153199.1673,10.070416666666667,7.08,13.34,8.2775,86.91666666666667,5.25875,7.02,1005.1666666666666,50.791666666666664,0.14,0.0,,Clouds,10-15°C,True,False
2020-10-27,11.307915057915057,255,14.93516569727776,136766.3689,9.934583333333334,7.73,12.56,8.526666666666667,93.375,6.014583333333333,8.49,1007.125,79.70833333333333,6.14,0.0,,Rain,0-10°C,True,False
2020-10-28,10.704633204633204,75,13.481772939924735,142789.1687,12.117916666666666,9.63,13.7,11.53375,88.91666666666667,6.53875,7.83,1011.375,74.79166666666667,1.4500000000000002,0.0,,Clouds,10-15°C,True,False
2020-10-29,12.804054054054054,70,14.76859075162437,147037.16820000001,12.407916666666667,9.96,14.27,11.910833333333334,88.25,5.13,6.26,1020.0,99.66666666666667,0.81,0.0,,Clouds,10-15°C,True,False
2020-10-30,0.0,0,0.0,0.0,14.013333333333334,13.26,15.28,13.795416666666666,89.0,4.3133333333333335,5.65,1023.9166666666666,86.70833333333333,0.0,0.0,,Clouds,10-15°C,False,False
2020-10-31,0.0,0,0.0,0.0,13.854583333333332,9.78,17.04,13.521666666666667,87.29166666666667,4.678333333333334,6.45,1019.5,60.375,1.53,0.0,,Clouds,10-15°C,True,False
2020-11-01,0.0,0,0.0,0.0,15.935833333333333,12.76,17.77,15.990416666666667,92.125,6.740416666666667,8.95,1014.2083333333334,100.0,3.3800000000000003,0.0,,Clouds,15-20°C,True,False
2020-11-02,0.0,0,0.0,0.0,15.82125,9.71,19.49,15.734166666666667,88.5,6.789166666666667,8.61,1015.25,85.25,1.97,0.0,,Clouds,15-20°C,True,False
2020-11-03,0.0,0,0.0,0.0,8.140833333333333,4.83,11.98,6.407916666666666,85.33333333333333,3.4149999999999996,5.44,1025.7083333333333,47.5,0.0,0.0,,Clouds,0-10°C,False,False
2020-11-04,0.0,0,0.0,0.0,5.9025,1.45,10.66,4.475416666666667,89.20833333333333,2.4975,4.25,1032.6666666666667,25.791666666666668,0.0,0.0,,Clouds,0-10°C,False,False
2020-11-05,0.0,0,0.0,0.0,6.358750000000001,2.94,11.28,3.6283333333333334,85.75,4.184583333333333,5.2,1035.9166666666667,0.875,0.0,0.0,,Clear,0-10°C,False,False
2020-11-06,0.0,0,0.0,0.0,6.759166666666666,2.38,10.44,4.0929166666666665,88.75,4.1987499999999995,5.05,1027.5416666666667,5.375,0.0,0.0,,Clear,0-10°C,False,False
2020-11-07,0.0,0,0.0,0.0,11.096666666666666,6.88,15.87,10.06625,91.20833333333333,3.1191666666666666,3.61,1020.7916666666666,62.75,0.0,0.0,,Clouds,10-15°C,False,False
2020-11-08,0.0,0,0.0,0.0,13.260833333333332,10.53,17.03,12.972083333333332,89.20833333333333,2.8991666666666664,3.91,1020.25,51.75,1.6,0.0,,Clouds,10-15°C,True,False
2020-11-09,0.0,0,0.0,0.0,12.816666666666668,9.13,17.6,12.484166666666667,92.58333333333333,1.9325,2.73,1021.625,46.875,0.0,0.0,,Clouds,10-15°C,False,False
2020-11-10,0.0,0,0.0,0.0,12.172083333333333,11.4,13.79,11.957083333333335,96.20833333333333,1.3462500000000002,1.97,1025.5833333333333,78.91666666666667,1.21,0.0,,Clouds,10-15°C,True,False
2020-11-11,0.0,0,0.0,0.0,10.873750000000001,10.16,11.83,10.535416666666666,96.41666666666667,2.9754166666666664,5.67,1023.0,98.33333333333333,0.0,0.0,,Clouds,10-15°C,False,False
2020-11-12,0.0,0,0.0,0.0,10.572083333333333,6.99,13.57,9.657916666666667,88.45833333333333,3.811666666666667,6.45,1019.625,44.583333333333336,0.0,0.0,,Clouds,10-15°C,False,False
2020-11-13,0.0,0,0.0,0.0,11.870416666666666,7.28,14.93,11.174999999999999,92.0,3.924583333333333,5.12,1017.75,84.83333333333333,0.3,0.0,,Clouds,10-15°C,True,False
2020-11-14,0.0,0,0.0,0.0,13.316249999999998,10.36,16.63,12.879583333333334,83.375,4.479166666666667,6.6,1015.75,73.08333333333333,0.0,0.0,,Clouds,10-15°C,False,False
2020-11-15,0.0,0,0.0,0.0,12.844583333333333,10.15,14.54,12.431666666666667,86.08333333333333,7.930416666666667,9.84,1008.0,77.70833333333333,8.33,0.0,,Clouds,10-15°C,True,False
2020-11-16,0.0,0,0.0,0.0,10.633750000000001,10.05,11.82,10.049999999999999,87.95833333333333,5.346666666666667,7.69,1019.625,96.04166666666667,0.0,0.0,,Clouds,10-15°C,False,False
2020-11-17,0.08928571428571429,55,1.6456316114804037,0.0,10.627916666666666,8.2,12.8,9.61375,91.45833333333333,3.202916666666667,4.43,1027.2916666666667,87.29166666666667,0.0,0.0,,Clouds,10-15°C,False,False
2020-11-18,0.0,0,0.0,0.0,10.52875,5.75,15.29,9.184166666666666,87.45833333333333,3.921666666666667,4.92,1023.0833333333334,23.625,0.0,0.0,,Clear,10-15°C,False,False
2020-11-19,0.0,0,0.0,0.0,9.104583333333332,7.26,12.6,7.03875,89.04166666666667,5.144583333333333,7.65,1028.5,57.208333333333336,1.04,0.0,,Clouds,0-10°C,True,False
2020-11-20,0.0,0,0.0,0.0,5.769166666666667,2.63,9.26,4.6691666666666665,91.41666666666667,1.6987500000000002,3.86,1036.25,76.08333333333333,0.0,0.0,,Clouds,0-10°C,False,False
2020-11-21,0.0,0,0.0,0.0,6.14375,3.34,10.33,4.034166666666667,89.625,2.84125,3.45,1033.5833333333333,65.33333333333333,0.0,0.0,,Clouds,0-10°C,False,False
2020-11-22,0.0,0,0.0,0.0,6.567083333333334,3.52,9.37,5.36375,91.20833333333333,1.8508333333333333,2.59,1029.5416666666667,93.75,0.9,0.0,,Clouds,0-10°C,True,False
2020-11-23,0.0,0,0.0,0.0,8.670833333333333,7.07,11.53,7.862916666666667,94.0,1.62625,2.08,1029.1666666666667,76.66666666666667,0.0,0.0,,Clouds,0-10°C,False,False
2020-11-24,0.0,0,0.0,0.0,6.255833333333334,4.23,9.63,4.139166666666667,89.79166666666667,2.9120833333333334,4.02,1022.125,87.75,0.0,0.0,,Clouds,0-10°C,False,False
2020-11-25,0.0,0,0.0,0.0,6.8566666666666665,3.73,11.26,4.827083333333333,89.54166666666667,2.9295833333333334,4.16,1017.2083333333334,69.41666666666667,0.0,0.0,,Clouds,0-10°C,False,False
2020-11-26,0.0,0,0.0,0.0,5.997916666666666,2.29,11.08,4.861666666666667,93.375,1.5308333333333335,2.26,1019.7916666666666,15.875,0.0,0.0,,Clouds,0-10°C,False,False
2020-11-27,0.0,0,0.0,0.0,6.365416666666667,4.27,10.31,4.64375,94.5,2.356666666666667,2.94,1017.125,60.083333333333336,0.48,0.0,,Clouds,0-10°C,True,False
2020-11-28,0.0,0,0.0,0.0,5.6187499999999995,2.52,10.61,3.192083333333333,89.125,3.2429166666666664,4.15,1016.8333333333334,3.5833333333333335,0.0,0.0,,Clear,0-10°C,False,False
2020-11-29,0.0,0,0.0,0.0,2.38375,1.17,3.67,-0.5725,92.58333333333333,3.030416666666667,4.13,1023.5833333333334,37.583333333333336,0.0,0.0,,Clouds,0-10°C,False,False
2020-11-30,0.0,0,0.0,0.0,2.3045833333333334,-0.38,4.92,0.32083333333333336,90.04166666666667,2.3270833333333334,5.01,1026.9166666666667,47.666666666666664,1.4100000000000001,0.0,,Clouds,0-10°C,True,False
2020-12-01,0.0,0,0.0,0.0,6.722083333333333,5.36,8.45,3.2358333333333333,90.33333333333333,5.64875,7.55,1020.375,66.91666666666667,2.0,0.0,,Clouds,0-10°C,True,False
2020-12-02,0.0,0,0.0,0.0,6.56125,5.43,7.53,4.566666666666666,93.45833333333333,3.0116666666666667,5.53,1017.2083333333334,97.54166666666667,0.75,0.0,,Clouds,0-10°C,True,False
2020-12-03,0.0,0,0.0,0.0,5.9245833333333335,4.83,7.49,2.2741666666666664,95.58333333333333,5.799166666666667,8.62,997.375,99.45833333333333,10.34,0.0,,Rain,0-10°C,True,False
2020-12-04,0.0,0,0.0,0.0,5.39875,2.83,7.46,1.7525000000000002,87.79166666666667,5.584583333333334,9.73,984.75,74.95833333333333,1.96,0.0,,Clouds,0-10°C,True,False
2020-12-05,0.0,0,0.0,0.0,4.302083333333333,2.55,5.8,0.5758333333333333,89.79166666666667,4.835833333333333,5.98,994.4583333333334,46.208333333333336,0.34,0.0,,Clouds,0-10°C,True,False
2020-12-06,0.0,0,0.0,0.0,3.4008333333333334,0.96,6.03,1.3779166666666667,91.875,2.3175,4.29,999.125,83.375,0.0,0.0,,Clouds,0-10°C,False,False
2020-12-07,0.0,0,0.0,0.0,2.127083333333333,-0.47,4.79,0.21458333333333332,96.79166666666667,2.1104166666666666,3.41,999.125,86.41666666666667,0.0,0.0,,Clouds,0-10°C,False,False
2020-12-08,0.0,0,0.0,0.0,1.8095833333333333,-0.05,4.74,-0.48416666666666663,94.70833333333333,2.379166666666667,3.46,1003.4583333333334,78.58333333333333,0.0,0.0,,Clouds,0-10°C,False,False
2020-12-09,0.0,0,0.0,0.0,1.0062499999999999,-1.03,2.61,-1.92,96.625,2.6991666666666667,3.65,1010.4166666666666,77.5,0.0,0.0,,Clouds,0-10°C,False,False
2020-12-10,0.0,0,0.0,0.0,4.238333333333333,2.59,6.39,0.7999999999999999,91.20833333333333,4.22125,4.79,1003.5416666666666,89.91666666666667,0.0,0.0,,Clouds,0-10°C,False,False
2020-12-11,0.0,0,0.0,0.0,8.004583333333333,4.57,10.41,5.482083333333333,96.04166666666667,4.72375,6.33,992.25,92.95833333333333,13.19,0.0,,Rain,0-10°C,True,False
2020-12-12,0.0,0,0.0,0.0,7.8500000000000005,4.34,9.98,5.4075,96.16666666666667,3.9941666666666666,5.65,1000.5416666666666,69.45833333333333,1.1,0.0,,Clouds,0-10°C,True,False
2020-12-13,0.0,0,0.0,0.0,5.276666666666666,2.05,7.85,2.1125000000000003,95.20833333333333,4.467083333333333,6.19,1010.625,90.54166666666667,0.48,0.0,,Clouds,0-10°C,True,False
2020-12-14,0.0,0,0.0,0.0,9.9425,8.41,11.74,8.355416666666667,92.41666666666667,4.621666666666667,5.66,1007.375,84.125,10.370000000000001,0.0,,Rain,0-10°C,True,False
2020-12-15,0.0,0,0.0,0.0,9.18375,5.53,11.33,7.822083333333333,95.95833333333333,3.0362500000000003,4.21,1011.0,57.708333333333336,9.71,0.0,,Rain,0-10°C,True,False
2020-12-16,0.0,0,0.0,0.0,7.257083333333334,5.01,10.17,4.77875,96.625,4.09875,5.09,1013.875,93.20833333333333,0.14,0.0,,Clouds,0-10°C,True,False
2020-12-17,0.0,0,0.0,0.0,8.755,6.37,10.71,6.8066666666666675,95.45833333333333,3.9470833333333335,5.68,1020.75,55.666666666666664,3.33,0.0,,Clouds,0-10°C,True,False
2020-12-18,0.0,0,0.0,0.0,7.439583333333334,5.17,11.13,5.029166666666667,94.125,4.023333333333333,4.9,1019.9166666666666,65.33333333333333,0.0,0.0,,Clouds,0-10°C,False,False
2020-12-19,0.0,0,0.0,0.0,8.88625,5.67,10.85,6.7749999999999995,93.79166666666667,5.055833333333333,6.56,1014.0833333333334,93.625,2.2800000000000002,0.0,,Clouds,0-10°C,True,False
2020-12-20,0.0,0,0.0,0.0,8.84,6.58,10.64,6.92625,92.16666666666667,3.75625,4.74,1019.5833333333334,54.333333333333336,0.69,0.0,,Clouds,0-10°C,True,False
2020-12-21,0.0,0,0.0,0.0,9.64875,7.11,13.1,7.585833333333333,96.20833333333333,6.367083333333333,8.19,1016.7083333333334,98.875,11.98,0.0,,Rain,0-10°C,True,False
2020-12-22,0.0,0,0.0,0.0,13.831666666666665,13.14,14.69,13.769166666666665,95.66666666666667,6.3758333333333335,7.67,1017.125,99.45833333333333,9.95,0.0,,Clouds,10-15°C,True,False
2020-12-23,0.0,0,0.0,0.0,11.725416666666668,9.37,13.17,10.956666666666665,92.0,5.729166666666667,8.48,1012.2083333333334,79.29166666666667,18.43,0.0,,Rain,10-15°C,True,False
2020-12-24,0.0,0,0.0,0.0,6.091666666666666,3.13,8.9,2.254166666666667,92.91666666666667,6.2,8.56,1015.0833333333334,94.0,9.59,0.0,,Rain,0-10°C,True,False
2020-12-25,0.0,0,0.0,0.0,3.4175,1.79,5.48,-0.1479166666666666,92.25,4.1762500000000005,5.74,1027.1666666666667,61.25,0.0,0.0,,Clouds,0-10°C,False,False
2020-12-26,0.0,0,0.0,0.0,2.6454166666666667,-0.1,5.16,-0.9295833333333333,92.66666666666667,4.251666666666667,7.57,1025.375,92.16666666666667,0.0,0.0,,Clouds,0-10°C,False,False
2020-12-27,0.0,0,0.0,0.0,5.08,3.14,6.71,0.22166666666666668,94.20833333333333,8.70375,12.3,989.9583333333334,91.625,20.53,0.0,,Rain,0-10°C,True,False
2020-12-28,0.0,0,0.0,0.0,3.3970833333333332,1.76,4.96,-0.5608333333333334,95.0,4.881666666666667,6.42,976.4166666666666,95.5,9.5,1.04,,Clouds,0-10°C,True,True
2020-12-29,0.0,0,0.0,0.0,3.4004166666666666,2.1,4.36,0.05458333333333335,95.95833333333333,3.78125,5.88,990.9583333333334,91.91666666666667,1.44,0.0,,Clouds,0-10°C,True,False
2020-12-30,0.0,0,0.0,0.0,3.9754166666666664,1.95,5.87,0.6466666666666666,94.125,3.96625,5.39,1004.2916666666666,83.04166666666667,1.6800000000000002,0.0,,Clouds,0-10°C,True,False
2020-12-31,0.0,0,0.0,0.0,3.1116666666666664,-0.9,5.56,-0.07875,95.625,3.8045833333333334,5.88,1003.4583333333334,72.875,6.97,0.0,,Clouds,0-10°C,True,False
2021-01-01,0.0,0,0.0,0.0,0.38916666666666666,-1.2,2.69,-1.5304166666666665,96.08333333333333,1.7666666666666666,2.64,1010.875,36.916666666666664,0.0,0.0,,Clouds,0-10°C,False,False
2021-01-02,0.0,0,0.0,0.0,-0.03916666666666665,-3.09,2.94,-0.8025000000000001,96.29166666666667,1.2320833333333334,2.55,1014.7916666666666,73.20833333333333,0.0,0.0,,Clouds,<0°C,False,False
2021-01-03,0.0,0,0.0,0.0,1.89875,0.72,3.12,-0.34791666666666665,95.125,2.3108333333333335,3.44,1014.0,99.29166666666667,0.87,0.0,,Clouds,0-10°C,True,False
2021-01-04,0.0,0,0.0,0.0,2.16,1.71,2.84,-1.1229166666666666,93.79166666666667,3.2937499999999997,3.8,1013.375,97.0,0.51,0.13,,Clouds,0-10°C,True,True
2021-01-05,0.0,0,0.0,0.0,2.07125,1.73,2.6,-1.2979166666666666,93.58333333333333,3.3800000000000003,4.48,1014.5833333333334,97.91666666666667,0.3,0.0,,Clouds,0-10°C,True,False
2021-01-06,0.0,0,0.0,0.0,2.585,1.99,3.46,-0.08625000000000001,95.08333333333333,2.6599999999999997,3.59,1016.1666666666666,96.16666666666667,0.0,0.0,,Clouds,0-10°C,False,False
2021-01-07,0.0,0,0.0,0.0,1.9379166666666665,0.76,3.24,0.22875,96.08333333333333,1.7612500000000002,2.7,1017.25,82.20833333333333,0.51,0.0,,Clouds,0-10°C,True,False
2021-01-08,0.0,0,0.0,0.0,0.9345833333333333,-1.7,3.52,-0.69375,92.79166666666667,1.5783333333333334,2.05,1018.75,42.791666666666664,0.12,0.0,,Clouds,0-10°C,True,False
2021-01-09,0.0,0,0.0,0.0,0.03666666666666668,-2.32,3.34,-3.99375,92.16666666666667,3.830416666666667,5.9,1023.125,34.75,0.0,0.0,,Clouds,0-10°C,False,False
2021-01-10,0.0,0,0.0,0.0,0.019583333333333324,-2.18,3.59,-3.4499999999999997,92.5,3.0766666666666667,4.16,1025.25,51.625,0.0,0.0,,Clouds,0-10°C,False,False
2021-01-11,0.0,0,0.0,0.0,1.2304166666666667,-2.66,4.02,-1.3462500000000002,94.875,3.0220833333333332,6.12,1023.9583333333334,85.25,0.0,0.0,,Clouds,0-10°C,False,False
2021-01-12,0.0,0,0.0,0.0,6.1925,4.13,8.45,2.887916666666667,95.125,5.397916666666667,7.61,1017.0833333333334,99.16666666666667,12.01,0.0,,Rain,0-10°C,True,False
2021-01-13,0.0,0,0.0,0.0,7.0945833333333335,4.33,9.15,4.9591666666666665,96.83333333333333,4.079583333333333,6.7,1020.9583333333334,97.95833333333333,3.79,0.0,,Clouds,0-10°C,True,False
2021-01-14,0.0,0,0.0,0.0,8.294166666666667,3.01,9.98,5.046666666666667,95.95833333333333,6.125416666666666,7.62,1016.4166666666666,100.0,10.110000000000001,0.0,,Rain,0-10°C,True,False
2021-01-15,0.0,0,0.0,0.0,1.3529166666666665,-0.2,2.9,-2.4295833333333334,86.79166666666667,4.189166666666667,6.31,1026.625,85.04166666666667,0.5,0.0,,Clouds,0-10°C,True,False
2021-01-16,0.0,0,0.0,0.0,-0.08458333333333334,-1.2,1.44,-3.49375,91.95833333333333,3.62875,5.92,1025.5416666666667,98.83333333333333,0.0,6.72,,Clouds,<0°C,False,True
2021-01-17,0.0,0,0.0,0.0,4.0754166666666665,2.01,6.83,1.1833333333333333,95.125,3.4129166666666664,5.01,1023.8333333333334,86.58333333333333,0.6799999999999999,0.0,,Clouds,0-10°C,True,False
2021-01-18,0.0,0,0.0,0.0,4.1049999999999995,1.38,7.22,1.3504166666666666,92.08333333333333,3.2449999999999997,5.28,1026.9583333333333,82.625,0.0,0.0,,Clouds,0-10°C,False,False
2021-01-19,0.0,0,0.0,0.0,5.2250000000000005,3.89,6.77,1.2383333333333333,89.33333333333333,5.87375,6.83,1015.875,94.0,2.18,0.0,,Clouds,0-10°C,True,False
2021-01-20,0.0,0,0.0,0.0,9.240416666666667,6.14,12.36,6.960833333333333,69.45833333333333,6.83875,11.17,1000.2916666666666,97.91666666666667,0.21,0.0,,Clouds,0-10°C,True,False
2021-01-21,0.0,0,0.0,0.0,8.409583333333334,5.42,11.92,4.876666666666667,89.54166666666667,8.728333333333333,11.89,993.3333333333334,86.5,13.75,0.0,,Rain,0-10°C,True,False
2021-01-22,0.0,0,0.0,0.0,5.116666666666666,3.45,8.11,3.3874999999999997,93.91666666666667,2.5570833333333334,7.29,995.875,97.95833333333333,8.16,0.0,,Clouds,0-10°C,True,False
2021-01-23,0.0,0,0.0,0.0,3.0941666666666667,0.54,5.42,-0.8083333333333335,95.20833333333333,4.65875,6.56,996.25,80.95833333333333,5.53,0.0,,Clouds,0-10°C,True,False
2021-01-24,0.0,0,0.0,0.0,0.5637500000000001,-1.63,2.12,-3.557916666666667,95.33333333333333,4.122083333333333,6.36,1001.0833333333334,81.70833333333333,1.21,3.59,,Clouds,0-10°C,True,True
2021-01-25,0.0,0,0.0,0.0,2.15,-0.16,4.97,-1.7883333333333333,89.79166666666667,4.360833333333333,5.78,1008.5833333333334,54.625,0.11,0.0,,Clouds,0-10°C,True,False
2021-01-26,0.0,0,0.0,0.0,1.4170833333333333,-1.15,4.09,-2.2600000000000002,89.0,3.672916666666667,4.85,1021.6666666666666,83.45833333333333,0.27,0.0,,Clouds,0-10°C,True,False
2021-01-27,0.0,0,0.0,0.0,4.650833333333334,1.74,7.67,1.6220833333333333,95.70833333333333,3.705833333333333,4.94,1015.625,99.91666666666667,3.33,0.6900000000000001,,Rain,0-10°C,True,True
2021-01-28,0.0,0,0.0,0.0,11.065,7.74,13.33,10.3175,95.58333333333333,6.177499999999999,8.01,1008.2083333333334,100.0,11.360000000000001,0.0,,Rain,10-15°C,True,False
2021-01-29,0.0,0,0.0,0.0,9.831666666666667,7.01,11.72,8.039166666666667,88.875,7.1937500000000005,9.76,1004.875,72.625,3.7699999999999996,0.0,,Clouds,0-10°C,True,False
2021-01-30,0.0,0,0.0,0.0,9.361666666666666,6.78,12.46,7.703749999999999,94.45833333333333,3.8470833333333334,5.9,997.7916666666666,99.625,9.69,0.0,,Rain,0-10°C,True,False
2021-01-31,0.0,0,0.0,0.0,7.784166666666667,5.8,8.94,6.709166666666667,96.54166666666667,2.1625,3.5,995.5416666666666,99.66666666666667,7.88,0.0,,Rain,0-10°C,True,False
2021-02-01,0.0,0,0.0,0.0,8.167916666666667,6.11,9.26,6.098333333333334,94.5,3.55875,5.05,996.1666666666666,98.95833333333333,0.4,0.0,,Clouds,0-10°C,True,False
2021-02-02,0.0,0,0.0,0.0,10.775416666666667,6.53,13.92,9.58875,92.625,6.0687500000000005,7.15,1002.625,87.04166666666667,2.88,0.0,,Clouds,10-15°C,True,False
2021-02-03,0.0,0,0.0,0.0,10.155416666666666,6.24,12.53,8.875,91.5,6.482916666666667,9.7,1002.125,86.75,12.81,0.0,,Clouds,10-15°C,True,False
2021-02-04,0.0,0,0.0,0.0,7.652916666666666,4.4,10.96,6.130416666666666,93.45833333333333,2.606666666666667,3.45,1012.0833333333334,87.95833333333333,0.83,0.0,,Clouds,0-10°C,True,False
2021-02-05,0.0,0,0.0,0.0,8.601666666666667,6.34,10.94,7.603750000000001,94.20833333333333,2.0258333333333334,2.9,1011.25,96.45833333333333,1.5,0.0,,Clouds,0-10°C,True,False
2021-02-06,0.0,0,0.0,0.0,7.505,6.72,8.2,5.62875,96.125,3.0224999999999995,4.78,1003.4166666666666,99.54166666666667,10.34,0.0,,Rain,0-10°C,True,False
2021-02-07,0.0,0,0.0,0.0,2.025,-0.75,6.4,-1.3216666666666665,95.0,3.3825000000000003,4.81,997.7916666666666,98.125,1.75,1.67,,Clouds,0-10°C,True,True
2021-02-08,0.0,0,0.0,0.0,-1.33,-2.29,-0.8,-4.220833333333333,92.25,2.18125,2.84,999.2083333333334,98.41666666666667,0.0,0.0,,Clouds,<0°C,False,False
2021-02-09,0.0,0,0.0,0.0,-2.6875,-3.84,-1.46,-7.192916666666666,91.25,3.7016666666666667,5.71,1003.25,97.79166666666667,0.0,0.48,,Clouds,<0°C,False,True
2021-02-10,0.0,0,0.0,0.0,-3.542083333333333,-5.81,-1.8,-9.374583333333334,82.25,5.122083333333333,6.28,1010.375,79.54166666666667,0.0,0.9,,Clouds,<0°C,False,True
2021-02-11,0.0,0,0.0,0.0,-3.2145833333333336,-6.42,-0.13,-8.854999999999999,77.875,5.037916666666667,6.51,1025.2916666666667,74.375,0.0,0.0,,Clouds,<0°C,False,False
2021-02-12,0.0,0,0.0,0.0,-2.48875,-4.34,0.34,-8.532916666666667,69.33333333333333,5.8812500000000005,6.66,1026.125,68.375,0.0,0.0,,Clouds,<0°C,False,False
2021-02-13,0.0,0,0.0,0.0,-3.37125,-6.41,-0.45,-9.15875,67.41666666666667,5.059583333333333,6.45,1032.5,48.208333333333336,0.0,0.0,,Clouds,<0°C,False,False
2021-02-14,0.0,0,0.0,0.0,-1.6804166666666667,-5.63,1.2,-6.821666666666666,72.16666666666667,4.6987499999999995,5.28,1032.375,75.54166666666667,0.0,0.0,,Clouds,<0°C,False,False
2021-02-15,0.0,0,0.0,0.0,5.239166666666667,1.29,7.96,1.9725000000000001,83.79166666666667,4.335,5.4,1026.375,99.04166666666667,3.16,0.0,,Clouds,0-10°C,True,False
2021-02-16,0.0,0,0.0,0.0,8.224583333333333,5.36,11.66,5.763333333333333,84.45833333333333,4.971666666666667,6.47,1018.25,73.625,0.5900000000000001,0.0,,Clouds,0-10°C,True,False
2021-02-17,0.0,0,0.0,0.0,9.078333333333333,6.58,12.58,7.073333333333333,88.375,4.81,7.14,1019.0416666666666,73.375,0.0,0.0,,Clouds,0-10°C,False,False
2021-02-18,0.0,0,0.0,0.0,7.620833333333334,5.55,10.01,4.729166666666667,88.83333333333333,5.139166666666667,7.34,1011.2916666666666,86.29166666666667,9.78,0.0,,Clouds,0-10°C,True,False
2021-02-19,0.0,0,0.0,0.0,8.739583333333334,4.99,13.62,7.096666666666667,90.625,3.5820833333333333,5.27,1015.5,78.41666666666667,0.0,0.0,,Clouds,0-10°C,False,False
2021-02-20,0.0,0,0.0,0.0,12.252083333333333,7.55,17.13,10.752916666666666,75.75,5.485833333333333,6.7,1011.125,82.08333333333333,0.0,0.0,,Clouds,10-15°C,False,False
2021-02-21,0.0,0,0.0,0.0,12.033333333333333,7.0,17.64,10.769583333333332,73.66666666666667,3.9275,4.64,1011.9166666666666,80.5,0.0,0.0,,Clouds,10-15°C,False,False
2021-02-22,0.0,0,0.0,0.0,12.160833333333334,8.57,15.2,11.176250000000001,72.91666666666667,3.1504166666666666,4.55,1018.5,67.45833333333333,0.33,0.0,,Clouds,10-15°C,True,False
2021-02-23,0.0,0,0.0,0.0,13.8925,11.04,17.74,13.335416666666667,76.5,4.5320833333333335,7.34,1029.8333333333333,38.291666666666664,0.23,0.0,,Clouds,10-15°C,True,False
2021-02-24,0.0,0,0.0,0.0,13.175833333333332,8.46,19.03,12.313749999999999,79.45833333333333,3.5741666666666667,4.11,1029.3333333333333,1.9583333333333333,0.0,0.0,,Clear,10-15°C,False,False
2021-02-25,0.0,0,0.0,0.0,12.047083333333333,7.24,17.03,11.153333333333334,79.20833333333333,2.64125,4.09,1027.875,82.41666666666667,0.0,0.0,,Clouds,10-15°C,False,False
2021-02-26,0.0,0,0.0,0.0,8.564166666666667,4.4,11.61,6.607916666666667,81.08333333333333,3.9283333333333332,5.44,1034.7083333333333,64.79166666666667,1.42,0.0,,Clouds,0-10°C,True,False
2021-02-27,0.0,0,0.0,0.0,5.709583333333334,1.74,10.74,2.72,79.16666666666667,4.474166666666666,5.68,1037.4583333333333,1.7083333333333333,0.0,0.0,,Clear,0-10°C,False,False
2021-02-28,0.0,0,0.0,0.0,5.7925,1.42,11.15,2.70125,75.875,4.6433333333333335,5.81,1032.4166666666667,0.5833333333333334,0.0,0.0,,Clear,0-10°C,False,False
2021-03-01,0.0,0,0.0,0.0,6.510000000000001,1.24,12.95,4.242083333333333,73.95833333333333,3.0720833333333335,3.68,1028.875,0.0,0.0,0.0,,Clear,0-10°C,False,False
2021-03-02,0.0,0,0.0,0.0,8.5875,1.74,16.82,7.017083333333333,75.625,2.189583333333333,2.84,1028.375,22.333333333333332,0.0,0.0,,Clear,0-10°C,False,False
2021-03-03,0.0,0,0.0,0.0,11.166666666666666,5.52,17.58,10.116666666666667,76.75,2.0191666666666666,2.71,1027.875,24.791666666666668,1.1099999999999999,0.0,,Clouds,10-15°C,True,False
2021-03-04,0.0,0,0.0,0.0,8.77125,5.67,11.66,7.22625,90.41666666666667,3.115,4.34,1022.375,71.875,3.25,0.0,,Clouds,0-10°C,True,False
2021-03-05,0.0,0,0.0,0.0,4.338333333333334,1.45,5.73,0.66125,74.41666666666667,4.718333333333333,5.53,1026.8333333333333,80.20833333333333,0.0,0.0,,Clouds,0-10°C,False,False
2021-03-06,0.0,0,0.0,0.0,3.407083333333333,-0.73,8.84,-0.22583333333333333,65.29166666666667,4.312916666666667,5.35,1029.0,0.625,0.0,0.0,,Clear,0-10°C,False,False
2021-03-07,0.0,0,0.0,0.0,3.01125,-2.49,9.39,0.5170833333333335,68.04166666666667,2.5820833333333333,3.84,1024.2916666666667,0.0,0.0,0.0,,Clear,0-10°C,False,False
2021-03-08,0.0,0,0.0,0.0,2.7895833333333333,-1.74,7.89,-0.2495833333333333,73.04166666666667,3.155,3.95,1022.4583333333334,24.375,0.0,0.0,,Clear,0-10°C,False,False
2021-03-09,0.0,0,0.0,0.0,5.698333333333333,-0.06,11.67,3.9808333333333334,76.25,2.11125,3.24,1021.0,46.791666666666664,0.0,0.0,,Clouds,0-10°C,False,False
2021-03-10,0.0,0,0.0,0.0,6.064583333333334,1.11,10.76,3.46875,77.20833333333333,4.615,7.06,1017.625,91.70833333333333,1.53,0.0,,Clouds,0-10°C,True,False
2021-03-11,0.0,0,0.0,0.0,10.159166666666666,6.43,14.29,7.882916666666667,83.5,8.474583333333333,10.29,1007.7916666666666,66.08333333333333,1.97,0.0,,Clouds,10-15°C,True,False
2021-03-12,0.0,0,0.0,0.0,7.262083333333333,4.24,11.24,4.00375,86.16666666666667,6.754166666666666,8.9,1012.25,64.20833333333333,2.19,0.0,,Clouds,0-10°C,True,False
2021-03-13,0.0,0,0.0,0.0,7.424166666666667,3.0,9.75,3.3333333333333335,82.5,8.167083333333332,10.71,1005.3333333333334,83.41666666666667,7.94,0.0,,Rain,0-10°C,True,False
2021-03-14,0.0,0,0.0,0.0,6.64875,2.38,11.05,3.3166666666666664,82.20833333333333,5.56125,6.79,1016.4166666666666,75.375,2.93,0.0,,Clouds,0-10°C,True,False
2021-03-15,0.0,0,0.0,0.0,7.785416666666666,4.11,10.41,4.845833333333333,86.33333333333333,5.359166666666667,6.85,1019.875,74.25,6.81,0.0,,Rain,0-10°C,True,False
2021-03-16,0.0,0,0.0,0.0,6.34125,2.65,9.4,4.05875,94.70833333333333,3.3983333333333334,6.11,1026.875,89.0,4.52,0.0,,Clouds,0-10°C,True,False
2021-03-17,0.0,0,0.0,0.0,6.616666666666667,4.88,9.11,2.8925,86.95833333333333,6.298333333333333,7.99,1028.3333333333333,95.70833333333333,2.34,0.0,,Clouds,0-10°C,True,False
2021-03-18,0.0,0,0.0,0.0,5.5125,3.42,7.49,2.6095833333333336,89.95833333333333,3.8066666666666666,4.81,1025.5416666666667,96.41666666666667,2.79,0.0,,Clouds,0-10°C,True,False
2021-03-19,0.0,0,0.0,0.0,5.31125,2.33,7.82,1.4408333333333332,75.45833333333333,5.897083333333334,8.61,1022.7916666666666,60.208333333333336,1.37,0.0,,Clouds,0-10°C,True,False
2021-03-20,0.0,0,0.0,0.0,4.328333333333333,0.41,8.67,1.4733333333333334,80.66666666666667,3.40875,4.62,1029.0416666666667,35.833333333333336,0.0,0.0,,Clouds,0-10°C,False,False
2021-03-21,0.0,0,0.0,0.0,6.344166666666666,2.3,10.85,4.128333333333333,84.58333333333333,3.6937499999999996,5.56,1026.0833333333333,90.375,0.12,0.0,,Clouds,0-10°C,True,False
2021-03-22,0.0,0,0.0,0.0,5.32625,1.75,7.46,3.1191666666666666,79.5,2.8554166666666667,4.05,1027.0833333333333,87.625,0.0,0.0,,Clouds,0-10°C,False,False
2021-03-23,0.0,0,0.0,0.0,6.95375,0.07,13.69,6.245416666666667,74.75,1.09625,2.44,1026.5416666666667,30.125,0.0,0.0,,Clouds,0-10°C,False,False
2021-03-24,0.0,0,0.0,0.0,10.028333333333334,2.75,17.85,8.699583333333333,71.08333333333333,2.32125,3.53,1023.0833333333334,41.333333333333336,0.0,0.0,,Clouds,10-15°C,False,False
2021-03-25,0.0,0,0.0,0.0,9.094583333333334,6.27,13.4,8.205416666666666,86.70833333333333,2.2087499999999998,3.44,1022.4166666666666,78.875,1.71,0.0,,Clouds,0-10°C,True,False
2021-03-26,0.0,0,0.0,0.0,8.61875,3.8,14.19,6.607916666666667,79.5,4.6425,7.62,1018.375,62.958333333333336,2.06,0.0,,Clouds,0-10°C,True,False
2021-03-27,0.0,0,0.0,0.0,7.919999999999999,3.48,12.11,5.4937499999999995,78.20833333333333,4.7508333333333335,7.16,1026.625,51.208333333333336,0.54,0.0,,Clouds,0-10°C,True,False
2021-03-28,0.0,0,0.0,0.0,10.557916666666666,4.28,16.7,8.895000000000001,66.41666666666667,3.4058333333333333,4.96,1029.7916666666667,82.95833333333333,0.0,0.0,,Clouds,10-15°C,False,False
2021-03-29,0.0,0,0.0,0.0,13.332916666666668,4.99,21.95,12.130416666666667,61.916666666666664,2.20125,3.08,1030.5,50.291666666666664,0.0,0.0,,Clouds,10-15°C,False,False
2021-03-30,0.0,0,0.0,0.0,15.34875,7.03,24.25,14.384166666666667,62.625,2.4720833333333334,3.1,1027.875,7.416666666666667,0.0,0.0,,Clear,15-20°C,False,False
2021-03-31,0.0,0,0.0,0.0,16.21375,7.71,24.69,15.49375,63.833333333333336,1.7625,2.29,1021.5416666666666,0.0,0.0,0.0,,Clear,15-20°C,False,False
2021-04-01,0.0,0,0.0,0.0,16.578333333333333,9.44,24.4,15.999583333333334,65.95833333333333,3.122083333333333,5.15,1019.7083333333334,12.375,0.0,0.0,,Clear,15-20°C,False,False
2021-04-02,0.0,0,0.0,0.0,9.125833333333334,4.85,13.0,6.7508333333333335,71.95833333333333,5.779166666666666,6.82,1023.5833333333334,6.458333333333333,0.0,0.0,,Clear,0-10°C,False,False
2021-04-03,0.0,0,0.0,0.0,7.470833333333334,5.11,11.42,4.492916666666667,67.70833333333333,5.4366666666666665,6.33,1026.7083333333333,36.208333333333336,0.0,0.0,,Clouds,0-10°C,False,False
2021-04-04,0.0,0,0.0,0.0,6.985,1.82,12.63,4.68,75.08333333333333,3.2404166666666665,4.76,1024.25,0.4583333333333333,0.0,0.0,,Clear,0-10°C,False,False
2021-04-05,0.0,0,0.0,0.0,3.763333333333333,-0.65,8.49,0.4179166666666667,86.20833333333333,4.1691666666666665,5.93,1017.6666666666666,63.458333333333336,1.28,0.0,,Clouds,0-10°C,True,False
2021-04-06,0.0,0,0.0,0.0,2.0966666666666667,-2.52,6.34,-1.3079166666666666,72.66666666666667,3.7274999999999996,6.24,1019.8333333333334,38.25,0.95,0.0,,Clouds,0-10°C,True,False
2021-04-07,0.0,0,0.0,0.0,4.0408333333333335,-2.59,9.3,1.3629166666666668,66.375,3.424166666666667,5.78,1024.5416666666667,46.125,0.0,0.0,,Clouds,0-10°C,False,False
2021-04-08,0.0,0,0.0,0.0,7.3825,3.4,12.61,6.180416666666667,66.625,1.9270833333333333,2.68,1023.7916666666666,69.125,0.0,0.0,,Clouds,0-10°C,False,False
2021-04-09,0.0,0,0.0,0.0,9.754583333333334,3.21,16.3,8.44375,70.66666666666667,2.84625,5.41,1014.5833333333334,94.29166666666667,4.39,0.0,,Clouds,0-10°C,True,False
2021-04-10,0.0,0,0.0,0.0,10.183333333333334,7.62,13.43,9.393749999999999,91.04166666666667,3.5975,7.13,1010.4583333333334,99.125,10.06,0.0,,Rain,10-15°C,True,False
2021-04-11,0.0,0,0.0,0.0,5.357916666666667,1.69,7.76,2.0545833333333334,87.29166666666667,4.650833333333333,7.02,1015.4166666666666,82.95833333333333,2.68,0.0,,Rain,0-10°C,True,False
2021-04-12,0.0,0,0.0,0.0,5.312916666666667,-0.49,10.71,2.99875,75.70833333333333,3.06875,4.3,1029.125,51.916666666666664,0.52,0.0,,Clouds,0-10°C,True,False
2021-04-13,0.0,0,0.0,0.0,5.72,0.62,10.43,3.1995833333333334,67.79166666666667,3.265416666666667,4.09,1032.0416666666667,37.625,0.0,0.0,,Clouds,0-10°C,False,False
2021-04-14,0.0,0,0.0,0.0,5.915416666666666,-0.1,10.35,3.629583333333333,65.45833333333333,3.27875,4.63,1029.9583333333333,45.125,0.0,0.0,,Clouds,0-10°C,False,False
2021-04-15,0.0,0,0.0,0.0,5.830416666666667,1.02,9.92,2.9175,69.79166666666667,4.034583333333333,5.25,1028.625,15.208333333333334,0.66,0.0,,Clear,0-10°C,True,False
2021-04-16,0.0,0,0.0,0.0,6.276666666666667,0.95,9.44,3.3841666666666668,66.20833333333333,4.299166666666667,6.27,1026.9166666666667,60.166666666666664,0.12,0.0,,Clouds,0-10°C,True,False
2021-04-17,0.0,0,0.0,0.0,8.227500000000001,3.17,13.25,5.842083333333334,68.25,4.422916666666667,5.59,1024.5416666666667,51.166666666666664,0.0,0.0,,Clouds,0-10°C,False,False
2021-04-18,0.0,0,0.0,0.0,8.047083333333333,1.62,13.14,6.110416666666667,74.16666666666667,2.9379166666666667,4.13,1022.9583333333334,48.958333333333336,0.0,0.0,,Clouds,0-10°C,False,False
2021-04-19,0.0,0,0.0,0.0,10.103333333333333,2.88,16.26,8.7475,69.79166666666667,2.012916666666667,2.71,1020.2916666666666,28.041666666666668,0.0,0.0,,Clear,10-15°C,False,False
2021-04-20,0.0,0,0.0,0.0,11.885,5.16,17.56,10.640416666666667,67.45833333333333,2.03,2.98,1016.5416666666666,39.041666666666664,0.0,0.0,,Clouds,10-15°C,False,False
2021-04-21,0.0,0,0.0,0.0,12.3575,5.87,17.94,11.464166666666666,70.29166666666667,2.775,4.94,1016.8333333333334,25.833333333333332,0.15,0.0,,Clouds,10-15°C,True,False
2021-04-22,0.0,0,0.0,0.0,10.957500000000001,5.25,16.78,8.94,64.125,4.6575,5.4,1022.6666666666666,11.166666666666666,0.0,0.0,,Clear,10-15°C,False,False
2021-04-23,0.0,0,0.0,0.0,11.615416666666667,3.96,18.2,9.710833333333333,55.458333333333336,4.07875,4.85,1025.2916666666667,0.0,0.0,0.0,,Clear,10-15°C,False,False
2021-04-24,0.0,0,0.0,0.0,12.288333333333334,4.69,18.71,10.551666666666668,55.666666666666664,4.357916666666667,5.08,1022.5833333333334,5.083333333333333,0.0,0.0,,Clear,10-15°C,False,False
2021-04-25,0.0,0,0.0,0.0,11.177083333333334,5.56,16.67,9.052916666666667,57.583333333333336,5.919583333333333,7.42,1021.3333333333334,37.208333333333336,0.0,0.0,,Clear,10-15°C,False,False
2021-04-26,0.0,0,0.0,0.0,11.217500000000001,3.95,17.54,9.0275,54.416666666666664,5.3125,6.52,1014.75,56.875,0.0,0.0,,Clouds,10-15°C,False,False
2021-04-27,0.0,0,0.0,0.0,11.753750000000002,3.53,18.44,9.98125,50.166666666666664,2.6741666666666664,3.46,1007.5416666666666,27.416666666666668,0.0,0.0,,Clear,10-15°C,False,False
2021-04-28,0.0,0,0.0,0.0,11.697916666666666,4.94,19.16,10.572083333333333,72.5,2.3787499999999997,4.1,1003.5416666666666,43.958333333333336,3.87,0.0,,Clouds,10-15°C,True,False
2021-04-29,0.0,0,0.0,0.0,9.022916666666665,5.78,12.68,7.489166666666667,80.04166666666667,3.049583333333333,3.78,1009.4583333333334,64.0,0.22999999999999998,0.0,,Clouds,0-10°C,True,False
2021-04-30,0.0,0,0.0,0.0,9.643333333333333,5.94,13.01,8.445,66.16666666666667,1.7591666666666665,2.71,1013.5416666666666,81.70833333333333,0.86,0.0,,Clouds,0-10°C,True,False
2021-05-01,0.0,0,0.0,0.0,8.78,6.86,10.95,7.920833333333333,78.125,1.9579166666666667,3.53,1014.7916666666666,98.45833333333333,4.24,0.0,,Rain,0-10°C,True,False
2021-05-02,0.0,0,0.0,0.0,8.221666666666666,3.67,12.6,6.765000000000001,79.5,2.4929166666666664,3.44,1020.9166666666666,48.25,0.7,0.0,,Clouds,0-10°C,True,False
2021-05-03,0.0,0,0.0,0.0,10.692916666666667,2.33,17.1,9.427916666666667,66.125,4.352083333333334,7.55,1018.9583333333334,74.875,0.25,0.0,,Clouds,10-15°C,True,False
2021-05-04,0.0,0,0.0,0.0,10.9125,7.4,14.07,9.215416666666668,79.33333333333333,6.996666666666666,9.29,1007.9166666666666,85.16666666666667,1.6600000000000001,0.0,,Clouds,10-15°C,True,False
2021-05-05,0.0,0,0.0,0.0,8.108333333333333,4.61,11.31,5.7941666666666665,77.95833333333333,4.600416666666667,7.27,1012.0,60.958333333333336,0.11,0.0,,Clouds,0-10°C,True,False
2021-05-06,0.0,0,0.0,0.0,7.9175,6.29,9.92,6.324166666666667,92.33333333333333,2.7175,4.86,1008.2916666666666,97.95833333333333,8.8,0.0,,Rain,0-10°C,True,False
2021-05-07,0.0,0,0.0,0.0,9.985833333333334,3.33,15.54,8.339166666666666,70.83333333333333,2.5991666666666666,4.29,1017.0,47.666666666666664,0.0,0.0,,Clouds,0-10°C,False,False
2021-05-08,0.0,0,0.0,0.0,14.59625,8.17,21.29,13.772916666666667,73.29166666666667,4.4437500000000005,6.63,1012.125,90.83333333333333,0.55,0.0,,Clouds,10-15°C,True,False
2021-05-09,0.0,0,0.0,0.0,18.691666666666666,13.53,26.75,18.62666666666667,76.5,5.109583333333333,7.48,1001.5833333333334,90.41666666666667,7.95,0.0,,Clouds,15-20°C,True,False
2021-05-10,0.0,0,0.0,0.0,14.525,10.79,18.74,14.186250000000001,82.45833333333333,4.5,6.93,1006.0,79.29166666666667,10.64,0.0,,Clouds,10-15°C,True,False
2021-05-11,0.0,0,0.0,0.0,12.081666666666665,8.16,14.88,11.415833333333333,85.95833333333333,2.9791666666666665,4.53,1010.375,80.5,3.38,0.0,,Clouds,10-15°C,True,False
2021-05-12,0.0,0,0.0,0.0,11.664583333333333,6.63,15.09,10.549999999999999,79.20833333333333,3.2566666666666664,4.53,1011.5833333333334,57.125,0.27,0.0,,Clouds,10-15°C,True,False
2021-05-13,0.0,0,0.0,0.0,11.666666666666666,8.38,16.13,10.66125,85.20833333333333,3.3333333333333335,5.17,1008.0833333333334,81.41666666666667,6.58,0.0,,Clouds,10-15°C,True,False
2021-05-14,0.0,0,0.0,0.0,10.457500000000001,7.62,13.1,9.544583333333334,91.20833333333333,3.6820833333333334,5.12,1009.0833333333334,65.41666666666667,2.2,0.0,,Clouds,10-15°C,True,False
2021-05-15,0.0,0,0.0,0.0,11.1925,8.9,14.5,10.131666666666666,91.375,5.18375,7.47,1005.4166666666666,71.5,5.61,0.0,,Clouds,10-15°C,True,False
2021-05-16,0.0,0,0.0,0.0,11.652916666666668,9.1,16.18,10.748333333333333,90.04166666666667,5.165,7.37,1003.7916666666666,60.125,5.98,0.0,,Rain,10-15°C,True,False
2021-05-17,0.0,0,0.0,0.0,12.08,9.48,15.37,11.495,88.04166666666667,5.695,7.51,1009.3333333333334,69.83333333333333,5.66,0.0,,Clouds,10-15°C,True,False
2021-05-18,0.0,0,0.0,0.0,11.74125,8.72,15.0,10.664166666666667,83.33333333333333,3.7108333333333334,5.41,1016.375,60.333333333333336,4.35,0.0,,Clouds,10-15°C,True,False
2021-05-19,0.0,0,0.0,0.0,10.934583333333334,8.31,13.41,9.970416666666667,88.95833333333333,4.19125,6.37,1019.7916666666666,67.75,7.07,0.0,,Rain,10-15°C,True,False
2021-05-20,0.0,0,0.0,0.0,12.330833333333333,5.07,16.8,11.442916666666667,76.54166666666667,4.350416666666667,7.01,1019.875,88.5,0.0,0.0,,Clouds,10-15°C,False,False
2021-05-21,0.0,0,0.0,0.0,13.347083333333332,10.37,17.45,12.599166666666667,71.29166666666667,7.383333333333333,8.82,1008.625,62.458333333333336,0.5900000000000001,0.0,,Clouds,10-15°C,True,False
2021-05-22,0.0,0,0.0,0.0,11.842916666666667,8.29,16.26,10.2575,75.95833333333333,6.7562500000000005,9.15,1009.5416666666666,57.333333333333336,1.3399999999999999,0.0,,Clouds,10-15°C,True,False
2021-05-23,0.0,0,0.0,0.0,12.610416666666666,8.04,17.29,11.339166666666666,75.20833333333333,5.269166666666667,6.76,1014.8333333333334,55.583333333333336,0.16,0.0,,Clouds,10-15°C,True,False
2021-05-24,0.0,0,0.0,0.0,10.775416666666667,8.56,13.1,9.23375,84.875,6.587083333333333,8.11,1010.0833333333334,86.79166666666667,8.620000000000001,0.0,,Rain,10-15°C,True,False
2021-05-25,0.0,0,0.0,0.0,11.07,6.96,14.66,9.282916666666667,80.16666666666667,6.070416666666667,8.42,1018.5833333333334,87.95833333333333,4.21,0.0,,Clouds,10-15°C,True,False
2021-05-26,0.0,0,0.0,0.0,11.762083333333335,9.33,14.95,10.716666666666667,87.125,4.674166666666667,7.63,1016.5,86.45833333333333,6.69,0.0,,Clouds,10-15°C,True,False
2021-05-27,0.0,0,0.0,0.0,13.493333333333332,6.12,19.49,12.824166666666665,77.5,1.42875,2.57,1020.75,30.375,0.0,0.0,,Clear,10-15°C,False,False
2021-05-28,0.0,0,0.0,0.0,15.149999999999999,8.26,21.14,14.379583333333334,73.20833333333333,2.8937500000000003,3.67,1021.625,28.958333333333332,0.0,0.0,,Clouds,15-20°C,False,False
2021-05-29,0.0,0,0.0,0.0,16.568749999999998,9.51,21.94,15.993749999999999,66.66666666666667,3.424166666666667,4.84,1023.4166666666666,60.125,0.0,0.0,,Clouds,15-20°C,False,False
2021-05-30,0.0,0,0.0,0.0,16.87125,10.18,22.22,16.26875,63.375,3.5870833333333336,4.47,1023.0416666666666,8.166666666666666,0.0,0.0,,Clear,15-20°C,False,False
2021-05-31,0.0,0,0.0,0.0,17.580833333333334,10.53,23.15,16.93916666666667,59.166666666666664,3.75625,4.49,1018.5,0.0,0.0,0.0,,Clear,15-20°C,False,False
2021-06-01,0.0,0,0.0,0.0,19.69333333333333,10.68,26.85,19.385833333333334,63.291666666666664,3.4745833333333334,4.17,1012.4166666666666,7.416666666666667,0.0,0.0,,Clear,15-20°C,False,False
2021-06-02,0.0,0,0.0,0.0,20.267083333333332,13.87,25.92,20.532083333333333,83.625,3.2112499999999997,5.38,1013.4166666666666,61.833333333333336,4.17,0.0,,Clouds,20-25°C,True,False
2021-06-03,0.0,0,0.0,0.0,20.679583333333333,16.51,25.4,20.95958333333333,82.625,1.6929166666666668,3.31,1019.1666666666666,61.0,2.6100000000000003,0.0,,Clouds,20-25°C,True,False
2021-06-04,0.0,0,0.0,0.0,17.6375,15.12,21.13,17.7775,88.91666666666667,2.9020833333333336,4.85,1020.7916666666666,89.75,2.57,0.0,,Clouds,15-20°C,True,False
2021-06-05,0.0,0,0.0,0.0,15.642083333333334,13.39,18.49,15.547083333333333,87.54166666666667,3.75125,5.42,1024.375,98.58333333333333,2.2800000000000002,0.0,,Clouds,15-20°C,True,False
2021-06-06,0.0,0,0.0,0.0,16.914166666666667,10.13,22.08,16.66875,76.875,2.62125,3.89,1024.3333333333333,69.75,0.0,0.0,,Clouds,15-20°C,False,False
2021-06-07,0.0,0,0.0,0.0,18.298750000000002,11.5,23.69,18.050833333333333,71.5,2.0279166666666666,2.71,1023.0416666666666,30.0,0.0,0.0,,Clouds,15-20°C,False,False
2021-06-08,0.0,0,0.0,0.0,19.050416666666667,12.38,24.38,18.935,73.70833333333333,2.120833333333333,2.68,1022.875,38.125,0.0,0.0,,Clear,15-20°C,False,False
2021-06-09,0.0,0,0.0,0.0,20.423333333333332,12.62,26.79,20.407083333333333,71.25,1.9495833333333332,2.47,1022.3333333333334,57.083333333333336,0.0,0.0,,Clouds,20-25°C,False,False
2021-06-10,0.0,0,0.0,0.0,21.156666666666666,16.24,26.63,21.21625,72.66666666666667,1.9041666666666668,3.83,1021.375,30.916666666666668,0.29,0.0,,Clouds,20-25°C,True,False
2021-06-11,0.0,0,0.0,0.0,21.160833333333333,14.28,26.68,21.267500000000002,73.125,2.63375,3.79,1021.0416666666666,15.208333333333334,0.0,0.0,,Clear,20-25°C,False,False
2021-06-12,0.0,0,0.0,0.0,19.377916666666668,14.79,23.45,19.36916666666667,76.5,2.857083333333333,3.99,1023.5833333333334,51.083333333333336,0.0,0.0,,Clouds,15-20°C,False,False
2021-06-13,0.0,0,0.0,0.0,19.794583333333332,13.14,25.98,19.375833333333333,58.416666666666664,3.155,4.09,1025.25,0.4166666666666667,0.0,0.0,,Clear,15-20°C,False,False
2021-06-14,0.0,0,0.0,0.0,22.170833333333334,12.11,30.19,21.678749999999997,56.083333333333336,1.91875,2.96,1020.2083333333334,0.0,0.0,0.0,,Clear,20-25°C,False,False
2021-06-15,7.437258687258687,60,9.938046709221151,89944.4298,23.045416666666668,15.77,29.07,23.28708333333333,68.75,2.04625,2.8,1018.3333333333334,63.333333333333336,0.0,0.0,,Clouds,20-25°C,False,False
2021-06-16,6.556467181467181,65,9.563263479202838,87507.668,25.22791666666667,16.39,31.54,25.817083333333333,67.08333333333333,2.3433333333333333,5.45,1011.9583333333334,28.25,0.0,0.0,,Clear,25-30°C,False,False
2021-06-17,8.354247104247104,70,11.072126090281557,129594.4998,22.920833333333334,18.6,28.04,23.575416666666666,80.04166666666667,3.3829166666666666,6.85,1010.7916666666666,92.95833333333333,3.86,0.0,,Clouds,20-25°C,True,False
2021-06-18,8.991312741312742,60,11.585798672030707,156820.1454,21.81833333333333,17.93,25.38,22.243333333333336,83.75,4.5375000000000005,8.49,1012.0,62.208333333333336,0.0,0.0,,Clouds,20-25°C,False,False
2021-06-19,11.667471042471043,60,13.537934034336288,162808.6855,20.390833333333333,15.96,26.57,20.647916666666667,84.875,2.1062499999999997,4.92,1012.0833333333334,93.79166666666667,10.409999999999998,0.0,,Clouds,20-25°C,True,False
2021-06-20,8.967181467181467,60,11.044875067350867,154118.8406,19.792083333333334,16.6,24.29,20.047916666666666,85.08333333333333,2.54625,4.18,1007.7083333333334,90.25,1.84,0.0,,Clouds,15-20°C,True,False
2021-06-21,8.375965250965251,65,10.748431955743218,156924.4663,19.504166666666666,15.43,24.84,19.677083333333332,83.0,2.10125,4.45,1007.875,80.5,5.32,0.0,,Clouds,15-20°C,True,False
2021-06-22,7.678571428571429,55,9.716749654046621,141239.47,15.091666666666667,13.23,17.83,15.089166666666666,93.16666666666667,3.7875,6.65,1013.6666666666666,99.70833333333333,3.41,0.0,,Clouds,15-20°C,True,False
2021-06-23,10.51399613899614,60,12.316790526785748,170952.9996,14.319166666666668,12.91,16.32,14.12625,88.83333333333333,4.071666666666666,5.08,1020.125,83.16666666666667,0.0,0.0,,Clouds,10-15°C,False,False
2021-06-24,10.88561776061776,60,12.83178490010197,162971.9993,15.208333333333334,11.67,19.89,14.945833333333333,82.75,3.2095833333333332,4.94,1021.25,71.16666666666667,0.25,0.0,,Clouds,15-20°C,True,False
2021-06-25,10.576737451737452,60,12.332622485738703,170280.9989,15.928333333333333,8.62,20.94,15.780000000000001,85.41666666666667,2.00125,3.32,1019.625,64.08333333333333,0.35,0.0,,Clouds,15-20°C,True,False
2021-06-26,11.737451737451737,60,13.600763565088535,174575.8664,18.16125,14.76,22.42,18.299166666666668,86.75,2.267916666666667,4.49,1016.7916666666666,89.91666666666667,4.61,0.0,,Clouds,15-20°C,True,False
2021-06-27,9.577702702702704,65,12.089827359170044,165160.9996,18.924583333333334,16.44,22.6,19.205000000000002,89.29166666666667,2.216666666666667,3.58,1013.25,96.375,6.83,0.0,,Rain,15-20°C,True,False
2021-06-28,11.718146718146718,75,13.817172040899731,173846.1671,18.794999999999998,14.67,24.15,18.985,86.375,2.8120833333333333,5.21,1013.7083333333334,86.125,10.67,0.0,,Clouds,15-20°C,True,False
2021-06-29,10.663610038610038,65,12.986315573564378,174100.1671,14.96375,12.29,17.86,14.94625,93.04166666666667,1.9654166666666668,3.22,1014.125,93.58333333333333,3.38,0.0,,Clouds,10-15°C,True,False
2021-06-30,12.200772200772201,300,15.63966034616323,178274.5,15.00875,13.49,16.62,14.951666666666666,91.375,3.51375,5.37,1016.1666666666666,98.83333333333333,2.86,0.0,,Clouds,15-20°C,True,False
2021-07-01,8.607625482625483,60,10.988295417146958,165164.3334,17.40875,12.76,21.92,17.377916666666668,83.20833333333333,2.5220833333333332,4.12,1018.25,69.08333333333333,0.0,0.0,,Clouds,15-20°C,False,False
2021-07-02,9.746621621621621,70,12.292546534974381,166574.5847,20.384583333333335,12.93,25.52,20.467916666666667,76.20833333333333,1.6658333333333333,3.99,1017.0833333333334,73.54166666666667,0.12,0.0,,Clouds,20-25°C,True,False
2021-07-03,15.095401174168298,75,16.234581099636788,193993.8375,20.159583333333334,17.08,23.0,20.382083333333334,82.375,2.7954166666666667,4.1,1014.0833333333334,92.54166666666667,0.31,0.0,,Clouds,20-25°C,True,False
2021-07-04,12.21042471042471,70,14.457454437429844,171516.1673,17.826249999999998,15.62,21.07,18.099166666666665,93.25,3.6425,5.27,1011.125,90.04166666666667,3.2600000000000002,0.0,,Clouds,15-20°C,True,False
2021-07-05,9.563223938223938,55,11.979979227877763,177532.1668,18.142083333333336,14.24,22.03,18.338333333333335,89.08333333333333,3.9637499999999997,6.57,1008.0833333333334,93.04166666666667,7.45,0.0,,Clouds,15-20°C,True,False
2021-07-06,10.125482625482626,210,13.779272856804766,171114.4347,18.61,15.86,21.99,18.509166666666665,75.95833333333333,6.202500000000001,9.05,1008.4583333333334,68.66666666666667,2.48,0.0,,Clouds,15-20°C,True,False
2021-07-07,10.265444015444016,55,11.918846904638764,172129.3325,17.586666666666666,13.29,22.06,17.517083333333336,81.04166666666667,3.3745833333333333,4.78,1015.7916666666666,75.375,0.77,0.0,,Clouds,15-20°C,True,False
2021-07-08,11.228281853281853,65,13.224631750139501,177693.907,17.957916666666666,11.74,22.54,17.905416666666667,80.29166666666667,2.4758333333333336,4.14,1021.25,44.041666666666664,1.22,0.0,,Clouds,15-20°C,True,False
2021-07-09,12.150096525096526,65,13.918371394650572,182747.1667,18.119583333333335,13.41,21.91,18.14125,82.5,1.5545833333333334,2.63,1022.2083333333334,65.04166666666667,0.11,0.0,,Clouds,15-20°C,True,False
2021-07-10,15.118243243243244,70,16.50389577533475,192344.6666,16.973333333333333,14.88,19.06,17.04,88.625,2.0920833333333335,4.5,1016.7083333333334,77.125,6.35,0.0,,Clouds,15-20°C,True,False
2021-07-11,16.508204633204635,205,18.237288099367493,190025.8315,18.421666666666667,13.24,23.71,18.49416666666667,83.29166666666667,1.8316666666666668,2.55,1015.8333333333334,60.708333333333336,0.0,0.0,,Clouds,15-20°C,False,False
2021-07-12,11.930501930501931,65,13.411872200543243,184984.0854,17.56125,15.26,20.92,17.81083333333333,93.33333333333333,2.4995833333333333,4.61,1009.75,87.54166666666667,16.08,0.0,,Clouds,15-20°C,True,False
2021-07-13,10.627413127413128,100,13.586363113186069,147986.4886,16.427916666666665,15.21,18.19,16.64,96.29166666666667,2.6799999999999997,4.57,1011.75,99.83333333333333,21.62,0.0,,Rain,15-20°C,True,False
2021-07-14,12.833011583011583,70,14.919229212444057,202247.4792,16.794166666666666,14.53,19.71,16.910416666666666,91.16666666666667,4.8325000000000005,6.12,1015.7083333333334,99.04166666666667,18.47,0.0,,Rain,15-20°C,True,False
2021-07-15,14.616312741312742,80,16.290754616130783,211651.8142,19.69333333333333,16.19,23.69,19.785416666666666,79.16666666666667,5.539583333333333,7.03,1018.4166666666666,89.29166666666667,1.07,0.0,,Clouds,15-20°C,True,False
2021-07-16,15.625,105,17.284447127577877,199480.9993,17.164166666666667,15.14,19.76,17.193749999999998,86.45833333333333,4.105833333333334,4.81,1023.25,86.04166666666667,0.16,0.0,,Clouds,15-20°C,True,False
2021-07-17,16.50337837837838,80,17.179737994574214,212181.5006,18.720833333333335,13.25,24.91,18.84875,84.25,3.57625,4.55,1024.7083333333333,57.916666666666664,0.0,0.0,,Clouds,15-20°C,False,False
2021-07-18,15.434362934362934,90,16.63159300054903,207506.333,22.69125,15.76,28.74,22.954583333333332,71.04166666666667,4.57625,6.06,1022.1666666666666,0.0,0.0,0.0,,Clear,20-25°C,False,False
2021-07-19,15.97007722007722,80,16.404180091518167,208397.5006,23.433333333333334,16.94,28.73,23.76291666666667,70.0,3.7445833333333334,5.13,1019.9166666666666,8.625,0.0,0.0,,Clear,20-25°C,False,False
2021-07-20,15.668436293436294,80,16.363643082655763,215608.6656,22.42625,16.04,28.07,22.701666666666668,71.625,2.75375,3.54,1019.5416666666666,0.16666666666666666,0.0,0.0,,Clear,20-25°C,False,False
2021-07-21,13.742760617760618,75,15.006837189697274,203462.167,22.63208333333333,15.38,28.57,22.849999999999998,70.125,2.4829166666666667,3.38,1021.4166666666666,1.5,0.0,0.0,,Clear,20-25°C,False,False
2021-07-22,14.022683397683398,80,15.748597293009839,207169.8311,22.34875,15.24,28.08,22.516666666666666,69.66666666666667,3.189583333333333,3.92,1020.5833333333334,15.125,0.0,0.0,,Clear,20-25°C,False,False
2021-07-23,11.882239382239382,75,13.409734826839609,190237.6669,23.099999999999998,15.63,28.66,23.339583333333334,67.5,3.964166666666667,5.6,1012.875,64.16666666666667,0.0,0.0,,Clouds,20-25°C,False,False
2021-07-24,13.477316602316602,80,14.689296744929731,206622.1658,21.218333333333334,17.44,25.25,21.50916666666667,80.95833333333333,3.4379166666666667,5.24,1008.7083333333334,84.75,3.6100000000000003,0.0,,Clouds,20-25°C,True,False
2021-07-25,11.078667953667953,85,12.83393499880775,187167.1675,18.462500000000002,16.22,21.8,18.791666666666668,92.95833333333333,3.7412500000000004,5.53,1008.0833333333334,79.375,9.440000000000001,0.0,,Rain,15-20°C,True,False
2021-07-26,11.611969111969112,80,13.279595977366085,186048.0001,18.383333333333333,15.57,23.32,18.68166666666667,92.08333333333333,2.6483333333333334,3.94,1012.2916666666666,81.08333333333333,0.6,0.0,,Clouds,15-20°C,True,False
2021-07-27,11.358590733590734,75,13.569759443675432,193948.668,17.275833333333335,16.24,18.67,17.55666666666667,95.66666666666667,3.78875,5.42,1012.75,88.75,3.03,0.0,,Clouds,15-20°C,True,False
2021-07-28,14.700772200772201,70,16.182870908685068,215183.6666,18.34541666666667,15.17,21.89,18.439583333333335,84.41666666666667,4.72875,6.72,1013.2916666666666,53.75,0.15,0.0,,Clouds,15-20°C,True,False
2021-07-29,16.22104247104247,80,16.783346384468857,212459.6659,17.789583333333333,12.53,22.32,17.673750000000002,78.54166666666667,3.3404166666666666,4.36,1014.2916666666666,53.666666666666664,0.0,0.0,,Clouds,15-20°C,False,False
2021-07-30,12.101833976833976,70,13.530934799130959,201870.6659,18.027916666666666,13.32,22.74,17.94875,78.95833333333333,5.005,7.24,1010.375,38.166666666666664,0.1,0.0,,Clouds,15-20°C,True,False
2021-07-31,14.763513513513514,80,15.40353890906382,224035.332,17.772916666666667,12.88,22.55,17.701666666666664,80.29166666666667,3.5566666666666666,4.81,1012.0833333333334,62.416666666666664,0.0,0.0,,Clouds,15-20°C,False,False
2021-08-01,13.305984555984557,75,14.737425067829571,212405.3333,17.52958333333333,12.06,22.66,17.488333333333333,82.375,2.3091666666666666,3.67,1012.5416666666666,42.0,0.19,0.0,,Clouds,15-20°C,True,False
2021-08-02,12.22007722007722,205,14.109450839340173,211059.4659,17.50125,13.6,21.86,17.57,86.66666666666667,2.15625,4.4,1015.0416666666666,52.666666666666664,4.7700000000000005,0.0,,Clouds,15-20°C,True,False
2021-08-03,15.844594594594595,80,16.81297065827716,201120.6593,16.343333333333334,13.76,19.52,16.357916666666664,89.04166666666667,2.21125,3.7,1013.4583333333334,95.54166666666667,3.06,0.0,,Clouds,15-20°C,True,False
2021-08-04,14.886583011583012,80,16.149027519185616,224505.5012,16.173750000000002,10.46,20.03,16.11375,86.83333333333333,1.2775,2.01,1012.5833333333334,76.875,6.02,0.0,,Rain,15-20°C,True,False
2021-08-05,16.961872586872587,95,17.817953661596498,219932.7647,18.323333333333334,15.4,23.11,18.4875,87.16666666666667,3.750833333333333,6.54,1008.625,78.95833333333333,1.26,0.0,,Clouds,15-20°C,True,False
2021-08-06,13.305984555984557,90,15.17170365792436,216403.6672,18.17625,15.82,21.96,18.270833333333332,85.125,5.872916666666666,7.48,1005.9166666666666,73.875,1.71,0.0,,Clouds,15-20°C,True,False
2021-08-07,12.980212355212355,75,14.291106537897253,203413.3329,16.714166666666667,13.69,21.24,16.545833333333334,80.58333333333333,4.9675,6.48,1004.3333333333334,75.08333333333333,12.38,0.0,,Clouds,15-20°C,True,False
2021-08-08,14.963803088803088,75,16.12619663408122,216791.3317,16.766666666666666,13.02,21.21,16.47458333333333,75.70833333333333,4.934166666666667,6.78,1012.7083333333334,75.95833333333333,0.32999999999999996,0.0,,Clouds,15-20°C,True,False
2021-08-09,15.441602316602317,70,15.779610426286323,225934.0007,17.545416666666664,12.97,21.56,17.3075,74.70833333333333,4.008333333333334,5.97,1017.2083333333334,67.625,0.22,0.0,,Clouds,15-20°C,True,False
2021-08-10,16.481660231660232,75,16.565298896111983,231873.3379,19.69625,15.26,23.88,19.798750000000002,79.54166666666667,2.5437499999999997,4.3,1017.7083333333334,59.125,4.81,0.0,,Clouds,15-20°C,True,False
2021-08-11,17.88368725868726,95,18.383423250978,219741.1662,20.7525,15.43,26.18,20.853333333333335,75.79166666666667,1.5608333333333333,2.63,1019.1666666666666,51.708333333333336,0.0,0.0,,Clouds,20-25°C,False,False
2021-08-12,17.224903474903474,120,18.376832282578132,221450.9993,22.776666666666667,14.96,29.81,23.180833333333336,71.125,1.6370833333333332,2.83,1018.5416666666666,55.25,0.0,0.0,,Clouds,20-25°C,False,False
2021-08-13,16.43822393822394,145,17.854691296305855,221083.9994,22.0625,15.76,28.21,22.253333333333334,70.20833333333333,2.51625,3.5,1022.4166666666666,38.5,0.0,0.0,,Clouds,20-25°C,False,False
2021-08-14,14.884169884169884,75,15.684482589352555,224450.1765,21.899583333333336,14.32,29.29,21.84583333333333,64.04166666666667,2.3241666666666667,3.06,1020.5416666666666,3.125,0.0,0.0,,Clear,20-25°C,False,False
2021-08-15,13.178088803088803,75,14.83284109355468,224631.3335,22.506249999999998,15.13,29.79,22.645416666666666,65.5,3.25125,6.56,1014.6666666666666,38.458333333333336,0.0,0.0,,Clouds,20-25°C,False,False
2021-08-16,16.03281853281853,75,16.49429277149392,223401.667,17.858333333333334,14.96,20.65,17.689583333333335,76.16666666666667,4.1125,6.47,1017.9583333333334,91.83333333333333,2.39,0.0,,Clouds,15-20°C,True,False
2021-08-17,17.338320463320464,90,18.135519639654557,227014.6657,15.979166666666666,11.91,19.0,15.7475,80.95833333333333,3.436666666666667,5.18,1021.7083333333334,90.16666666666667,0.58,0.0,,Clouds,15-20°C,True,False
2021-08-18,16.47200772200772,200,17.93693518599738,219696.667,17.638333333333332,14.89,20.22,17.654166666666665,84.125,2.8420833333333335,4.04,1019.375,91.625,0.49,0.0,,Clouds,15-20°C,True,False
2021-08-19,17.104247104247104,80,17.362628835238258,224502.0005,17.31083333333333,15.92,18.99,17.264583333333334,83.0,2.3491666666666666,3.66,1017.0,91.45833333333333,0.12,0.0,,Clouds,15-20°C,True,False
2021-08-20,16.41650579150579,85,16.70269403931289,226887.2997,18.685,14.82,23.82,18.52,73.16666666666667,1.4179166666666667,2.71,1017.5416666666666,79.0,0.0,0.0,,Clouds,15-20°C,False,False
2021-08-21,17.002895752895753,80,17.498540776928124,218971.9997,20.0075,13.45,26.4,19.987916666666667,74.33333333333333,3.7604166666666665,5.5,1016.4583333333334,65.95833333333333,1.04,0.0,,Clouds,20-25°C,True,False
2021-08-22,15.313706563706564,100,16.52436403691606,221800.132,18.417916666666667,15.73,22.05,18.31083333333333,76.41666666666667,3.6508333333333334,5.5,1020.0833333333334,69.08333333333333,0.32,0.0,,Clouds,15-20°C,True,False
2021-08-23,14.481177606177607,90,14.950703897920123,223314.1658,17.72041666666667,15.51,20.04,17.715416666666666,83.0,3.86,5.39,1023.5,64.83333333333333,1.1600000000000001,0.0,,Clouds,15-20°C,True,False
2021-08-24,16.82673745173745,100,17.816067579591373,227668.1658,18.461666666666666,14.35,23.06,18.131666666666668,67.70833333333333,5.001666666666666,6.71,1023.3333333333334,40.333333333333336,0.0,0.0,,Clouds,15-20°C,False,False
2021-08-25,16.73503861003861,80,17.184593509264705,226705.1658,18.232916666666668,12.09,24.09,17.8175,65.33333333333333,4.3637500000000005,5.56,1020.4166666666666,23.208333333333332,0.0,0.0,,Clouds,15-20°C,False,False
2021-08-26,16.67712355212355,115,17.50832037364838,221830.3334,16.530416666666667,12.3,21.06,16.294583333333332,78.75,3.9133333333333336,4.86,1018.4583333333334,76.70833333333333,0.29000000000000004,0.0,,Clouds,15-20°C,True,False
2021-08-27,15.673262548262548,90,17.287522242221794,221415.8326,16.745416666666667,12.98,21.27,16.327916666666667,70.91666666666667,3.5270833333333336,4.24,1019.5833333333334,61.875,0.0,0.0,,Clouds,15-20°C,False,False
2021-08-28,17.058397683397683,90,17.388618214207625,227731.3329,16.124166666666667,11.42,20.96,15.840416666666668,78.45833333333333,3.750833333333333,4.38,1021.3333333333334,49.208333333333336,0.85,0.0,,Clouds,15-20°C,True,False
2021-08-29,17.541023166023166,95,18.152161634613133,216051.5004,15.792499999999999,12.88,18.5,15.46375,78.0,3.827083333333334,4.94,1021.25,57.5,0.65,0.0,,Clouds,15-20°C,True,False
2021-08-30,15.217181467181467,80,16.606798017263145,209085.0002,17.744583333333335,14.62,21.28,17.660833333333333,79.91666666666667,4.59125,5.69,1020.625,56.625,0.5800000000000001,0.0,,Clouds,15-20°C,True,False
2021-08-31,14.099903474903474,75,16.006341089856722,205262.6663,18.351666666666667,15.23,22.67,18.132916666666667,72.41666666666667,4.628333333333333,5.59,1024.0416666666667,52.958333333333336,0.18,0.0,,Clouds,15-20°C,True,False
2021-09-01,14.88899613899614,75,16.53865245909437,203946.5001,17.277083333333334,13.84,22.52,16.96708333333333,73.04166666666667,5.1475,6.13,1025.5833333333333,19.125,0.0,0.0,,Clear,15-20°C,False,False
2021-09-02,11.788127413127413,75,14.227237496656512,198607.5019,17.873333333333335,11.25,24.87,17.470000000000002,67.125,4.3625,5.18,1022.2916666666666,0.2916666666666667,0.0,0.0,,Clear,15-20°C,False,False
2021-09-03,10.330598455598455,70,12.672728183874359,198793.1674,20.230416666666667,12.48,27.81,20.10375,67.66666666666667,2.151666666666667,3.12,1017.5416666666666,20.333333333333332,0.0,0.0,,Clear,20-25°C,False,False
2021-09-04,15.16891891891892,70,15.805140054370929,215296.6668,21.245833333333334,16.86,26.47,21.37291666666667,74.91666666666667,1.7066666666666668,2.33,1015.3333333333334,47.083333333333336,5.38,0.0,,Clouds,20-25°C,True,False
2021-09-05,14.770752895752896,85,16.517349753823744,207025.3335,22.011666666666667,17.08,28.21,22.047083333333333,68.79166666666667,2.009583333333333,3.15,1018.5,40.208333333333336,0.45,0.0,,Clouds,20-25°C,True,False
2021-09-06,10.178571428571429,70,13.238953260139441,178287.4996,22.209166666666665,15.56,28.85,21.991666666666664,60.208333333333336,2.4970833333333333,3.17,1022.0,36.541666666666664,0.0,0.0,,Clouds,20-25°C,False,False
2021-09-07,10.538127413127413,300,15.65139591465989,188386.999,22.22875,14.73,29.25,21.756249999999998,54.875,3.6220833333333338,5.06,1019.625,33.208333333333336,0.0,0.0,,Clear,20-25°C,False,False
2021-09-08,10.958011583011583,75,14.208106088184179,191131.0677,22.910416666666666,15.89,30.01,22.86125,62.375,3.264583333333333,4.78,1012.0833333333334,61.416666666666664,3.49,0.0,,Clouds,20-25°C,True,False
2021-09-09,9.647683397683398,75,13.484845095971304,184712.1996,21.39125,18.98,25.39,21.80125,84.83333333333333,2.8091666666666666,3.84,1011.5,93.83333333333333,4.239999999999999,0.0,,Clouds,20-25°C,True,False
2021-09-10,9.191602316602317,80,12.539092591299683,176399.0706,19.704166666666666,17.12,23.04,19.91541666666667,83.66666666666667,2.935833333333333,4.13,1014.3333333333334,74.45833333333333,2.74,0.0,,Clouds,15-20°C,True,False
2021-09-11,17.027027027027028,80,18.336630197365153,225520.8657,17.460416666666667,13.49,21.47,17.26875,76.875,2.5745833333333334,3.7,1019.1666666666666,62.916666666666664,0.0,0.0,,Clouds,15-20°C,False,False
2021-09-12,13.781370656370656,95,17.18614481468085,208656.1667,16.982499999999998,12.19,21.92,16.607499999999998,71.625,1.87375,3.58,1018.375,65.66666666666667,0.0,0.0,,Clouds,15-20°C,False,False
2021-09-13,8.677606177606178,75,11.587565575499864,174633.5087,18.9075,12.3,25.34,18.6925,70.375,2.5558333333333336,4.01,1015.25,75.58333333333333,0.0,0.0,,Clouds,15-20°C,False,False
2021-09-14,6.911196911196911,60,9.762551757545964,153707.8997,20.00875,16.75,24.86,20.315,86.16666666666667,3.2866666666666666,7.14,1011.6666666666666,98.41666666666667,24.189999999999998,0.0,,Clouds,20-25°C,True,False
2021-09-15,7.524131274131274,60,9.824603607208317,133858.9013,18.8525,16.61,20.93,19.290833333333335,95.625,2.8125,4.41,1012.625,93.625,7.55,0.0,,Rain,15-20°C,True,False
2021-09-16,9.13127413127413,80,11.474707000259844,179767.6678,17.132916666666667,13.79,20.88,17.029166666666665,81.5,2.1591666666666667,3.05,1018.1666666666666,57.291666666666664,0.0,0.0,,Clouds,15-20°C,False,False
2021-09-17,9.92519305019305,65,12.233906641604305,178481.5667,16.829166666666666,11.42,22.47,16.562916666666666,76.375,1.87,2.61,1015.9166666666666,23.916666666666668,0.0,0.0,,Clouds,15-20°C,False,False
2021-09-18,17.847490347490346,90,18.512394310165003,225310.1003,18.142083333333336,13.18,23.77,17.982916666666664,75.5,1.9754166666666666,2.74,1013.5416666666666,55.208333333333336,0.0,0.0,,Clouds,15-20°C,False,False
2021-09-19,15.294401544401545,90,18.131852707232426,204198.4003,17.461666666666666,13.72,21.86,17.515833333333333,86.25,1.9437499999999999,4.23,1013.3333333333334,99.91666666666667,3.17,0.0,,Rain,15-20°C,True,False
2021-09-20,8.458011583011583,70,10.487820233650384,162909.1996,15.983333333333334,13.87,19.73,15.99,90.08333333333333,2.544166666666667,3.45,1020.0,86.29166666666667,7.08,0.0,,Rain,15-20°C,True,False
2021-09-21,8.028474903474903,60,10.951173845098058,165281.8995,13.705416666666666,10.0,17.87,13.137916666666667,79.04166666666667,3.4158333333333335,4.54,1028.1666666666667,52.416666666666664,0.0,0.0,,Clouds,10-15°C,False,False
2021-09-22,8.597972972972974,55,10.767327931766133,171393.6663,14.247083333333334,8.83,20.38,13.504166666666668,74.08333333333333,2.415,3.06,1027.125,45.541666666666664,0.0,0.0,,Clouds,10-15°C,False,False
2021-09-23,8.40492277992278,60,10.644450720371106,171219.6664,15.212083333333332,8.93,22.12,14.879583333333334,78.54166666666667,1.8041666666666665,2.71,1021.7916666666666,22.916666666666668,0.0,0.0,,Clear,15-20°C,False,False
2021-09-24,9.84073359073359,60,11.916688144879807,181974.8362,15.815,11.8,22.01,15.754583333333334,88.16666666666667,1.7179166666666665,2.51,1018.7916666666666,37.25,0.0,0.0,,Clouds,15-20°C,False,False
2021-09-25,20.183397683397683,80,21.226063678314475,213764.8334,17.06375,9.61,23.96,17.066666666666666,86.125,1.9754166666666666,3.35,1014.8333333333334,58.541666666666664,2.12,0.0,,Clouds,15-20°C,True,False
2021-09-26,19.56081081081081,115,22.402213471872,206426.8328,17.219166666666666,14.78,20.99,17.469166666666666,94.70833333333333,3.37875,6.24,1015.375,81.54166666666667,4.29,0.0,,Clouds,15-20°C,True,False
2021-09-27,13.042953667953668,90,16.51768695047501,187724.4994,15.297083333333333,10.97,17.94,15.280833333333334,91.83333333333333,3.875,6.94,1017.625,79.16666666666667,1.47,0.0,,Clouds,15-20°C,True,False
2021-09-28,8.84411196911197,65,11.271348072923068,161879.8332,13.277500000000002,8.71,18.68,13.066666666666668,88.95833333333333,2.5466666666666664,5.27,1021.2083333333334,87.45833333333333,0.0,0.0,,Clouds,10-15°C,False,False
2021-09-29,6.5492277992278,45,8.336448182969127,149214.3354,12.884166666666667,7.94,15.58,12.343333333333334,84.0,4.47,6.44,1022.625,60.916666666666664,7.0,0.0,,Clouds,10-15°C,True,False
2021-09-30,6.74469111969112,45,8.414019410910779,157790.6674,11.594166666666666,5.22,17.74,10.837083333333332,79.91666666666667,2.4283333333333332,3.75,1026.625,59.666666666666664,0.0,0.0,,Clouds,10-15°C,False,False
2021-10-01,7.767857142857143,60,10.362836584596462,162112.1645,12.443333333333333,8.44,16.88,11.6625,87.04166666666667,4.60375,6.08,1017.625,79.16666666666667,2.0,0.0,,Clouds,10-15°C,True,False
2021-10-02,14.63561776061776,75,15.523224317008685,218122.2337,14.824583333333335,12.45,17.07,14.720416666666667,90.29166666666667,6.344166666666666,10.71,1006.9583333333334,97.875,14.0,0.0,,Clouds,10-15°C,True,False
2021-10-03,11.428571428571429,80,14.48656829019137,195939.1661,14.345416666666667,11.3,16.49,14.259166666666667,92.83333333333333,6.2995833333333335,9.99,1003.5416666666666,93.5,19.0,0.0,,Clouds,10-15°C,True,False
2021-10-04,9.727316602316602,75,12.73965688309312,175507.332,13.331666666666665,8.63,17.99,12.598333333333334,87.20833333333333,4.28625,5.62,1015.1666666666666,47.041666666666664,0.0,0.0,,Clouds,10-15°C,False,False
2021-10-05,6.751930501930502,60,10.045538328435168,148044.6676,12.6975,10.13,16.72,12.369583333333333,89.875,6.122916666666666,8.92,1009.6666666666666,59.541666666666664,10.0,0.0,,Clouds,10-15°C,True,False
2021-10-06,7.623069498069498,55,10.064222006486338,162506.9985,12.08,8.86,16.6,10.898333333333333,85.25,4.68375,6.95,1021.5,27.916666666666668,0.0,0.0,,Clouds,10-15°C,False,False
2021-10-07,7.980212355212355,220,11.311236870031843,163419.4996,11.9525,7.43,17.87,11.484166666666667,88.54166666666667,1.8991666666666667,2.81,1027.4166666666667,43.125,0.0,0.0,,Clouds,10-15°C,False,False
2021-10-08,8.721042471042471,65,11.773263594189295,181998.4985,12.565416666666666,7.71,18.54,11.768749999999999,86.95833333333333,3.4949999999999997,5.14,1027.3333333333333,0.9583333333333334,0.0,0.0,,Clear,10-15°C,False,False
2021-10-09,20.55019305019305,300,21.64106005737574,219699.8332,12.124583333333334,7.74,17.75,11.247083333333334,86.79166666666667,3.1345833333333335,4.32,1025.875,0.9583333333333334,0.0,0.0,,Clear,10-15°C,False,False
2021-10-10,18.655888030888033,110,20.466335941943086,208157.6663,10.84875,5.53,17.27,9.925416666666667,87.04166666666667,2.3054166666666664,3.12,1026.875,20.041666666666668,0.0,0.0,,Clear,10-15°C,False,False
2021-10-11,13.798262548262548,90,17.7113733077025,185255.9991,11.784166666666666,7.87,15.82,11.137083333333335,88.625,2.8508333333333336,4.26,1028.2916666666667,86.41666666666667,0.0,0.0,,Clouds,10-15°C,False,False
2021-10-12,12.039092664092664,120,16.306158148846265,189095.0007,10.619583333333333,5.3,15.31,9.847916666666666,90.41666666666667,2.9266666666666663,3.86,1024.6666666666667,75.375,0.0,0.0,,Clouds,10-15°C,False,False
2021-10-13,11.481660231660232,120,15.326816381130172,184897.1671,9.751666666666667,5.77,14.46,8.80625,84.45833333333333,2.09125,3.62,1027.375,65.58333333333333,0.0,0.0,,Clouds,0-10°C,False,False
2021-10-14,11.204150579150578,75,14.74506758251879,187518.1703,9.970833333333333,4.62,16.59,9.348333333333333,83.25,1.4658333333333333,2.59,1026.0416666666667,3.5,0.0,0.0,,Clear,0-10°C,False,False
2021-10-15,12.664092664092664,80,16.456990878222975,184954.1596,11.11875,5.85,16.99,10.726666666666667,88.54166666666667,1.3333333333333333,2.52,1020.0416666666666,84.16666666666667,0.0,0.0,,Clouds,10-15°C,False,False
2021-10-16,18.643822393822393,120,20.26012799912949,225379.3063,11.034166666666666,6.91,16.95,10.217083333333333,84.83333333333333,1.8516666666666666,2.51,1021.125,59.333333333333336,0.0,0.0,,Clouds,10-15°C,False,False
2021-10-17,15.90492277992278,110,18.60058551888649,206667.0001,9.560416666666667,4.56,15.76,8.278333333333334,83.54166666666667,2.747916666666667,3.52,1020.1666666666666,72.66666666666667,0.0,0.0,,Clouds,0-10°C,False,False
2021-10-18,15.053088803088803,80,18.754611990092425,190874.3204,12.081666666666665,5.99,18.15,11.482916666666666,92.0,3.1783333333333332,5.05,1021.2916666666666,88.83333333333333,4.0,0.0,,Clouds,10-15°C,True,False
2021-10-19,15.265444015444016,120,19.663440596313364,198015.7291,17.698333333333334,14.8,23.03,17.62333333333333,80.41666666666667,4.627916666666667,6.12,1019.4166666666666,53.0,4.0,0.0,,Clouds,15-20°C,True,False
2021-10-20,11.887065637065637,90,16.628870970783066,194829.4369,16.214166666666667,13.59,18.63,16.15458333333333,86.70833333333333,7.3975,11.53,1008.0,86.29166666666667,9.0,0.0,,Clouds,15-20°C,True,False
2021-10-21,10.6515444015444,105,16.298169553236725,166558.3327,10.350416666666666,4.03,14.11,9.527083333333334,87.125,6.837083333333333,13.78,1010.8333333333334,47.958333333333336,4.0,0.0,,Clouds,10-15°C,True,False
2021-10-22,16.22104247104247,120,21.433543688570516,178509.5,7.711666666666667,3.01,13.04,6.245833333333334,90.125,2.845833333333333,4.43,1023.4166666666666,47.291666666666664,0.0,0.0,,Clouds,0-10°C,False,False
2021-10-23,19.17712355212355,100,21.467435678701918,225473.6665,9.633750000000001,6.0,14.35,8.764166666666666,88.25,1.83375,3.31,1027.0416666666667,59.041666666666664,0.0,0.0,,Clouds,0-10°C,False,False
2021-10-24,18.402509652509654,135,22.120912485008162,229101.4998,7.6175,2.74,14.63,5.791666666666667,88.20833333333333,2.908333333333333,3.7,1022.4583333333334,1.2916666666666667,0.0,0.0,,Clear,0-10°C,False,False
2021-10-25,18.465250965250966,135,20.662254897173703,224378.1663,9.569583333333332,5.63,13.47,8.434166666666668,93.91666666666667,3.408333333333333,4.82,1020.0,72.70833333333333,0.7,0.0,,Clouds,0-10°C,True,False
2021-10-26,21.82673745173745,155,24.182039365668672,233547.7495,11.365416666666667,8.19,14.79,10.677083333333334,95.08333333333333,3.0500000000000003,4.86,1023.9583333333334,75.16666666666667,0.0,0.0,,Clouds,10-15°C,False,False
2021-10-27,21.505791505791507,120,24.321323259441726,240335.9999,10.992083333333333,6.91,16.52,10.127083333333333,91.79166666666667,2.3775,2.94,1024.0,67.0,0.0,0.0,,Clouds,10-15°C,False,False
2021-10-28,21.41891891891892,120,23.359537153800314,243449.8321,11.292916666666665,6.02,18.42,10.048333333333334,86.0,4.173333333333333,5.51,1014.9166666666666,2.875,0.0,0.0,,Clear,10-15°C,False,False
2021-10-29,19.852799227799228,120,23.799318954468255,224493.333,12.102083333333333,9.84,14.94,11.545416666666666,89.41666666666667,5.305833333333333,7.39,1006.625,77.95833333333333,5.069999999999999,0.0,,Clouds,10-15°C,True,False
2021-10-30,19.87934362934363,120,23.82557568942588,222750.0995,12.340833333333334,10.3,14.57,12.1725,97.375,4.476666666666667,6.52,1002.375,94.58333333333333,5.61,0.0,,Rain,10-15°C,True,False
2021-10-31,24.910714285714285,130,26.33411296440135,253487.4951,11.8075,8.75,17.14,10.860416666666666,96.41666666666667,5.192916666666666,8.12,1002.0833333333334,70.95833333333333,4.58,0.0,,Clouds,10-15°C,True,False
2021-11-01,18.641409266409266,140,22.9941374247382,209902.759,9.195,6.61,13.21,7.177499999999999,92.125,4.765833333333333,6.38,1002.0833333333334,66.83333333333333,0.84,0.0,,Clouds,0-10°C,True,False
2021-11-02,21.812258687258687,300,28.336035998066134,213564.9994,8.762500000000001,7.6,11.45,7.131666666666667,93.16666666666667,3.465,4.97,1000.6666666666666,83.70833333333333,6.4399999999999995,0.0,,Clouds,0-10°C,True,False
2021-11-03,20.16650579150579,130,23.306137147348444,230702.833,7.505416666666666,3.84,11.45,5.2058333333333335,92.95833333333333,3.9379166666666667,6.82,1001.25,66.41666666666667,9.459999999999999,0.0,,Clouds,0-10°C,True,False
2021-11-04,20.062741312741313,145,24.786795791227494,208050.8331,6.63625,3.12,9.76,4.2370833333333335,96.20833333333333,3.53125,5.2,1011.3333333333334,87.04166666666667,3.83,0.0,,Rain,0-10°C,True,False
2021-11-05,20.991795366795365,120,23.694160874500493,226218.3394,7.93625,4.44,10.99,6.190833333333334,92.625,2.8883333333333336,4.64,1025.4583333333333,83.08333333333333,3.87,0.0,,Clouds,0-10°C,True,False
2021-11-06,22.5,130,26.13802830013463,231077.6887,5.844166666666666,1.27,11.04,4.271249999999999,89.58333333333333,2.3175,3.74,1030.2916666666667,76.41666666666667,0.0,0.0,,Clouds,0-10°C,False,False
2021-11-07,14.087837837837839,120,18.574578733831665,214233.346,8.415416666666667,5.25,12.49,6.609999999999999,94.16666666666667,3.6483333333333334,4.65,1023.2083333333334,93.58333333333333,0.24,0.0,,Clouds,0-10°C,True,False
2021-11-08,9.81418918918919,100,13.539531384431791,181049.8353,6.574166666666667,3.3,11.79,5.567916666666666,93.25,1.4416666666666667,2.23,1024.4583333333333,74.5,0.0,0.0,,Clouds,0-10°C,False,False
2021-11-09,8.716216216216216,80,13.172244775161602,166068.167,5.511666666666667,2.14,11.6,3.9858333333333333,91.83333333333333,1.9095833333333332,2.65,1026.0833333333333,32.416666666666664,0.0,0.0,,Clouds,0-10°C,False,False
2021-11-10,11.443050193050192,300,16.44585338732129,183318.3337,4.02375,0.24,9.94,3.1504166666666666,96.70833333333333,1.2929166666666667,2.75,1024.75,74.25,0.0,0.0,,Clouds,0-10°C,False,False
2021-11-11,16.385135135135137,300,20.39120844921636,195034.1666,3.12125,-0.62,8.56,2.0683333333333334,97.5,1.58125,2.43,1024.7083333333333,98.0,0.0,0.0,,Clouds,0-10°C,False,False
2021-11-12,19.097490347490346,120,20.30206830057993,247390.4999,5.345416666666666,0.62,11.23,3.500833333333333,94.625,2.6916666666666664,4.85,1018.7083333333334,71.45833333333333,0.0,0.0,,Clouds,0-10°C,False,False
2021-11-13,22.852316602316602,140,24.63438894564675,228804.8319,10.50125,9.53,12.45,9.800416666666667,94.45833333333333,4.00375,4.91,1016.2083333333334,87.04166666666667,0.0,0.0,,Clouds,10-15°C,False,False
2021-11-14,15.721525096525097,120,18.860543379298026,216847.8505,9.835416666666667,7.02,11.68,8.52,95.20833333333333,3.6512499999999997,4.72,1020.0416666666666,76.95833333333333,1.0899999999999999,0.0,,Clouds,0-10°C,True,False
2021-11-15,10.412644787644787,85,15.254515265197032,164360.5996,6.21375,4.91,7.15,3.655,95.58333333333333,3.5087500000000005,4.42,1023.9583333333334,83.5,0.0,0.0,,Clouds,0-10°C,False,False
2021-11-16,8.716216216216216,85,13.201538018454398,158848.6665,6.20625,5.55,7.02,4.9158333333333335,94.5,1.9266666666666667,2.96,1023.5,99.70833333333333,0.0,0.0,,Clouds,0-10°C,False,False
2021-11-17,8.305984555984557,90,12.796064207183118,159166.9666,8.512500000000001,5.42,11.82,7.591666666666666,96.91666666666667,1.9712500000000002,2.94,1024.8333333333333,94.79166666666667,0.0,0.0,,Clouds,0-10°C,False,False
2021-11-18,10.38127413127413,90,13.278373653204504,199528.8326,5.97375,2.86,11.14,5.312083333333333,98.08333333333333,1.3495833333333334,2.11,1031.6666666666667,85.58333333333333,0.0,0.0,,Clouds,0-10°C,False,False
2021-11-19,16.225868725868725,100,17.601691753942802,224761.4998,7.955416666666667,5.91,10.17,7.832083333333333,96.625,0.9629166666666666,1.76,1032.4583333333333,93.70833333333333,0.0,0.0,,Clouds,0-10°C,False,False
2021-11-20,20.880791505791507,100,22.319803189956705,227173.2519,6.58125,5.34,8.46,5.5675,97.75,1.7408333333333335,2.22,1024.8333333333333,95.0,0.0,0.0,,Clouds,0-10°C,False,False
2021-11-21,15.369208494208495,125,19.61658749195479,199117.6655,5.84625,4.88,7.54,3.732083333333333,97.0,2.9725,5.12,1015.1666666666666,96.16666666666667,2.2,0.0,,Clouds,0-10°C,True,False
2021-11-22,10.866312741312742,85,15.63048020560839,162528.3248,4.88,2.37,7.57,0.7429166666666666,88.125,6.0879166666666675,8.09,1022.75,54.125,0.0,0.0,,Clouds,0-10°C,False,False
2021-11-23,10.180984555984557,85,14.701391696481597,158463.3649,3.9154166666666668,0.57,8.45,0.02583333333333335,81.83333333333333,4.9525,5.75,1027.875,0.0,0.0,0.0,,Clear,0-10°C,False,False
2021-11-24,9.539092664092664,100,14.242244977737714,156776.168,2.9125,1.09,6.35,0.10583333333333333,93.25,2.935416666666667,3.65,1020.1666666666666,14.666666666666666,0.0,0.0,,Clouds,0-10°C,False,False
2021-11-25,9.370173745173744,90,14.027342354432832,158146.9995,3.3825000000000003,0.01,5.66,1.03,95.29166666666667,2.4975,3.49,1013.1666666666666,91.70833333333333,0.0,0.0,,Clouds,0-10°C,False,False
2021-11-26,14.790057915057915,100,16.41055935445082,210414.6631,4.3950000000000005,2.0,6.0,0.9529166666666667,92.04166666666667,4.727083333333334,7.76,1000.4166666666666,92.04166666666667,3.7199999999999998,0.0,,Clouds,0-10°C,True,False
2021-11-27,18.846525096525095,95,21.02851751790456,209629.1533,2.7395833333333335,1.73,4.09,-1.1504166666666666,92.79166666666667,4.496666666666667,6.86,991.0,77.0,3.54,0.43,,Clouds,0-10°C,True,True
2021-11-28,16.46476833976834,110,20.44211278058697,197557.6576,3.73375,1.35,5.0,-0.7012499999999999,93.33333333333333,6.046250000000001,7.32,1001.6666666666666,88.41666666666667,2.42,0.0,,Clouds,0-10°C,True,False
2021-11-29,12.6496138996139,95,17.150364915969075,163826.5022,1.87625,0.04,5.63,-1.41125,93.29166666666667,3.2412500000000004,4.21,1014.1666666666666,85.41666666666667,0.0,0.0,,Clouds,0-10°C,False,False
2021-11-30,14.539092664092664,200,16.01370781543643,212580.1678,5.0874999999999995,0.83,7.79,0.8729166666666667,96.33333333333333,6.4225,7.08,1017.7083333333334,99.75,0.5900000000000001,0.0,,Clouds,0-10°C,True,False
2021-12-01,10.352316602316602,100,14.414248156531208,153706.5832,8.045416666666666,5.21,10.27,5.1225,93.16666666666667,6.260416666666667,8.2,1003.125,70.70833333333333,5.42,0.0,,Clouds,0-10°C,True,False
2021-12-02,11.64092664092664,95,15.953833222942995,163818.9999,3.7954166666666667,0.7,5.09,0.22375,89.125,4.43625,6.11,1009.125,38.166666666666664,0.61,0.0,,Clouds,0-10°C,True,False
2021-12-03,14.71042471042471,85,16.921813767477623,206950.665,2.4908333333333332,-0.34,7.75,-1.2954166666666667,96.875,4.555000000000001,6.76,1011.0416666666666,97.41666666666667,13.92,0.0,,Rain,0-10°C,True,False
2021-12-04,20.231660231660232,300,22.843375378671052,217925.0009,8.154583333333333,3.57,11.23,5.865833333333334,92.79166666666667,6.33625,8.58,1001.125,86.625,5.9399999999999995,0.0,,Clouds,0-10°C,True,False
2021-12-05,18.911679536679536,110,22.629218381461442,200258.3337,4.0874999999999995,2.53,5.28,0.42,96.33333333333333,4.5841666666666665,5.57,1004.875,91.04166666666667,4.24,0.0,,Rain,0-10°C,True,False
2021-12-06,18.597972972972972,120,22.880477040322,184457.3493,5.044583333333333,3.39,6.61,2.2441666666666666,96.58333333333333,3.9725,7.79,1012.8333333333334,84.33333333333333,3.65,0.0,,Clouds,0-10°C,True,False
2021-12-07,19.86969111969112,120,20.987393799713608,231584.0576,5.02625,2.68,7.83,1.2725,96.16666666666667,5.6504166666666675,9.06,1006.0416666666666,83.20833333333333,6.9,0.0,,Clouds,0-10°C,True,False
2021-12-08,18.549710424710426,140,20.207361531884295,212596.0302,4.51,1.44,7.19,1.04875,91.33333333333333,4.509166666666666,6.79,999.9583333333334,56.458333333333336,0.29000000000000004,0.0,,Clouds,0-10°C,True,False
2021-12-09,13.380791505791505,100,17.60383495352494,175695.0888,3.36375,0.86,6.25,-0.48333333333333334,94.625,4.6812499999999995,7.3,1006.0,68.33333333333333,2.56,0.17,,Clouds,0-10°C,True,True
2021-12-10,20.509169884169886,120,21.269327005255583,237821.9119,5.644583333333333,3.47,7.26,1.45375,89.41666666666667,6.785833333333334,8.39,998.9583333333334,58.083333333333336,13.24,0.0,,Rain,0-10°C,True,False
2021-12-11,25.144787644787645,115,26.82459579380459,226872.5921,3.94125,0.69,6.75,1.0125,92.04166666666667,3.3708333333333336,5.45,1019.0833333333334,71.41666666666667,0.0,0.0,,Clouds,0-10°C,False,False
2021-12-12,19.650096525096526,120,23.113217449117013,213802.7967,7.833333333333333,5.51,9.46,5.707916666666667,98.45833333333333,3.359583333333333,4.91,1025.8333333333333,99.58333333333333,1.79,0.0,,Clouds,0-10°C,True,False
2021-12-13,15.945945945945946,110,19.325866334598924,199346.5029,7.254166666666666,5.02,8.55,5.800416666666667,98.125,2.25375,3.1,1027.3333333333333,73.5,0.0,0.0,,Clouds,0-10°C,False,False
2021-12-14,14.797297297297296,110,17.59385214912103,214503.0003,5.82,4.56,7.95,5.623333333333334,98.5,0.8879166666666666,1.7,1030.0416666666667,99.95833333333333,0.0,0.0,,Clouds,0-10°C,False,False
2021-12-15,17.63272200772201,100,19.3242116948697,205863.9986,6.9383333333333335,5.9,8.76,6.425,97.0,1.3508333333333333,2.32,1033.4166666666667,70.125,0.0,0.0,,Clouds,0-10°C,False,False
2021-12-16,14.88899613899614,300,18.920970473679404,201988.498,7.577083333333333,5.06,10.34,6.172916666666667,95.125,2.395,3.39,1036.9166666666667,61.583333333333336,0.0,0.0,,Clouds,0-10°C,False,False
2021-12-17,21.6722972972973,130,20.560477031735147,238242.8347,6.353333333333333,3.68,9.38,3.5712499999999996,94.125,3.9425000000000003,4.62,1036.625,17.291666666666668,0.0,0.0,,Clear,0-10°C,False,False
2021-12-18,19.968629343629345,100,21.137074886780248,230387.0016,4.96375,2.4,9.31,1.8858333333333333,92.66666666666667,3.895,4.24,1035.375,27.666666666666668,0.0,0.0,,Clouds,0-10°C,False,False
2021-12-19,20.818050193050194,110,21.50301658649464,223530.0664,4.391666666666667,3.67,5.08,1.5350000000000001,97.625,3.3662500000000004,3.98,1031.4166666666667,97.125,0.0,0.0,,Clouds,0-10°C,False,False
2021-12-20,20.501930501930502,110,21.357570544075067,235169.7939,4.7,2.19,5.81,2.330833333333333,87.91666666666667,2.8204166666666666,4.38,1026.3333333333333,85.125,0.0,0.0,,Clouds,0-10°C,False,False
2021-12-21,22.082528957528957,300,24.07274994635732,230462.5005,0.2058333333333333,-1.96,3.38,-2.89,91.66666666666667,2.6183333333333336,3.05,1023.9583333333334,15.791666666666666,0.0,0.0,,Clear,0-10°C,False,False
2021-12-22,17.659266409266408,100,19.670725504072372,209352.6672,-1.4333333333333333,-2.33,-0.6,-4.720833333333333,94.5,2.5225,3.24,1021.9583333333334,77.45833333333333,0.0,0.0,,Clouds,<0°C,False,False
2021-12-23,18.233590733590734,95,19.68284188443036,220570.616,3.6870833333333333,-2.16,8.9,0.43791666666666657,92.45833333333333,3.810416666666667,4.71,1013.7083333333334,88.66666666666667,1.43,0.0,,Clouds,0-10°C,True,False
2021-12-24,11.836389961389962,75,13.919086316302895,193333.0006,8.465416666666666,7.28,9.51,6.976666666666667,97.70833333333333,2.56875,3.39,1007.375,99.75,10.67,0.0,,Clouds,0-10°C,True,False
2021-12-25,18.047779922779924,120,19.15625183708937,216202.3325,8.76125,7.99,9.66,7.875416666666666,98.91666666666667,1.9358333333333333,3.71,1004.2916666666666,96.33333333333333,3.5300000000000002,0.0,,Clouds,0-10°C,True,False
2021-12-26,19.1722972972973,120,20.611785992684858,217615.8279,8.936666666666666,7.85,10.73,7.6475,98.95833333333333,2.6620833333333334,4.0,1003.5,84.70833333333333,7.46,0.0,,Rain,0-10°C,True,False
2021-12-27,24.203667953667953,110,25.382977260046577,227877.9503,9.701666666666666,8.44,11.74,8.109166666666667,97.54166666666667,4.8575,6.55,998.2083333333334,92.58333333333333,7.14,0.0,,Clouds,0-10°C,True,False
2021-12-28,29.406370656370655,130,30.95119938802663,246436.6544,10.780416666666667,9.57,11.87,9.999166666666666,88.79166666666667,6.928333333333334,8.27,999.9583333333334,76.95833333333333,4.32,0.0,,Clouds,10-15°C,True,False
2021-12-29,30.10135135135135,180,31.650468504440227,225362.5556,11.691666666666668,8.82,14.23,10.83625,97.29166666666667,5.0441666666666665,6.99,1011.0416666666666,99.95833333333333,6.16,0.0,,Clouds,10-15°C,True,False
2021-12-30,27.767857142857142,300,29.043593828668186,228984.73559999999,12.938333333333333,9.97,14.54,12.76625,96.91666666666667,4.337916666666667,5.31,1020.875,65.5,0.44,0.0,,Clouds,10-15°C,True,False
2021-12-31,25.986969111969113,100,23.7111689028964,254805.1658,10.240833333333333,7.03,14.19,9.082916666666668,96.70833333333333,3.33,4.25,1023.25,61.625,0.0,0.0,,Clouds,10-15°C,False,False
2022-01-01,22.755791505791507,110,23.413591104989486,219813.6003,9.410833333333334,6.79,13.46,7.984166666666667,95.75,3.0866666666666664,3.94,1024.125,67.25,0.0,0.0,,Clouds,0-10°C,False,False
2022-01-02,16.850868725868725,120,19.10954618512427,221693.4981,11.182916666666666,8.11,13.23,10.1825,89.79166666666667,5.7370833333333335,7.89,1018.7916666666666,86.83333333333333,0.67,0.0,,Clouds,10-15°C,True,False
2022-01-03,16.23069498069498,130,19.853540609828915,182166.0005,10.904166666666667,10.27,12.03,10.524166666666666,94.79166666666667,6.1937500000000005,7.62,1014.7916666666666,99.75,11.74,0.0,,Rain,10-15°C,True,False
2022-01-04,15.612934362934363,100,20.062331326915096,180556.5637,8.03875,3.72,10.29,5.485833333333333,95.79166666666667,4.87,7.27,1001.5416666666666,99.5,15.799999999999999,0.0,,Rain,0-10°C,True,False
2022-01-05,18.73069498069498,155,22.727063698060462,185850.8628,2.735,0.38,6.22,-0.6883333333333334,89.375,3.764583333333333,5.27,1014.2916666666666,39.208333333333336,0.0,0.0,,Clouds,0-10°C,False,False
2022-01-06,20.333011583011583,145,22.137909154487957,179919.8069,2.3241666666666667,-0.69,6.21,-0.2941666666666667,91.16666666666667,2.754583333333333,5.56,1021.25,88.79166666666667,0.0,0.0,,Clouds,0-10°C,False,False
2022-01-07,14.625965250965251,120,18.407574111725218,174570.3338,4.782916666666667,2.22,7.42,0.6704166666666667,92.5,5.975416666666667,9.51,1016.1666666666666,79.125,7.61,0.0,,Rain,0-10°C,True,False
2022-01-08,20.340250965250966,100,21.019812261717878,215156.0001,5.20125,1.31,7.91,1.3645833333333333,95.79166666666667,6.158333333333334,9.25,1008.6666666666666,90.41666666666667,11.42,0.0,,Rain,0-10°C,True,False
2022-01-09,16.172779922779924,300,20.92847427857543,192912.5004,4.128333333333333,2.78,5.91,1.0433333333333332,95.83333333333333,4.08,8.5,1006.2916666666666,68.41666666666667,3.23,0.0,,Clouds,0-10°C,True,False
2022-01-10,12.6496138996139,145,17.967103633713638,141597.5014,2.2408333333333332,0.4,3.46,0.14958333333333332,97.33333333333333,2.1495833333333336,3.12,1021.0,88.04166666666667,0.0,0.0,,Clouds,0-10°C,False,False
2022-01-11,9.389478764478765,90,14.03163788469532,132391.4999,1.0341666666666667,-0.51,3.18,-0.8633333333333333,95.45833333333333,1.8366666666666667,2.53,1033.125,25.541666666666668,0.0,0.0,,Clouds,0-10°C,False,False
2022-01-12,9.194015444015443,90,13.637261240927748,131306.5,1.3033333333333335,-1.51,4.09,-0.11708333333333332,95.375,1.7733333333333334,3.1,1039.4166666666667,93.95833333333333,0.0,0.0,,Clouds,0-10°C,False,False
2022-01-13,8.250482625482626,60,11.716162729556292,145352.0344,1.28875,0.04,2.83,-1.4087500000000002,95.83333333333333,2.4320833333333334,2.84,1040.5416666666667,27.625,0.0,0.0,,Clouds,0-10°C,False,False
2022-01-14,10.395752895752896,60,12.468705057326783,171739.7666,2.0575,-0.63,7.24,-0.17583333333333337,92.29166666666667,2.1083333333333334,2.56,1035.4583333333333,0.0,0.0,0.0,,Clear,0-10°C,False,False
2022-01-15,17.775096525096526,80,16.95910944116805,249580.967,1.66375,-1.18,7.58,0.30333333333333334,95.125,1.54125,3.62,1027.375,62.833333333333336,0.0,0.0,,Clouds,0-10°C,False,False
2022-01-16,10.567084942084943,90,13.550318891215131,185928.8336,1.2508333333333332,-1.39,3.71,-2.024583333333333,97.16666666666667,3.174583333333333,4.85,1030.4583333333333,94.91666666666667,0.39,0.0,,Clouds,0-10°C,True,False
2022-01-17,7.471042471042471,60,10.431266897716068,146572.1667,4.1625000000000005,1.18,6.6,2.87875,98.16666666666667,1.7154166666666668,2.51,1037.3333333333333,89.875,0.0,0.0,,Clouds,0-10°C,False,False
2022-01-18,5.856660231660232,60,8.586887359164423,131970.1662,4.164583333333334,0.61,9.2,1.5274999999999999,92.66666666666667,3.139583333333333,4.79,1035.875,43.666666666666664,0.0,0.0,,Clouds,0-10°C,False,False
2022-01-19,5.605694980694981,60,7.962819588484843,119749.7666,3.9341666666666666,1.95,5.5,1.6004166666666666,97.66666666666667,2.809583333333333,4.25,1028.5,97.70833333333333,1.61,0.0,,Clouds,0-10°C,True,False
2022-01-20,5.612934362934363,50,8.235769324040058,138714.7995,3.31875,0.6,5.9,0.16208333333333333,94.08333333333333,3.514583333333333,4.8,1032.5833333333333,49.541666666666664,0.0,0.0,,Clouds,0-10°C,False,False
2022-01-21,6.440637065637065,55,9.161481158387376,139881.0183,2.5829166666666667,0.9,5.13,-0.2483333333333333,93.20833333333333,2.844583333333333,3.44,1037.5416666666667,57.0,0.0,0.0,,Clouds,0-10°C,False,False
2022-01-22,14.022683397683398,60,16.077070744028664,194383.509,4.019166666666666,1.71,5.53,2.3070833333333334,91.83333333333333,1.9683333333333335,2.4,1037.1666666666667,86.125,0.0,0.0,,Clouds,0-10°C,False,False
2022-01-23,11.356177606177607,65,14.560006555178399,171579.5533,3.3708333333333336,0.88,4.36,1.7541666666666667,91.625,1.8945833333333333,2.91,1034.7083333333333,86.08333333333333,0.0,0.0,,Clouds,0-10°C,False,False
2022-01-24,7.355212355212355,55,10.929884162080853,138051.8442,1.6050000000000002,-0.98,6.45,-0.9558333333333332,90.91666666666667,2.339583333333333,2.84,1032.0,1.0416666666666667,0.0,0.0,,Clear,0-10°C,False,False
2022-01-25,5.774613899613899,155,9.256048297075703,107828.4339,-0.48875,-1.68,0.73,-1.1579166666666667,91.91666666666667,1.1133333333333333,2.12,1033.875,86.20833333333333,0.0,0.0,,Clouds,<0°C,False,False
2022-01-26,5.591216216216216,150,9.210787666248011,120856.4332,0.7629166666666666,-0.72,2.38,-0.31375,98.04166666666667,1.48375,2.64,1035.125,99.125,0.0,0.0,,Clouds,0-10°C,False,False
2022-01-27,5.2992277992278,50,8.011172749904748,128601.9997,3.71625,1.5,6.32,0.6395833333333333,94.75,3.5425,4.97,1032.375,99.16666666666667,0.0,0.0,,Clouds,0-10°C,False,False
2022-01-28,6.817084942084942,60,10.22994145484262,138925.4999,5.422083333333333,4.31,7.09,4.13375,97.625,1.8804166666666668,3.29,1036.75,94.625,0.0,0.0,,Clouds,0-10°C,False,False
2022-01-29,11.7253861003861,75,14.17635262599285,188826.3297,7.527083333333334,5.15,9.4,4.701666666666667,98.125,4.589583333333334,5.49,1033.1666666666667,100.0,0.38,0.0,,Clouds,0-10°C,True,False
2022-01-30,12.572393822393822,75,15.225476453416157,178165.0001,6.962083333333333,4.26,9.17,5.50375,88.875,2.282083333333333,4.33,1030.9583333333333,63.75,0.11,0.0,,Clouds,0-10°C,True,False
2022-01-31,7.468629343629344,60,10.834293803245057,143773.165,5.745416666666667,0.85,8.07,2.0091666666666668,78.25,5.9070833333333335,8.54,1023.2083333333334,58.958333333333336,0.13,0.0,,Clouds,0-10°C,True,False
2022-02-01,5.2992277992278,60,8.033743381553585,128335.5681,5.787916666666667,0.47,9.91,2.5454166666666667,93.45833333333333,4.7941666666666665,6.04,1024.75,90.54166666666667,1.01,0.0,,Clouds,0-10°C,True,False
2022-02-02,5.960424710424711,60,8.592068333938714,140916.8544,9.405833333333334,8.15,10.22,7.599166666666666,91.41666666666667,3.9283333333333332,5.25,1024.875,98.83333333333333,0.0,0.0,,Clouds,0-10°C,False,False
2022-02-03,6.7688223938223935,300,13.023995718460453,148977.5,7.042916666666667,6.42,7.89,4.926666666666667,88.625,3.1020833333333333,4.3,1019.4583333333334,98.25,0.0,0.0,,Clouds,0-10°C,False,False
2022-02-04,7.512065637065637,90,12.174287569177586,147978.7288,6.3429166666666665,2.09,10.22,3.3245833333333334,94.95833333333333,4.785833333333334,7.16,1017.125,69.125,0.41,0.0,,Clouds,0-10°C,True,False
2022-02-05,13.798262548262548,215,18.027524341134455,209030.7403,4.599583333333333,0.35,9.5,1.5445833333333334,88.875,3.8920833333333333,6.35,1025.25,59.083333333333336,0.0,0.0,,Clouds,0-10°C,False,False
2022-02-06,11.059362934362934,125,17.131999510364114,180950.5023,8.1725,6.16,10.01,4.389583333333333,93.83333333333333,8.323333333333332,10.77,1016.5,92.54166666666667,9.94,0.0,,Rain,0-10°C,True,False
2022-02-07,15.398166023166024,105,18.488861708006578,190897.5003,6.095416666666666,2.52,9.81,3.6620833333333334,81.16666666666667,3.467083333333333,6.36,1027.7916666666667,34.041666666666664,0.0,0.0,,Clouds,0-10°C,False,False
2022-02-08,13.549710424710424,120,17.33258723653365,196189.1663,7.25,3.81,10.01,5.463333333333334,93.04166666666667,2.811666666666667,4.22,1032.4583333333333,86.41666666666667,0.0,0.0,,Clouds,0-10°C,False,False
2022-02-09,13.04054054054054,100,15.826567804687976,197581.6884,6.239999999999999,1.53,12.96,4.5616666666666665,88.75,2.1633333333333336,3.87,1026.8333333333333,5.958333333333333,0.0,0.0,,Clear,0-10°C,False,False
2022-02-10,11.525096525096526,85,15.301267135251392,190505.5215,6.3254166666666665,3.94,9.12,3.470833333333333,93.08333333333333,4.0945833333333335,6.07,1024.2916666666667,96.16666666666667,2.89,0.0,,Clouds,0-10°C,True,False
2022-02-11,11.971525096525097,100,15.632045605795746,184315.5207,3.2729166666666667,-0.09,8.29,1.1058333333333332,88.95833333333333,2.2579166666666666,2.8,1032.4583333333333,46.083333333333336,0.0,0.0,,Clouds,0-10°C,False,False
2022-02-12,19.181949806949806,105,22.232783691054077,208073.1866,2.7054166666666664,-1.14,8.3,-0.24958333333333335,82.95833333333333,3.1216666666666666,4.15,1027.0,31.791666666666668,0.0,0.0,,Clear,0-10°C,False,False
2022-02-13,18.894787644787645,300,24.175631546046514,187251.9497,6.515416666666667,-0.78,13.43,4.065,77.875,5.484166666666667,7.9,1011.8333333333334,92.83333333333333,0.0,0.0,,Clouds,0-10°C,False,False
2022-02-14,15.605694980694981,300,20.94536422159546,190508.833,8.52,5.32,11.02,6.444166666666667,87.5,5.48375,9.02,1004.875,85.625,4.64,0.0,,Clouds,0-10°C,True,False
2022-02-15,15.818050193050192,115,19.881814067741153,195802.5083,7.085833333333333,3.38,9.65,3.8120833333333333,92.70833333333333,5.552499999999999,7.32,1014.625,68.25,1.12,0.0,,Clouds,0-10°C,True,False
2022-02-16,14.695945945945946,300,20.24545714428653,184634.3335,11.759166666666667,8.52,14.58,10.740416666666667,95.04166666666667,7.9925,9.45,1007.5,99.5,4.95,0.0,,Clouds,10-15°C,True,False
2022-02-17,17.113899613899616,115,20.775537184098077,197503.5001,11.534999999999998,9.8,13.36,10.684583333333334,78.0,6.434583333333333,9.13,1014.4166666666666,85.54166666666667,1.2000000000000002,0.0,,Clouds,10-15°C,True,False
2022-02-18,13.052606177606178,300,19.11195087659391,182187.0001,9.846666666666666,5.77,11.9,8.125833333333334,83.625,7.82,11.01,1009.5833333333334,85.33333333333333,2.0,0.0,,Clouds,0-10°C,True,False
2022-02-19,18.554536679536678,110,21.505906764491943,206965.8333,6.439583333333334,1.98,9.71,2.6579166666666665,78.54166666666667,6.4816666666666665,8.59,1018.7916666666666,43.708333333333336,0.64,0.0,,Clouds,0-10°C,True,False
2022-02-20,12.654440154440154,110,17.309361421780725,199924.9999,10.18875,7.87,12.23,8.4925,87.75,8.13125,11.73,1015.5416666666666,94.625,1.59,0.0,,Clouds,10-15°C,True,False
2022-02-21,11.841216216216216,105,15.300794804487355,197471.5322,7.760833333333333,5.42,9.54,3.778333333333333,80.41666666666667,8.12625,11.48,1014.9166666666666,56.375,2.24,0.0,,Clouds,0-10°C,True,False
2022-02-22,12.519305019305019,90,15.928516495868752,197033.4995,8.159583333333334,4.87,11.32,6.054583333333333,93.04166666666667,5.004166666666666,7.15,1024.3333333333333,73.41666666666667,0.66,0.0,,Clouds,0-10°C,True,False
2022-02-23,15.361969111969112,105,18.825721372848456,197829.4994,7.716666666666666,2.26,10.67,6.469166666666666,88.04166666666667,2.53625,4.4,1025.2916666666667,66.16666666666667,0.0,0.0,,Clouds,0-10°C,False,False
2022-02-24,12.808880308880308,95,17.09253250988021,185156.5001,7.240416666666667,2.82,11.62,4.638333333333333,86.08333333333333,4.79625,9.27,1017.5833333333334,66.04166666666667,1.81,0.0,,Clouds,0-10°C,True,False
2022-02-25,15.873552123552123,115,19.19453475572752,186450.4001,4.72375,0.67,10.03,1.695833333333333,81.75,3.9345833333333338,5.32,1028.4583333333333,20.791666666666668,0.0,0.0,,Clouds,0-10°C,False,False
2022-02-26,20.002413127413128,120,22.370125064048036,214506.0005,3.908333333333333,-1.3,9.28,0.7679166666666667,81.25,3.901666666666667,5.93,1031.5,29.916666666666668,0.0,0.0,,Clouds,0-10°C,False,False
2022-02-27,18.373552123552123,120,21.741744695689448,210423.8503,4.388333333333333,0.19,9.99,0.9320833333333334,70.375,4.312083333333333,5.37,1026.75,3.2083333333333335,0.0,0.0,,Clear,0-10°C,False,False
2022-02-28,20.0530888030888,110,22.967280489247777,209829.3328,4.61625,-1.79,11.24,2.2445833333333334,71.16666666666667,2.4920833333333334,3.45,1028.1666666666667,11.5,0.0,0.0,,Clear,0-10°C,False,False
2022-03-01,16.58542471042471,120,20.721729938864303,210147.8571,6.389166666666667,1.62,12.52,4.8879166666666665,76.75,1.8633333333333333,2.76,1026.0833333333333,91.70833333333333,0.0,0.0,,Clouds,0-10°C,False,False
2022-03-02,15.347490347490348,120,19.590814259641544,207728.0335,7.357499999999999,3.98,11.36,5.823333333333333,76.83333333333333,2.080833333333333,3.02,1020.375,98.75,1.7599999999999998,0.0,,Clouds,0-10°C,True,False
2022-03-03,17.123552123552123,300,21.910294821120416,208740.5999,8.624166666666666,5.63,11.28,7.9054166666666665,91.20833333333333,1.5420833333333333,2.46,1016.4583333333334,90.66666666666667,0.0,0.0,,Clouds,0-10°C,False,False
2022-03-04,16.674710424710426,120,20.487053004622773,201544.5003,8.590416666666666,5.79,12.45,7.49125,81.25,1.8229166666666667,2.46,1018.0833333333334,53.791666666666664,0.0,0.0,,Clouds,0-10°C,False,False
2022-03-05,16.46718146718147,120,20.34812626653958,208602.1669,6.693333333333334,1.62,12.18,5.465416666666666,75.54166666666667,1.7220833333333332,2.67,1019.4166666666666,14.916666666666666,0.0,0.0,,Clouds,0-10°C,False,False
2022-03-06,14.370173745173744,155,18.72316140318512,196518.6663,4.0125,-0.09,8.1,0.9104166666666668,71.83333333333333,3.78,5.49,1022.375,31.5,0.0,0.0,,Clouds,0-10°C,False,False
2022-03-07,12.347972972972974,120,17.125690820727492,176829.0002,2.37375,-1.43,6.63,-1.789583333333333,68.125,4.784583333333333,5.9,1021.2916666666666,4.958333333333333,0.0,0.0,,Clear,0-10°C,False,False
2022-03-08,11.896718146718147,120,16.969821506202965,180883.5004,4.973333333333334,-0.91,12.07,1.9320833333333332,66.875,3.8020833333333335,5.02,1017.5416666666666,0.125,0.0,0.0,,Clear,0-10°C,False,False
2022-03-09,12.700289575289576,150,19.140978409661262,160052.5001,8.095416666666667,1.9,14.83,6.262083333333333,71.91666666666667,2.9058333333333333,4.09,1020.625,24.875,0.0,0.0,,Clear,0-10°C,False,False
2022-03-10,11.66988416988417,150,17.20684232722759,186655.1678,9.730833333333333,3.62,16.52,7.922083333333333,72.66666666666667,3.38125,4.31,1019.0833333333334,35.458333333333336,0.0,0.0,,Clouds,0-10°C,False,False
2022-03-11,11.981177606177607,120,18.361048061409637,173764.9997,9.188333333333334,6.3,13.01,7.0183333333333335,86.25,5.1875,6.58,1011.2083333333334,73.20833333333333,4.11,0.0,,Clouds,0-10°C,True,False
2022-03-12,18.15395752895753,160,22.161819686885455,223978.3329,7.817916666666666,5.22,9.49,4.847916666666666,91.70833333333333,5.200833333333333,7.44,1014.5416666666666,94.41666666666667,5.39,0.0,,Clouds,0-10°C,True,False
2022-03-13,14.695945945945946,105,19.645683882054087,201447.9996,8.40875,6.34,11.08,5.759583333333333,87.54166666666667,5.18875,6.92,1012.3333333333334,86.20833333333333,4.1,0.0,,Clouds,0-10°C,True,False
2022-03-14,15.057915057915057,300,20.167610681850814,193079.0205,8.884583333333333,3.59,14.41,6.995833333333334,82.45833333333333,2.987083333333333,4.87,1025.2916666666667,68.125,0.0,0.0,,Clouds,0-10°C,False,False
2022-03-15,11.264478764478765,110,17.247692315665592,188786.6676,9.266666666666667,8.06,11.01,8.080833333333333,95.5,2.6787499999999995,3.76,1022.4583333333334,98.0,9.68,0.0,,Rain,0-10°C,True,False
2022-03-16,15.048262548262548,180,20.593501641831736,182256.021,10.51375,8.01,13.8,9.64875,90.70833333333333,2.6783333333333332,5.52,1019.7083333333334,81.91666666666667,3.03,0.0,,Clouds,10-15°C,True,False
2022-03-17,13.56418918918919,120,18.32763495940314,191726.5001,8.033333333333333,5.28,10.17,5.469166666666666,84.66666666666667,4.437916666666667,5.52,1031.0,96.45833333333333,0.0,0.0,,Clouds,0-10°C,False,False
2022-03-18,18.064671814671815,160,23.43446159679465,195926.8463,8.729166666666666,3.53,14.78,5.988333333333333,61.625,5.820833333333333,7.47,1037.25,13.708333333333334,0.0,0.0,,Clear,0-10°C,False,False
2022-03-19,26.066602316602317,300,28.413233436582562,221948.3528,9.94875,5.55,15.75,7.40125,59.5,5.715,6.96,1032.25,0.0,0.0,0.0,,Clear,0-10°C,False,False
2022-03-20,19.83349420849421,150,23.94734642950937,214659.8536,6.971666666666667,1.05,11.98,5.120416666666666,67.75,2.549583333333333,3.85,1026.625,36.25,1.42,0.0,,Clouds,0-10°C,True,False
2022-03-21,16.867760617760617,120,21.48261024481422,190633.9999,11.363750000000001,5.01,18.15,10.2225,74.75,2.5566666666666666,3.44,1027.9583333333333,20.0,0.0,0.0,,Clouds,10-15°C,False,False
2022-03-22,15.166505791505791,120,19.541059244050544,191461.4999,11.454166666666666,5.96,17.88,9.999583333333334,64.58333333333333,3.1191666666666666,4.85,1029.0,12.291666666666666,0.0,0.0,,Clear,10-15°C,False,False
2022-03-23,15.050675675675675,150,20.178700435295383,191075.5004,11.158333333333333,5.14,18.38,9.717916666666666,59.958333333333336,2.5366666666666666,3.34,1029.4166666666667,0.0,0.0,0.0,,Clear,10-15°C,False,False
2022-03-24,15.18581081081081,120,20.538424410738852,198784.5,12.374583333333334,5.33,20.09,11.018749999999999,57.708333333333336,2.4695833333333335,4.19,1027.4583333333333,0.0,0.0,0.0,,Clear,10-15°C,False,False
2022-03-25,17.74131274131274,120,21.818899745583952,200704.0003,12.433333333333332,5.62,19.12,10.764166666666666,53.125,3.8725,4.43,1027.25,0.0,0.0,0.0,,Clear,10-15°C,False,False
2022-03-26,26.74469111969112,180,29.530921044418548,218365.9997,12.42,4.89,19.07,10.736666666666666,55.166666666666664,4.0874999999999995,5.01,1027.2916666666667,0.0,0.0,0.0,,Clear,10-15°C,False,False
2022-03-27,20.883204633204635,300,24.469590460928462,223483.8416,13.042499999999999,5.98,20.92,11.612916666666665,59.125,3.1304166666666666,3.79,1027.0833333333333,0.3333333333333333,0.0,0.0,,Clear,10-15°C,False,False
2022-03-28,19.39189189189189,150,23.188432902319455,213084.1923,13.576666666666666,6.14,21.27,12.725833333333334,63.666666666666664,1.8733333333333333,3.96,1020.9583333333334,70.33333333333333,0.0,0.0,,Clouds,10-15°C,False,False
2022-03-29,16.013513513513512,150,22.347953149166155,191433.3346,12.27375,10.09,16.9,11.498333333333333,74.33333333333333,1.8220833333333333,2.89,1009.2916666666666,95.875,4.26,0.0,,Clouds,10-15°C,True,False
2022-03-30,15.410231660231661,300,22.833464888756506,193929.0002,9.9425,7.74,13.28,9.04125,90.16666666666667,1.82875,4.14,1002.1666666666666,79.125,12.04,0.0,,Rain,0-10°C,True,False
2022-03-31,12.04391891891892,180,18.400803566344436,187849.5011,5.167083333333333,2.38,7.59,1.4845833333333334,84.41666666666667,5.21375,7.1,1001.625,77.5,0.92,0.0,,Clouds,0-10°C,True,False
2022-04-01,12.833011583011583,120,19.03033515754414,176209.3327,1.6212499999999999,0.49,2.39,-3.8129166666666667,88.125,7.02,8.96,1007.75,91.125,0.0,1.98,,Clouds,0-10°C,False,True
2022-04-02,19.008204633204635,160,23.708421741612074,229891.5047,3.345833333333333,-0.18,6.33,-1.0416666666666667,70.20833333333333,5.892916666666667,8.41,1017.7916666666666,70.125,0.2,0.0,,Clouds,0-10°C,True,False
2022-04-03,16.271718146718147,120,20.414866893676457,230684.8791,4.254583333333334,-0.33,8.52,1.3070833333333334,63.583333333333336,3.6329166666666666,5.54,1023.4583333333334,57.25,0.0,0.0,,Clouds,0-10°C,False,False
2022-04-04,19.23745173745174,120,21.894739338320168,235438.5004,5.3075,-1.33,9.94,2.3975,74.41666666666667,4.273750000000001,6.11,1018.9583333333334,89.41666666666667,2.4699999999999998,0.0,,Clouds,0-10°C,True,False
2022-04-05,19.348455598455597,120,23.286994679980804,232727.1699,9.559583333333334,7.03,12.29,7.916250000000001,91.5,4.627083333333333,5.68,1013.1666666666666,98.16666666666667,2.52,0.0,,Clouds,0-10°C,True,False
2022-04-06,18.73310810810811,150,23.9380881869713,233264.9676,10.006666666666666,7.0,12.07,8.687083333333334,85.25,5.334166666666667,8.0,1006.75,89.66666666666667,0.45,0.0,,Clouds,10-15°C,True,False
2022-04-07,18.351833976833976,300,26.032484563520292,230924.8342,11.482916666666668,8.22,14.7,10.36875,80.41666666666667,8.147499999999999,10.56,998.4583333333334,95.16666666666667,5.52,0.0,,Clouds,10-15°C,True,False
2022-04-08,15.202702702702704,180,24.085042320400884,168217.267,5.2425,1.34,7.95,2.7129166666666666,93.20833333333333,3.51625,7.26,1000.2916666666666,97.95833333333333,28.86,2.65,,Rain,0-10°C,True,True
2022-04-09,20.48503861003861,160,23.33119236202378,250248.9993,5.4316666666666675,2.11,10.3,3.4433333333333334,88.79166666666667,2.6304166666666666,4.02,1016.375,55.666666666666664,3.72,0.0,,Clouds,0-10°C,True,False
2022-04-10,24.27123552123552,165,28.093274020901443,247787.3333,7.0808333333333335,-0.93,13.9,5.852083333333333,75.79166666666667,2.1933333333333334,4.87,1020.0833333333334,70.5,0.0,0.0,,Clouds,0-10°C,False,False
2022-04-11,31.694015444015445,300,32.63684561711792,235924.9789,11.789166666666667,3.99,19.01,10.04875,68.5,4.4904166666666665,4.96,1010.9166666666666,84.54166666666667,0.0,0.0,,Clouds,10-15°C,False,False
2022-04-12,32.08011583011583,210,36.308304155364176,239332.9999,15.3675,9.44,21.13,14.725833333333334,72.0,3.5641666666666665,5.31,1009.0,94.83333333333333,0.0,0.0,,Clouds,15-20°C,False,False
2022-04-13,28.146718146718147,240,33.29762337894906,230037.3333,13.328333333333333,11.7,15.73,13.145833333333334,92.95833333333333,1.2025,3.43,1017.4583333333334,94.5,5.67,0.0,,Clouds,10-15°C,True,False
2022-04-14,30.668436293436294,210,32.156885577887266,230182.8541,14.582083333333335,8.5,20.78,14.14125,80.54166666666667,1.7754166666666666,2.79,1022.2083333333334,79.79166666666667,0.12,0.0,,Clouds,10-15°C,True,False
2022-04-15,28.8030888030888,180,29.817015258959078,250887.5472,14.878333333333332,8.73,20.93,14.299583333333333,75.54166666666667,2.59875,3.79,1025.375,72.375,0.0,0.0,,Clouds,10-15°C,False,False
2022-04-16,28.19015444015444,180,30.292419042540242,254851.6473,13.575416666666667,8.62,18.97,12.543333333333335,69.29166666666667,3.9275,4.97,1027.0416666666667,20.958333333333332,0.0,0.0,,Clear,10-15°C,False,False
2022-04-17,28.5472972972973,180,29.369500079878662,250357.7594,13.000416666666666,5.02,20.56,11.403333333333334,56.666666666666664,3.7091666666666665,4.57,1022.375,27.875,0.0,0.0,,Clear,10-15°C,False,False
2022-04-18,26.643339768339768,150,27.272428103559758,241950.3096,13.151666666666666,5.31,19.38,12.009583333333333,61.458333333333336,2.18,3.92,1016.75,79.04166666666667,0.0,0.0,,Clouds,10-15°C,False,False
2022-04-19,29.288127413127413,150,28.86200695805342,251458.3329,12.68,6.21,18.34,11.57,72.125,3.215833333333333,4.07,1013.875,83.95833333333333,0.0,0.0,,Clouds,10-15°C,False,False
2022-04-20,29.650096525096526,180,30.198292998760127,256618.3332,12.735833333333334,6.67,18.8,11.636666666666665,68.83333333333333,3.145,4.78,1011.375,84.58333333333333,0.0,0.0,,Clouds,10-15°C,False,False
2022-04-21,31.172779922779924,190,32.294741607328774,247782.9999,13.299999999999999,6.44,19.58,12.003750000000002,63.458333333333336,3.9066666666666667,5.13,1007.5416666666666,50.958333333333336,0.0,0.0,,Clouds,10-15°C,False,False
2022-04-22,26.867760617760617,160,28.72362659006345,255705.9996,13.5875,7.73,18.7,12.47875,69.08333333333333,3.640416666666667,4.96,1001.5833333333334,50.041666666666664,0.0,0.0,,Clouds,10-15°C,False,False
2022-04-23,26.327220077220076,300,30.33412951156432,254099.9789,13.498750000000001,8.51,18.88,12.522916666666667,75.29166666666667,3.9945833333333334,6.22,997.3333333333334,93.08333333333333,5.06,0.0,,Clouds,10-15°C,True,False
2022-04-24,19.84314671814672,180,23.104365304615403,256632.9998,13.542916666666668,7.6,18.08,12.782083333333333,75.41666666666667,2.59375,3.54,1002.7083333333334,83.875,0.0,0.0,,Clouds,10-15°C,False,False
2022-04-25,23.83445945945946,130,23.76510899207924,254049.3334,11.831249999999999,7.49,16.79,10.65375,72.5,3.0583333333333336,4.03,1011.3333333333334,27.416666666666668,0.11,0.0,,Clouds,10-15°C,True,False
2022-04-26,24.558397683397683,140,25.10067545304481,260932.0,10.43125,5.91,14.88,9.09625,79.5,3.11875,3.75,1018.625,48.125,0.0,0.0,,Clouds,10-15°C,False,False
2022-04-27,24.773166023166024,165,28.413663207964717,245299.9998,12.16375,4.3,18.33,10.79,72.5,4.004583333333334,5.73,1022.6666666666666,34.375,0.0,0.0,,Clouds,10-15°C,False,False
2022-04-28,24.41119691119691,180,27.008695956715627,254964.1671,14.505,6.82,20.48,13.377083333333333,66.75,3.8958333333333335,5.17,1025.625,62.625,0.0,0.0,,Clouds,10-15°C,False,False
2022-04-29,21.896718146718147,180,23.348346644052018,252067.0002,14.078333333333333,9.44,19.87,13.325000000000001,70.54166666666667,3.6595833333333334,4.59,1026.1666666666667,63.916666666666664,0.42,0.0,,Clouds,10-15°C,True,False
2022-04-30,22.852316602316602,300,24.51009911070075,256826.3329,11.190833333333332,6.23,16.6,9.610833333333334,71.79166666666667,4.03,5.21,1025.5833333333333,52.083333333333336,0.0,0.0,,Clouds,10-15°C,False,False
2022-05-01,21.01592664092664,250,23.796340081312913,249774.667,11.15,4.44,16.41,9.718333333333334,70.75,2.9483333333333337,3.35,1022.2916666666666,97.58333333333333,0.0,0.0,,Clouds,10-15°C,False,False
2022-05-02,23.368725868725868,180,24.143825978916237,248183.0317,13.026666666666666,6.42,18.4,12.018333333333333,68.875,3.1566666666666667,5.38,1018.0,89.875,0.0,0.0,,Clouds,10-15°C,False,False
2022-05-03,25.04584942084942,185,27.274563387331952,254857.3323,13.919583333333334,8.54,19.46,12.722916666666668,66.95833333333333,4.42375,4.89,1017.375,30.25,0.27,0.0,,Clouds,10-15°C,True,False
2022-05-04,25.0530888030888,180,29.901206720098124,245916.1671,13.165,8.81,18.02,12.340416666666668,76.66666666666667,2.8066666666666666,4.28,1019.5833333333334,65.70833333333333,0.62,0.0,,Clouds,10-15°C,True,False
2022-05-05,24.722490347490346,180,25.879185112570376,256938.4999,13.577916666666667,9.99,17.41,13.096666666666666,81.125,3.1154166666666665,4.03,1023.1666666666666,62.125,1.79,0.0,,Clouds,10-15°C,True,False
2022-05-06,23.472490347490346,135,25.543729198690883,244915.13,15.222083333333332,8.0,21.88,14.432083333333333,74.25,2.817083333333333,3.4,1025.4166666666667,28.875,0.0,0.0,,Clouds,15-20°C,False,False
2022-05-07,27.04391891891892,180,28.445726303676775,251642.5001,15.100416666666666,9.93,20.56,14.637916666666667,77.25,2.6283333333333334,3.44,1023.9583333333334,62.333333333333336,1.37,0.0,,Clouds,15-20°C,True,False
2022-05-08,20.856660231660232,145,24.1644977051611,246601.8331,15.560416666666667,10.56,21.48,15.20375,77.79166666666667,3.71625,4.72,1024.5,33.291666666666664,0.0,0.0,,Clouds,15-20°C,False,False
2022-05-09,23.277027027027028,155,24.626607862578858,242233.5,17.88375,9.3,25.2,17.535,71.125,1.2241666666666666,2.77,1023.5833333333334,51.166666666666664,0.0,0.0,,Clouds,15-20°C,False,False
2022-05-10,20.378861003861005,150,23.279292167096653,245943.9999,19.859583333333333,12.39,26.81,19.840416666666666,72.5,3.32875,5.16,1018.1666666666666,64.0,0.0,0.0,,Clouds,15-20°C,False,False
2022-05-11,14.987934362934363,150,20.181751398285734,227651.4999,18.860833333333332,11.38,25.19,18.64625,70.625,4.5325,6.83,1014.125,25.0,0.0,0.0,,Clear,15-20°C,False,False
2022-05-12,21.187258687258687,180,24.335984603258126,244000.9878,16.018333333333334,11.07,20.2,15.637083333333335,75.125,2.3975,4.13,1020.1666666666666,85.08333333333333,0.0,0.0,,Clouds,15-20°C,False,False
2022-05-13,25.19787644787645,150,25.50947666340751,237766.4941,15.285416666666668,8.25,21.82,14.621250000000002,69.125,2.0929166666666665,2.9,1022.7916666666666,38.041666666666664,0.0,0.0,,Clouds,15-20°C,False,False
2022-05-14,27.449324324324323,185,26.893253216968958,250123.0089,16.5525,8.5,23.27,16.114583333333332,71.125,1.7616666666666667,3.04,1021.0833333333334,76.70833333333333,0.0,0.0,,Clouds,15-20°C,False,False
2022-05-15,24.02027027027027,135,24.93072147615097,237741.3979,20.22041666666667,11.94,28.91,20.077083333333334,68.58333333333333,3.7725000000000004,5.57,1014.0833333333334,69.83333333333333,0.56,0.0,,Clouds,20-25°C,True,False
2022-05-16,25.263030888030887,180,25.76433372712588,233984.3228,19.415,15.4,25.09,19.533333333333335,81.29166666666667,2.9949999999999997,4.08,1017.5416666666666,85.16666666666667,0.39,0.0,,Clouds,15-20°C,True,False
2022-05-17,22.03185328185328,180,24.722954512122893,246667.4002,22.1975,14.84,28.16,22.40833333333333,71.29166666666667,2.1,3.1,1018.5833333333334,50.875,1.31,0.0,,Clouds,20-25°C,True,False
2022-05-18,21.73745173745174,240,26.29270271762819,230610.8329,22.26375,16.25,28.01,22.5825,76.16666666666667,2.935833333333333,4.57,1019.0833333333334,70.66666666666667,0.0,0.0,,Clouds,20-25°C,False,False
2022-05-19,20.779440154440156,210,25.473461675056374,237191.8328,21.682083333333335,17.98,25.61,21.89333333333333,76.125,2.700833333333333,5.07,1018.2916666666666,89.5,0.45,0.0,,Clouds,20-25°C,True,False
2022-05-20,23.20945945945946,180,25.039390451136374,238365.5001,17.097916666666666,11.5,23.23,17.049583333333334,83.75,3.05875,6.62,1019.4583333333334,85.5,2.87,0.0,,Clouds,15-20°C,True,False
2022-05-21,28.29391891891892,150,28.302566143433317,240974.5,17.292083333333334,10.04,23.59,17.020416666666666,74.41666666666667,1.5070833333333333,3.1,1021.9583333333334,78.20833333333333,0.0,0.0,,Clouds,15-20°C,False,False
2022-05-22,22.95608108108108,130,23.86201889236722,242361.9999,17.87333333333333,12.48,21.86,17.724166666666665,76.91666666666667,3.4075,5.28,1013.0,96.54166666666667,2.13,0.0,,Clouds,15-20°C,True,False
2022-05-23,23.902027027027028,150,24.7335107315543,232768.9996,15.768333333333333,13.37,17.82,15.880416666666667,95.0,4.851249999999999,7.33,1003.0416666666666,86.33333333333333,14.41,0.0,,Clouds,15-20°C,True,False
2022-05-24,28.074324324324323,180,31.49859587785178,241104.0,13.929166666666667,10.37,18.48,13.479166666666666,80.5,4.09625,5.8,1010.0,61.083333333333336,0.0,0.0,,Clouds,10-15°C,False,False
2022-05-25,30.2992277992278,210,31.833284928524833,242022.6658,14.8025,7.61,20.12,14.297916666666666,74.66666666666667,3.473333333333333,6.1,1018.6666666666666,62.625,0.0,0.0,,Clouds,10-15°C,False,False
2022-05-26,28.578667953667953,210,29.263774646792353,249205.5,16.47375,13.07,20.37,16.256249999999998,79.66666666666667,3.6008333333333336,3.96,1025.0,98.91666666666667,0.0,0.0,,Clouds,15-20°C,False,False
2022-05-27,29.12162162162162,180,29.40256028156779,258417.4999,16.035416666666666,12.09,21.52,15.694166666666668,76.58333333333333,3.4204166666666667,4.02,1025.125,70.08333333333333,0.27,0.0,,Clouds,15-20°C,True,False
2022-05-28,27.678571428571427,300,31.3180899231158,255983.4998,14.609583333333333,8.2,19.8,13.86625,69.91666666666667,3.27875,5.69,1021.7083333333334,44.166666666666664,0.0,0.0,,Clouds,10-15°C,False,False
2022-05-29,22.99469111969112,300,26.799260401902853,239226.3318,11.969583333333333,6.84,16.04,10.475833333333332,67.375,4.102916666666666,5.19,1015.875,42.416666666666664,0.0,0.0,,Clouds,10-15°C,False,False
2022-05-30,27.18388030888031,240,30.086331130745968,230711.3098,13.2325,6.45,18.5,11.974166666666667,67.54166666666667,2.6625,3.55,1012.8333333333334,52.583333333333336,0.0,0.0,,Clouds,10-15°C,False,False
2022-05-31,28.356660231660232,240,32.01980184710339,222423.4486,15.655416666666667,10.56,21.05,14.84375,60.041666666666664,2.21625,4.31,1013.2916666666666,39.666666666666664,0.0,0.0,,Clouds,15-20°C,False,False
2022-06-01,25.340250965250966,220,28.90012708899841,221169.6667,15.515,6.87,21.84,14.905416666666667,63.875,2.4470833333333335,4.61,1016.5416666666666,43.875,0.0,0.0,,Clouds,15-20°C,False,False
2022-06-02,25.267857142857142,200,28.84277246653998,215734.0001,17.591666666666665,8.88,23.96,16.77958333333333,60.0,3.9304166666666664,4.8,1017.5,44.125,0.27,0.0,,Clouds,15-20°C,True,False
2022-06-03,27.66891891891892,240,30.199648553523563,234731.0,17.8175,13.17,21.31,17.6025,74.54166666666667,2.4920833333333334,3.45,1014.8333333333334,82.54166666666667,0.49000000000000005,0.0,,Clouds,15-20°C,True,False
2022-06-04,25.530888030888033,210,27.533097796056914,210790.9991,19.524166666666666,14.87,28.15,19.762916666666666,82.875,2.18125,3.99,1015.2083333333334,87.54166666666667,2.01,0.0,,Clouds,15-20°C,True,False
2022-06-05,28.216698841698843,220,32.11734356560775,214783.2334,18.016666666666666,14.63,21.29,18.245416666666667,90.83333333333333,3.55875,5.64,1015.2916666666666,89.0,4.61,0.0,,Clouds,15-20°C,True,False
2022-06-06,27.579633204633204,180,30.734897525312668,239034.4658,16.950833333333332,12.24,20.81,16.73375,77.83333333333333,2.9287499999999995,4.09,1017.4583333333334,76.875,0.0,0.0,,Clouds,15-20°C,False,False
2022-06-07,30.21476833976834,200,31.58404076648473,237218.3018,17.942083333333333,14.95,22.39,17.879166666666666,79.95833333333333,4.057916666666666,6.49,1014.7083333333334,59.375,6.59,0.0,,Clouds,15-20°C,True,False
2022-06-08,23.897200772200772,130,26.92743888002726,222791.5062,16.1275,12.94,20.2,16.157500000000002,90.41666666666667,4.117916666666667,5.19,1010.375,76.375,26.41,0.0,,Clouds,15-20°C,True,False
2022-06-09,25.922619047619047,200,29.613991835327358,233006.97,16.455416666666668,10.95,21.25,16.167083333333334,77.0,3.5204166666666663,4.84,1018.5833333333334,75.79166666666667,0.55,0.0,,Clouds,15-20°C,True,False
2022-06-10,26.00503663003663,240,30.619792046242562,236400.9993,18.995,13.78,23.25,19.035833333333333,79.91666666666667,2.7116666666666664,4.63,1022.2916666666666,43.041666666666664,0.0,0.0,,Clouds,15-20°C,False,False
2022-06-11,26.000457875457876,170,28.728904902310372,245328.1665,19.8125,12.97,26.14,19.848333333333333,76.58333333333333,2.40375,3.57,1022.9166666666666,56.916666666666664,0.0,0.0,,Clouds,15-20°C,False,False
2022-06-12,22.309981684981686,180,25.543753544087036,251970.6669,18.530416666666667,12.01,24.49,18.182916666666667,66.75,3.2274999999999996,4.25,1023.7083333333334,40.875,0.0,0.0,,Clouds,15-20°C,False,False
2022-06-13,23.145604395604394,120,25.71772933778237,243547.4997,17.051666666666666,9.84,22.86,16.592499999999998,68.5,2.4475000000000002,3.62,1023.8333333333334,3.2916666666666665,0.0,0.0,,Clear,15-20°C,False,False
2022-06-14,22.66254578754579,180,27.744187559016027,244047.0,19.162916666666664,11.11,25.68,18.8725,66.54166666666667,2.95875,3.82,1019.4166666666666,40.25,0.0,0.0,,Clouds,15-20°C,False,False
2022-06-15,19.567307692307693,300,26.39524889723295,234662.4991,22.922916666666666,14.14,30.77,22.857083333333335,61.666666666666664,2.8179166666666666,4.15,1016.5,25.666666666666668,0.0,0.0,,Clouds,20-25°C,False,False
2022-06-16,21.531593406593405,150,24.668222849078752,244639.534,22.662499999999998,15.36,28.94,22.45125,60.958333333333336,2.54625,3.04,1020.875,59.25,0.0,0.0,,Clouds,20-25°C,False,False
2022-06-17,23.466117216117215,150,26.27431572510917,234997.9992,25.245416666666667,15.86,33.23,25.295416666666668,60.333333333333336,1.5983333333333334,3.27,1022.0416666666666,88.33333333333333,0.0,0.0,,Clouds,25-30°C,False,False
2022-06-18,20.620421245421245,240,26.499762997863705,223390.9977,27.962083333333336,18.46,35.83,29.603333333333335,64.54166666666667,2.721666666666667,5.25,1013.9583333333334,31.791666666666668,0.0,0.0,,Clouds,25-30°C,False,False
2022-06-19,18.18223443223443,180,22.734838198944566,239903.5001,19.43583333333333,15.28,23.47,19.408333333333335,75.54166666666667,3.9554166666666664,5.89,1009.25,73.91666666666667,5.3100000000000005,0.0,,Clouds,15-20°C,True,False
2022-06-20,23.424908424908423,180,25.01013706510684,0.0,17.388333333333332,14.6,22.0,17.423750000000002,85.83333333333333,3.651666666666667,4.9,1014.0833333333334,80.125,9.9,0.0,,Clouds,15-20°C,True,False
2022-06-21,22.511446886446887,180,25.5094650127149,249156.1512,20.049583333333334,13.88,26.3,20.100833333333334,77.58333333333333,2.59375,4.08,1011.5,85.375,0.45,0.0,,Clouds,20-25°C,True,False
2022-06-22,21.973443223443223,240,27.033804695097913,252405.3231,19.76,15.42,24.5,19.909583333333334,81.125,2.2970833333333336,3.13,1009.9583333333334,98.20833333333333,4.5,0.0,,Clouds,15-20°C,True,False
2022-06-23,24.77106227106227,180,27.80597927320625,246397.502,22.354583333333334,17.7,27.6,22.718333333333334,76.41666666666667,2.4475000000000002,4.54,1010.0833333333334,76.875,0.0,0.0,,Clouds,20-25°C,False,False
2022-06-24,24.157509157509157,180,27.177921242180798,252197.0,19.990416666666665,16.98,23.26,20.18583333333333,82.0,3.9104166666666664,6.87,1008.8333333333334,78.125,5.61,0.0,,Clouds,15-20°C,True,False
2022-06-25,19.78937728937729,190,25.14550522745348,247172.3333,16.507916666666667,13.44,18.72,16.51125,87.95833333333333,2.86375,5.55,1011.75,92.75,12.44,0.0,,Clouds,15-20°C,True,False
2022-06-26,19.677197802197803,240,25.09849972110614,253381.1666,16.474166666666665,12.14,20.79,16.370416666666667,84.0,1.7529166666666667,3.13,1015.1666666666666,91.33333333333333,0.39,0.0,,Clouds,15-20°C,True,False
2022-06-27,21.36675824175824,180,24.76314946708616,252580.6665,18.193749999999998,14.04,23.46,17.984166666666667,73.33333333333333,2.2470833333333333,4.13,1018.2083333333334,69.66666666666667,3.22,0.0,,Clouds,15-20°C,True,False
2022-06-28,21.591117216117215,245,27.442905939946733,249154.4988,19.885,11.55,27.11,19.675,65.58333333333333,2.01625,2.9,1018.625,41.083333333333336,0.0,0.0,,Clouds,15-20°C,False,False
2022-06-29,20.924908424908423,210,29.421290175862723,244184.0,20.21125,12.12,26.96,20.050833333333333,66.66666666666667,2.7016666666666667,5.61,1013.75,45.833333333333336,0.0,0.0,,Clouds,20-25°C,False,False
2022-06-30,15.064102564102564,180,22.271808457457055,232484.4998,14.300416666666665,12.01,16.32,14.241666666666667,94.04166666666667,1.9179166666666667,3.37,1014.875,84.5,14.75,0.0,,Rain,10-15°C,True,False
2022-07-01,17.92124542124542,180,22.329544223264275,253107.8336,16.103333333333335,9.49,21.37,15.706249999999999,76.83333333333333,2.557916666666667,3.54,1019.9166666666666,71.08333333333333,0.0,0.0,,Clouds,15-20°C,False,False
2022-07-02,19.917582417582416,120,22.633379944091782,251837.4993,19.365,10.09,26.71,19.17625,69.0,1.9666666666666668,2.67,1019.9583333333334,40.958333333333336,0.0,0.0,,Clouds,15-20°C,False,False
2022-07-03,18.997252747252748,180,23.0318147536369,251014.5173,18.702916666666667,11.91,24.38,18.443749999999998,69.5,3.1566666666666667,4.12,1020.2916666666666,31.166666666666668,0.0,0.0,,Clouds,15-20°C,False,False
2022-07-04,21.56135531135531,160,23.125816308413807,250579.5068,19.143333333333334,10.9,26.02,18.875416666666666,66.58333333333333,2.200416666666667,4.07,1021.375,15.0,0.0,0.0,,Clouds,15-20°C,False,False
2022-07-05,22.978479853479854,130,25.169148240606646,246827.3845,19.148333333333333,11.02,25.83,18.87125,67.125,3.0887499999999997,4.67,1023.6666666666666,6.458333333333333,0.0,0.0,,Clear,15-20°C,False,False
2022-07-06,22.42216117216117,210,28.228233214901095,238610.045,19.674583333333334,11.73,26.26,19.400833333333335,64.41666666666667,2.9408333333333334,4.79,1026.0,31.0,0.0,0.0,,Clear,15-20°C,False,False
2022-07-07,19.51694139194139,160,23.62446084737455,247532.3343,18.02625,13.95,21.3,17.940833333333334,78.75,4.065416666666667,5.59,1027.1666666666667,57.458333333333336,0.12,0.0,,Clouds,15-20°C,True,False
2022-07-08,16.662087912087912,180,21.012687536524535,247729.4998,19.157083333333333,10.35,26.92,18.896666666666665,66.83333333333333,2.8325,3.78,1030.6666666666667,6.083333333333333,0.0,0.0,,Clear,15-20°C,False,False
2022-07-09,16.602564102564102,200,21.41299310630138,248108.5,21.806250000000002,14.2,29.04,21.745,65.375,3.36125,5.76,1027.25,43.416666666666664,0.0,0.0,,Clouds,20-25°C,False,False
2022-07-10,16.675824175824175,180,20.871051032326864,246835.9999,20.157916666666665,12.79,26.71,19.930833333333332,64.41666666666667,4.1125,4.96,1025.2083333333333,3.8333333333333335,0.0,0.0,,Clear,20-25°C,False,False
2022-07-11,20.94322344322344,180,22.997509870448834,239106.0,22.962083333333336,14.54,29.65,23.01625,63.791666666666664,3.1283333333333334,3.82,1022.125,26.708333333333332,0.0,0.0,,Clear,20-25°C,False,False
2022-07-12,23.75686813186813,120,26.40118177245375,244215.3323,24.941666666666666,16.19,32.59,24.717083333333335,59.375,2.2195833333333335,3.27,1022.9583333333334,76.45833333333333,0.0,0.0,,Clouds,20-25°C,False,False
2022-07-13,19.68864468864469,150,23.398676589545225,237394.7075,26.97458333333333,18.28,35.63,27.00791666666667,54.916666666666664,1.9870833333333333,3.11,1020.7083333333334,50.5,0.0,0.0,,Clouds,25-30°C,False,False
2022-07-14,18.537087912087912,180,22.40724757472451,241029.5001,24.568749999999998,18.79,31.01,24.43375,57.791666666666664,3.7116666666666664,5.84,1019.0833333333334,34.541666666666664,0.0,0.0,,Clouds,20-25°C,False,False
2022-07-15,21.56135531135531,180,24.62290754543349,256616.5105,20.85625,14.66,26.67,20.47625,54.375,3.6337499999999996,4.91,1022.0833333333334,12.083333333333334,0.0,0.0,,Clear,20-25°C,False,False
2022-07-16,20.12615859938208,180,23.64835652162113,237569.6667,21.756249999999998,12.93,28.66,21.350416666666664,56.208333333333336,3.0545833333333334,4.47,1023.25,15.958333333333334,0.0,0.0,,Clear,20-25°C,False,False
2022-07-17,14.913003663003662,180,18.297729467418495,253455.8335,23.700833333333335,14.73,31.34,23.160833333333333,52.458333333333336,3.105,3.93,1023.9166666666666,53.625,0.0,0.0,,Clouds,20-25°C,False,False
2022-07-18,19.461996336996336,155,22.049094075788517,230818.6665,28.07375,16.73,38.07,27.62625,44.541666666666664,2.5875,3.79,1019.7916666666666,26.5,0.0,0.0,,Clear,25-30°C,False,False
2022-07-19,21.774267399267398,210,25.776975328578985,214431.6665,30.377499999999998,20.95,39.66,30.798333333333332,44.875,4.4475,6.02,1013.875,23.5,1.07,0.0,,Clear,>30°C,True,False
2022-07-20,22.417582417582416,150,25.794611119758912,252553.9997,20.017916666666668,17.71,24.5,20.404166666666665,89.16666666666667,2.895,5.37,1018.5,76.79166666666667,8.94,0.0,,Clouds,20-25°C,True,False
2022-07-21,22.83882783882784,150,24.852282485811774,274139.3331,21.22041666666667,16.5,25.86,21.4875,80.04166666666667,2.8191666666666664,4.5,1020.9166666666666,55.916666666666664,0.0,0.0,,Clouds,20-25°C,False,False
2022-07-22,21.826923076923077,195,24.541238087981824,261622.0002,20.585,15.78,25.24,20.92833333333333,85.375,2.6954166666666666,4.09,1017.875,78.41666666666667,3.4899999999999998,0.0,,Clouds,20-25°C,True,False
2022-07-23,22.11996336996337,300,26.611889386317596,269705.5001,21.707083333333333,17.39,27.0,22.089166666666667,80.33333333333333,2.080416666666667,2.94,1019.375,82.125,0.0,0.0,,Clouds,20-25°C,False,False
2022-07-24,19.081959706959708,180,22.19963486194925,257840.834,24.897916666666664,16.07,32.56,25.453333333333333,68.33333333333333,2.23375,2.92,1016.6666666666666,26.666666666666668,0.0,0.0,,Clouds,20-25°C,False,False
2022-07-25,24.906135531135533,200,25.38079895249035,262886.5,22.68958333333333,17.51,26.85,22.826666666666668,67.79166666666667,4.442916666666666,6.91,1013.5416666666666,60.583333333333336,0.11,0.0,,Clouds,20-25°C,True,False
2022-07-26,25.4235347985348,300,27.818313341650246,275776.3334,19.101666666666667,15.92,22.48,19.017916666666668,74.66666666666667,3.00375,4.06,1018.75,76.5,0.19,0.0,,Clouds,15-20°C,True,False
2022-07-27,25.01831501831502,300,28.472320763437978,275553.9998,19.7025,13.7,24.84,19.390833333333333,63.666666666666664,3.0262499999999997,4.53,1017.9166666666666,52.583333333333336,0.0,0.0,,Clouds,15-20°C,False,False
2022-07-28,24.097985347985347,180,26.107823143416613,267622.1671,20.58416666666667,14.49,26.6,20.284166666666668,57.708333333333336,2.6999999999999997,4.03,1015.0,69.58333333333333,0.1,0.0,,Clouds,20-25°C,True,False
2022-07-29,23.019688644688646,200,25.72236410780854,263112.1674,22.140416666666667,13.52,29.05,21.853333333333335,58.708333333333336,1.7679166666666666,2.91,1016.9166666666666,44.041666666666664,0.52,0.0,,Clouds,20-25°C,True,False
2022-07-30,20.56547619047619,200,24.24798055737318,274342.6668,23.629583333333333,15.56,30.14,23.538750000000004,60.875,2.2845833333333334,3.7,1019.125,70.75,0.0,0.0,,Clouds,20-25°C,False,False
2022-07-31,19.775641025641026,300,22.869003601940417,273756.9998,22.492083333333337,16.14,29.05,22.684166666666666,69.41666666666667,2.8183333333333334,4.16,1019.125,22.208333333333332,0.0,0.0,,Clouds,20-25°C,False,False
2022-08-01,21.943681318681318,150,22.485543508695685,277789.0003,21.955416666666665,17.5,26.71,22.230416666666667,76.0,1.8754166666666665,2.65,1018.8333333333334,64.20833333333333,0.31,0.0,,Clouds,20-25°C,True,False
2022-08-02,24.860347985347985,300,27.685429522576207,267139.0001,24.008333333333336,15.86,31.1,24.332916666666666,68.95833333333333,1.6629166666666666,2.92,1017.6666666666666,53.875,0.0,0.0,,Clouds,20-25°C,False,False
2022-08-03,24.221611721611723,300,28.151777138963677,262090.3334,27.089583333333334,17.66,35.25,27.524583333333336,60.0,1.6291666666666667,2.34,1014.0,12.916666666666666,0.0,0.0,,Clear,25-30°C,False,False
2022-08-04,25.85164835164835,240,28.923390161371227,270699.0,23.155833333333334,18.35,29.85,23.491249999999997,71.625,2.892916666666667,4.96,1013.75,75.83333333333333,5.18,0.0,,Clouds,20-25°C,True,False
2022-08-05,24.743589743589745,240,28.406740877508454,270919.8334,20.261666666666667,15.38,25.94,20.229583333333334,72.25,4.2941666666666665,6.17,1019.4166666666666,37.458333333333336,0.0,0.0,,Clouds,20-25°C,False,False
2022-08-06,23.003663003663004,180,26.314249910874388,268290.3334,18.844166666666666,11.82,24.83,18.187916666666666,53.708333333333336,4.82625,5.95,1025.2083333333333,7.291666666666667,0.0,0.0,,Clear,15-20°C,False,False
2022-08-07,23.763736263736263,240,27.438033194045275,263660.932,20.575833333333332,13.19,27.12,20.089583333333334,51.875,4.9470833333333335,5.5,1022.7083333333334,16.166666666666668,0.0,0.0,,Clear,20-25°C,False,False
2022-08-08,26.407967032967033,180,28.75684707147623,274910.331,22.107083333333335,14.09,28.82,21.654583333333335,53.291666666666664,4.722916666666666,5.49,1022.5833333333334,0.0,0.0,0.0,,Clear,20-25°C,False,False
2022-08-09,26.137820512820515,300,27.150498561907952,260249.334,23.745,15.56,30.94,23.376666666666665,55.125,4.455,5.63,1023.2083333333334,0.0,0.0,0.0,,Clear,20-25°C,False,False
2022-08-10,25.38919413919414,180,27.48021555409522,265724.796,25.480416666666667,16.79,32.42,24.91875,48.416666666666664,3.95125,5.14,1020.625,3.1666666666666665,0.0,0.0,,Clear,25-30°C,False,False
2022-08-11,26.293498168498168,240,30.848594159967075,258000.5,25.567916666666665,17.17,32.28,24.855,44.916666666666664,4.010833333333333,5.66,1017.875,0.4166666666666667,0.0,0.0,,Clear,25-30°C,False,False
2022-08-12,22.303113553113555,180,25.87157169737587,269776.0001,25.907916666666665,16.75,33.73,25.15625,45.833333333333336,3.5875,5.06,1014.6666666666666,0.0,0.0,0.0,,Clear,25-30°C,False,False
2022-08-13,23.791208791208792,180,26.07609632315246,265343.833,25.479166666666668,17.02,32.53,24.656666666666666,43.416666666666664,3.4762500000000003,4.75,1012.2083333333334,18.291666666666668,0.0,0.0,,Clear,25-30°C,False,False
2022-08-14,22.26419413919414,180,27.444430674943423,271851.5,21.548333333333332,17.22,28.65,21.542916666666667,67.08333333333333,4.2091666666666665,7.03,1007.4166666666666,97.125,0.0,0.0,,Clouds,20-25°C,False,False
2022-08-15,22.463369963369964,240,25.8877830424947,282149.1664,20.282083333333333,15.82,25.4,20.565416666666668,84.25,3.2725000000000004,5.37,1006.0416666666666,66.375,0.0,0.0,,Clouds,20-25°C,False,False
2022-08-16,24.72069597069597,200,27.606285877422966,255731.8363,20.904583333333335,16.75,27.23,21.12333333333333,77.625,2.50125,3.38,1008.5833333333334,88.75,0.0,0.0,,Clouds,20-25°C,False,False
2022-08-17,22.815934065934066,180,25.038056288564952,267448.0291,20.151666666666667,17.1,26.09,20.253333333333334,77.25,2.1104166666666666,3.5,1010.5,78.625,0.0,0.0,,Clouds,20-25°C,False,False
2022-08-18,23.282967032967033,210,25.802388025907597,271019.2081,21.57375,15.35,28.2,21.739583333333332,70.54166666666667,2.361666666666667,4.2,1013.5,89.54166666666667,0.0,0.0,,Clouds,20-25°C,False,False
